Date,Team,ELO,Opponent,Opp ELO,Delta,Win %,Tie %,Loss %,GF,GA,Result,+/- ELO,ELO Post Game
05/11/26,Monarchs 6,2626,Wranglers,2639,-13,45.3,5.6,49.1,5,1,Win,77,2703
05/11/26,Wranglers,2639,Monarchs 6,2626,13,49.1,5.6,45.3,1,5,Loss,-77,2562
05/11/26,Rainier Reindeer HC-6,2665,Dirty Couch Hockey Club,2755,-90,34.7,5.2,60.0,2,8,Loss,-55,2610
05/11/26,Dirty Couch Hockey Club,2755,Rainier Reindeer HC-6,2665,90,60.0,5.2,34.7,8,2,Win,55,2810
05/11/26,Real Bacon,2391,Greenhorns,2498,-107,32.5,5.1,62.4,1,4,Loss,-43,2348
05/11/26,Greenhorns,2498,Real Bacon,2391,107,62.4,5.1,32.5,4,1,Win,43,2541
05/11/26,Hackers,2365,Honey Badgers,2470,-105,32.8,5.1,62.1,6,7,Loss,-25,2340
05/11/26,Honey Badgers,2470,Hackers,2365,105,62.1,5.1,32.8,7,6,Win,25,2495
05/11/26,Jokres,2733,Icemen,2445,288,82.5,3.0,14.5,1,2,Loss,-62,2671
05/11/26,Icemen,2445,Jokres,2733,-288,14.5,3.0,82.5,2,1,Win,62,2507
05/11/26,Seattle Warriors,2635,Flying Monkeys,2646,-11,45.6,5.6,48.8,2,3,Loss,-34,2601
05/11/26,Flying Monkeys,2646,Seattle Warriors,2635,11,48.8,5.6,45.6,3,2,Win,34,2680
05/11/26,Piranhas,2916,Stingers,3098,-182,23.8,4.3,71.9,4,4,Tie,20,2936
05/11/26,Stingers,3098,Piranhas,2916,182,71.9,4.3,23.8,4,4,Tie,-20,3078
05/11/26,Highlanders,2670,Brewzers OGB,2618,52,54.7,5.5,39.8,3,4,Loss,-41,2629
05/11/26,Brewzers OGB,2618,Highlanders,2670,-52,39.8,5.5,54.7,4,3,Win,41,2659
05/11/26,PussyCats,2626,Midnight Twist,2944,-318,12.5,2.7,84.8,1,4,Loss,-16,2610
05/11/26,Midnight Twist,2944,PussyCats,2626,318,84.8,2.7,12.5,4,1,Win,16,2960
05/11/26,Squids,2706,Monarchs 5,2553,153,68.4,4.6,27.0,10,3,Win,53,2759
05/11/26,Monarchs 5,2553,Squids,2706,-153,27.0,4.6,68.4,3,10,Loss,-53,2500
05/11/26,Not Sure 6,2354,Seattle Seals,1873,481,93.5,1.2,5.3,5,0,Win,10,2364
05/11/26,Seattle Seals,1873,Not Sure 6,2354,-481,5.3,1.2,93.5,0,5,Loss,-10,1863
05/11/26,Alpuckas,2997,TP6/Fossils,2593,404,90.2,1.8,8.0,9,2,Win,17,3014
05/11/26,TP6/Fossils,2593,Alpuckas,2997,-404,8.0,1.8,90.2,2,9,Loss,-17,2576
05/11/26,Chucklepucks,2466,Seattle Freeze,2222,244,78.5,3.5,17.9,7,3,Win,30,2496
05/11/26,Seattle Freeze,2222,Chucklepucks,2466,-244,17.9,3.5,78.5,3,7,Loss,-30,2192
05/11/26,Trash Pandas 7/Coyotes,2553,Raiders,2449,104,62.0,5.1,32.9,3,2,Win,29,2582
05/11/26,Raiders,2449,Trash Pandas 7/Coyotes,2553,-104,32.9,5.1,62.0,2,3,Loss,-29,2420
05/11/26,Blades,2356,Barrel Aged Brewzers,2479,-123,30.5,5.0,64.5,5,3,Win,78,2434
05/11/26,Barrel Aged Brewzers,2479,Blades,2356,123,64.5,5.0,30.5,3,5,Loss,-78,2401
05/11/26,Trash Pandas Garbage Legacy,2211,Mudflaps,2273,-62,38.5,5.4,56.1,3,3,Tie,9,2220
05/11/26,Mudflaps,2273,Trash Pandas Garbage Legacy,2211,62,56.1,5.4,38.5,3,3,Tie,-9,2264
05/12/26,BSOD,2945,Not Sure 5,3164,-219,20.2,3.9,76.0,4,5,Loss,-15,2930
05/12/26,Not Sure 5,3164,BSOD,2945,219,76.0,3.9,20.2,5,4,Win,15,3179
05/12/26,The Seals,2852,Black Katz,2787,65,56.5,5.4,38.0,3,1,Win,49,2901
05/12/26,Black Katz,2787,The Seals,2852,-65,38.0,5.4,56.5,1,3,Loss,-49,2738
05/12/26,Seagulls,2839,Yetis,3030,-191,22.9,4.2,72.9,5,5,Tie,20,2859
05/12/26,Yetis,3030,Seagulls,2839,191,72.9,4.2,22.9,5,5,Tie,-20,3010
05/12/26,Reapers,2867,Renegades,2948,-81,35.9,5.3,58.8,2,7,Loss,-54,2813
05/12/26,Renegades,2948,Reapers,2867,81,58.8,5.3,35.9,7,2,Win,54,3002
05/12/26,WKUTP-5,3184,Five Hole Fiends,2893,291,82.7,3.0,14.3,7,4,Win,23,3207
05/12/26,Five Hole Fiends,2893,WKUTP-5,3184,-291,14.3,3.0,82.7,4,7,Loss,-23,2870
05/12/26,Skateful Dead,3364,Chinooks,3528,-164,25.7,4.5,69.7,3,6,Loss,-34,3330
05/12/26,Chinooks,3528,Skateful Dead,3364,164,69.7,4.5,25.7,6,3,Win,34,3562
05/13/26,Dumpster Fire,3093,Ice-O-Topes,2853,240,78.1,3.6,18.3,7,0,Win,37,3130
05/13/26,Ice-O-Topes,2853,Dumpster Fire,3093,-240,18.3,3.6,78.1,0,7,Loss,-37,2816
05/13/26,Skeletons,3386,Dead Rabbits,3192,194,73.3,4.2,22.6,4,2,Win,30,3416
05/13/26,Dead Rabbits,3192,Skeletons,3386,-194,22.6,4.2,73.3,2,4,Loss,-30,3162
05/13/26,Hooligans,3420,Edible Arrangements,3217,203,74.3,4.1,21.7,3,3,Tie,-18,3402
05/13/26,Edible Arrangements,3217,Hooligans,3420,-203,21.7,4.1,74.3,3,3,Tie,18,3235
05/13/26,Screaming Eagles,3492,Kraken Up,3289,203,74.3,4.1,21.7,7,2,Win,39,3531
05/13/26,Kraken Up,3289,Screaming Eagles,3492,-203,21.7,4.1,74.3,2,7,Loss,-39,3250
05/13/26,Buck Wild,3509,Schilling Cider,3225,284,82.2,3.1,14.8,5,5,Tie,-24,3485
05/13/26,Schilling Cider,3225,Buck Wild,3509,-284,14.8,3.1,82.2,5,5,Tie,24,3249
05/13/26,Wolves,3290,DevilFish,3250,40,53.0,5.5,41.5,5,4,Win,35,3325
05/13/26,DevilFish,3250,Wolves,3290,-40,41.5,5.5,53.0,4,5,Loss,-35,3215
05/13/26,Amigos,3034,Top Cheddar,2835,199,73.8,4.1,22.1,5,5,Tie,-18,3016
05/13/26,Top Cheddar,2835,Amigos,3034,-199,22.1,4.1,73.8,5,5,Tie,18,2853
05/13/26,Offspring,2932,Sockeyes,2932,0,47.2,5.6,47.2,1,1,Tie,2,2934
05/13/26,Sockeyes,2932,Offspring,2932,0,47.2,5.6,47.2,1,1,Tie,-2,2930
05/13/26,Greasy Weasels,3225,Mighty Mallards,3380,-155,26.8,4.6,68.6,2,2,Tie,17,3242
05/13/26,Mighty Mallards,3380,Greasy Weasels,3225,155,68.6,4.6,26.8,2,2,Tie,-17,3363
05/13/26,Coconut Corgis,3461,Night Owls,3481,-20,44.3,5.6,50.1,13,5,Win,99,3560
05/13/26,Night Owls,3481,Coconut Corgis,3461,20,50.1,5.6,44.3,5,13,Loss,-99,3382
05/14/26,Rhinos,4008,Eagles,3959,49,54.3,5.5,40.2,3,6,Loss,-71,3937
05/14/26,Eagles,3959,Rhinos,4008,-49,40.2,5.5,54.3,6,3,Win,71,4030
05/14/26,LLUA,3399,Moose Knuckle,3297,102,61.7,5.1,33.2,7,1,Win,61,3460
05/14/26,Moose Knuckle,3297,LLUA,3399,-102,33.2,5.1,61.7,1,7,Loss,-61,3236
05/14/26,The Mighty Geoducks,4203,Pheasants,4011,192,73.0,4.2,22.8,1,5,Loss,-103,4100
05/14/26,Pheasants,4011,The Mighty Geoducks,4203,-192,22.8,4.2,73.0,5,1,Win,103,4114
05/14/26,Shockers,3466,Maple Bars,3584,-118,31.1,5.0,63.9,4,2,Win,77,3543
05/14/26,Maple Bars,3584,Shockers,3466,118,63.9,5.0,31.1,2,4,Loss,-77,3507
05/14/26,Fighting Narwhals,4078,Chiefs,4160,-82,35.8,5.3,58.9,2,8,Loss,-57,4021
05/14/26,Chiefs,4160,Fighting Narwhals,4078,82,58.9,5.3,35.8,8,2,Win,57,4217
05/14/26,Seattle Supernova,4253,Minner''s Minions,4317,-64,38.2,5.4,56.4,0,8,Loss,-68,4185
05/14/26,Minner''s Minions,4317,Seattle Supernova,4253,64,56.4,5.4,38.2,8,0,Win,68,4385
05/14/26,Falcons,4358,ALTP,4524,-166,25.5,4.5,70.0,8,3,Win,112,4470
05/14/26,ALTP,4524,Falcons,4358,166,70.0,4.5,25.5,3,8,Loss,-112,4412
05/14/26,ESB,4390,NW Stars,4265,125,64.8,4.9,30.3,1,5,Loss,-91,4299
05/14/26,NW Stars,4265,ESB,4390,-125,30.3,4.9,64.8,5,1,Win,91,4356
05/14/26,Sabercats,3640,Goal Diggers,3777,-137,28.8,4.8,66.3,6,2,Win,100,3740
05/14/26,Goal Diggers,3777,Sabercats,3640,137,66.3,4.8,28.8,2,6,Loss,-100,3677
05/14/26,Puckbuddies,3784,MMHC,3876,-92,34.4,5.2,60.3,5,2,Win,86,3870
05/14/26,MMHC,3876,Puckbuddies,3784,92,60.3,5.2,34.4,2,5,Loss,-86,3790
05/14/26,Steelhead,3420,Boozin Cougs,3894,-474,5.5,1.3,93.2,3,13,Loss,-11,3409
05/14/26,Boozin Cougs,3894,Steelhead,3420,474,93.2,1.3,5.5,13,3,Win,11,3905
05/14/26,The Herd,3776,Sasquatch,3772,4,47.8,5.6,46.6,6,5,Win,39,3815
05/14/26,Sasquatch,3772,The Herd,3776,-4,46.6,5.6,47.8,5,6,Loss,-39,3733
05/14/26,Northwest Crabs,4314,Red Dog,4071,243,78.4,3.6,18.0,9,4,Win,32,4346
05/14/26,Red Dog,4071,Northwest Crabs,4314,-243,18.0,3.6,78.4,4,9,Loss,-32,4039
05/14/26,Mavericks,4103,The Brigade,4135,-32,42.6,5.6,51.8,5,2,Win,75,4178
05/14/26,The Brigade,4135,Mavericks,4103,32,51.8,5.6,42.6,2,5,Loss,-75,4060
05/17/26,Red Zeppelin,1283,Khaos,1378,-95,34.1,5.2,60.7,0,9,Loss,-64,1219
05/17/26,Khaos,1378,Red Zeppelin,1283,95,60.7,5.2,34.1,9,0,Win,64,1442
05/17/26,Tropical Punchers,1226,Spicy Kittens HC-9,1238,-12,45.5,5.6,48.9,6,2,Win,77,1303
05/17/26,Spicy Kittens HC-9,1238,Tropical Punchers,1226,12,48.9,5.6,45.5,2,6,Loss,-77,1161
05/17/26,Fighting Clams,1419,Rainier Reindeers HC-9,1293,126,64.9,4.9,30.2,5,5,Tie,-11,1408
05/17/26,Rainier Reindeers HC-9,1293,Fighting Clams,1419,-126,30.2,4.9,64.9,5,5,Tie,11,1304
05/17/26,Barrel Aged Brewzers,2401,Raiders,2420,-20,44.4,5.6,50.0,7,2,Win,83,2484
05/17/26,Raiders,2420,Barrel Aged Brewzers,2401,20,50.0,5.6,44.4,2,7,Loss,-83,2337
05/17/26,Blades,2434,Trash Pandas 7/Coyotes,2582,-147,27.6,4.7,67.7,3,3,Tie,17,2451
05/17/26,Trash Pandas 7/Coyotes,2582,Blades,2434,147,67.7,4.7,27.6,3,3,Tie,-17,2565
05/17/26,Yacht Flippers,1381,Gremlins Hockey,1433,-52,39.8,5.5,54.7,5,0,Win,90,1471
05/17/26,Gremlins Hockey,1433,Yacht Flippers,1381,52,54.7,5.5,39.8,0,5,Loss,-90,1343
05/17/26,Orange Crush,1448,Purple Puck Eaters,1069,379,88.8,2.0,9.1,8,0,Win,20,1468
05/17/26,Purple Puck Eaters,1069,Orange Crush,1448,-379,9.1,2.0,88.8,0,8,Loss,-20,1049
05/17/26,Beer Dragons,860,Banana Guardians,985,-125,30.3,4.9,64.8,6,2,Win,98,958
05/17/26,Banana Guardians,985,Beer Dragons,860,125,64.8,4.9,30.3,2,6,Loss,-98,887
05/17/26,Purple Reign,1352,Mighty Moose,1444,-92,34.4,5.2,60.3,3,0,Win,86,1438
05/17/26,Mighty Moose,1444,Purple Reign,1352,92,60.3,5.2,34.4,0,3,Loss,-86,1358
05/17/26,Mudflaps,2264,Seattle Freeze,2192,73,57.6,5.4,37.0,2,4,Loss,-65,2200
05/17/26,Seattle Freeze,2192,Mudflaps,2264,-73,37.0,5.4,57.6,4,2,Win,65,2257
05/17/26,Ice Breakers,985,Doom Clouds/Golden Mules,985,0,47.2,5.6,47.2,5,2,Win,69,1054
05/17/26,Doom Clouds/Golden Mules,985,Ice Breakers,985,0,47.2,5.6,47.2,2,5,Loss,-69,916
05/17/26,Seattle Dogs,1764,Pond Pigeons,1714,50,54.4,5.5,40.1,4,3,Win,34,1798
05/17/26,Pond Pigeons,1714,Seattle Dogs,1764,-50,40.1,5.5,54.4,3,4,Loss,-34,1680
05/17/26,Quacken,1829,LKI,1950,-121,30.8,5.0,64.3,2,0,Win,78,1907
05/17/26,LKI,1950,Quacken,1829,121,64.3,5.0,30.8,0,2,Loss,-78,1872
05/17/26,Not Sure 6,2364,Fluffy Bunnies,2153,211,75.1,4.0,20.9,2,1,Win,19,2382
05/17/26,Fluffy Bunnies,2153,Not Sure 6,2364,-211,20.9,4.0,75.1,1,2,Loss,-19,2134
05/17/26,Trash Pandas Garbage Legacy,2220,Chucklepucks,2496,-277,15.3,3.1,81.5,2,5,Loss,-20,2200
05/17/26,Chucklepucks,2496,Trash Pandas Garbage Legacy,2220,277,81.5,3.1,15.3,5,2,Win,20,2516
05/17/26,Iced Awesome,1907,Roughnecks Mobile Infantry,1930,-23,43.9,5.6,50.5,4,4,Tie,5,1912
05/17/26,Roughnecks Mobile Infantry,1930,Iced Awesome,1907,23,50.5,5.6,43.9,4,4,Tie,-5,1925
05/17/26,The Axolotls,1002,Maelstrom,1022,-20,44.3,5.6,50.1,1,1,Tie,4,1006
05/17/26,Maelstrom,1022,The Axolotls,1002,20,50.1,5.6,44.3,1,1,Tie,-4,1018
05/17/26,Hampton West Hockey Club,2247,Seattle Seals,1863,384,89.1,2.0,8.9,6,2,Win,15,2262
05/17/26,Seattle Seals,1863,Hampton West Hockey Club,2247,-384,8.9,2.0,89.1,2,6,Loss,-15,1848
05/17/26,Toe Dragons,1561,Pythons,1651,-90,34.7,5.2,60.0,6,2,Win,92,1653
05/17/26,Pythons,1651,Toe Dragons,1561,90,60.0,5.2,34.7,2,6,Loss,-92,1559
05/17/26,Los Tigres,2132,Birrds,2006,126,64.9,4.9,30.2,6,1,Win,53,2185
05/17/26,Birrds,2006,Los Tigres,2132,-126,30.2,4.9,64.9,1,6,Loss,-53,1953
05/17/26,Seattle Slapshots,1676,Blackbirds,1612,64,56.4,5.4,38.2,3,4,Loss,-42,1634
05/17/26,Blackbirds,1612,Seattle Slapshots,1676,-64,38.2,5.4,56.4,4,3,Win,42,1654
05/17/26,Hungry Hatchlings,1502,SEA Cucumbers,1571,-69,37.5,5.4,57.1,3,1,Win,70,1572
05/17/26,SEA Cucumbers,1571,Hungry Hatchlings,1502,69,57.1,5.4,37.5,1,3,Loss,-70,1501
05/17/26,Blackouts,1636,Seal Team Sticks,1815,-179,24.1,4.3,71.5,3,3,Tie,19,1655
05/17/26,Seal Team Sticks,1815,Blackouts,1636,179,71.5,4.3,24.1,3,3,Tie,-19,1796
05/17/26,Spittin'' Llamas,1658,Lagooners,1991,-333,11.6,2.5,85.9,4,5,Loss,-9,1649
05/17/26,Lagooners,1991,Spittin'' Llamas,1658,333,85.9,2.5,11.6,5,4,Win,9,2000
05/17/26,Glow Sticks,1863,BLU Bombers,1908,-45,40.8,5.5,53.7,2,5,Loss,-54,1809
05/17/26,BLU Bombers,1908,Glow Sticks,1863,45,53.7,5.5,40.8,5,2,Win,54,1962
05/17/26,Nordekes,1756,Spicy Kittens HC-8,1711,45,53.7,5.5,40.8,2,2,Tie,-3,1753
05/17/26,Spicy Kittens HC-8,1711,Nordekes,1756,-45,40.8,5.5,53.7,2,2,Tie,3,1714
05/18/26,PussyCats,2610,Brewzers OGB,2659,-49,40.2,5.5,54.3,8,5,Win,78,2688
05/18/26,Brewzers OGB,2659,PussyCats,2610,49,54.3,5.5,40.2,5,8,Loss,-78,2581
05/18/26,Seattle Warriors,2601,Icemen,2507,94,60.6,5.2,34.2,5,6,Loss,-45,2555
05/18/26,Icemen,2507,Seattle Warriors,2601,-94,34.2,5.2,60.6,6,5,Win,45,2552
05/18/26,Midnight Twist,2960,Offspring,2934,26,51.0,5.6,43.4,3,3,Tie,-1,2960
05/18/26,Offspring,2934,Midnight Twist,2960,-26,43.4,5.6,51.0,3,3,Tie,1,2935
05/18/26,The Seals,2901,Squids,2759,142,66.9,4.8,28.3,5,1,Win,47,2947
05/18/26,Squids,2759,The Seals,2901,-142,28.3,4.8,66.9,1,5,Loss,-47,2713
05/18/26,TP6/Fossils,2576,Jokres,2671,-95,34.1,5.2,60.7,5,4,Win,49,2626
05/18/26,Jokres,2671,TP6/Fossils,2576,95,60.7,5.2,34.1,4,5,Loss,-49,2622
05/18/26,Dirty Couch Hockey Club,2810,Honey Badgers,2495,316,84.7,2.7,12.6,3,5,Loss,-95,2715
05/18/26,Honey Badgers,2495,Dirty Couch Hockey Club,2810,-316,12.6,2.7,84.7,5,3,Win,95,2590
05/18/26,Black Katz,2738,Monarchs 5,2500,238,78.0,3.6,18.4,4,2,Win,25,2763
05/18/26,Monarchs 5,2500,Black Katz,2738,-238,18.4,3.6,78.0,2,4,Loss,-25,2475
05/18/26,Sockeyes,2930,Piranhas,2936,-6,46.4,5.6,48.0,4,1,Win,70,3000
05/18/26,Piranhas,2936,Sockeyes,2930,6,48.0,5.6,46.4,1,4,Loss,-70,2865
05/18/26,Highlanders,2629,Flying Monkeys,2680,-51,39.9,5.5,54.6,4,0,Win,84,2713
05/18/26,Flying Monkeys,2680,Highlanders,2629,51,54.6,5.5,39.9,0,4,Loss,-84,2596
05/18/26,Monarchs 6,2703,Hackers,2340,362,87.9,2.2,9.9,1,1,Tie,-28,2674
05/18/26,Hackers,2340,Monarchs 6,2703,-362,9.9,2.2,87.9,1,1,Tie,28,2369
05/18/26,Real Bacon,2348,Wranglers,2562,-214,20.6,3.9,75.4,2,5,Loss,-27,2321
05/18/26,Wranglers,2562,Real Bacon,2348,214,75.4,3.9,20.6,5,2,Win,27,2589
05/18/26,Greenhorns,2541,Rainier Reindeer HC-6,2610,-69,37.5,5.4,57.1,4,6,Loss,-42,2498
05/18/26,Rainier Reindeer HC-6,2610,Greenhorns,2541,69,57.1,5.4,37.5,6,4,Win,42,2652
05/19/26,Five Hole Fiends,2870,Reapers,2813,57,55.4,5.5,39.1,3,6,Loss,-73,2798
05/19/26,Reapers,2813,Five Hole Fiends,2870,-57,39.1,5.5,55.4,6,3,Win,73,2886
05/19/26,Yetis,3010,Alpuckas,3014,-4,46.6,5.6,47.8,1,4,Loss,-61,2948
05/19/26,Alpuckas,3014,Yetis,3010,4,47.8,5.6,46.6,4,1,Win,61,3075
05/19/26,Moose Knuckle,3236,Edible Arrangements,3235,1,47.3,5.6,47.1,0,3,Loss,-62,3174
05/19/26,Edible Arrangements,3235,Moose Knuckle,3236,-1,47.1,5.6,47.3,3,0,Win,62,3297
05/19/26,LLUA,3460,Greasy Weasels,3242,218,75.8,3.9,20.3,2,2,Tie,-19,3441
05/19/26,Greasy Weasels,3242,LLUA,3460,-218,20.3,3.9,75.8,2,2,Tie,19,3262
05/19/26,Not Sure 5,3179,Amigos,3016,163,69.6,4.5,25.9,0,4,Loss,-98,3081
05/19/26,Amigos,3016,Not Sure 5,3179,-163,25.9,4.5,69.6,4,0,Win,98,3114
05/19/26,BSOD,2930,Top Cheddar,2853,77,58.2,5.3,36.4,3,3,Tie,-6,2924
05/19/26,Top Cheddar,2853,BSOD,2930,-77,36.4,5.3,58.2,3,3,Tie,6,2859
05/20/26,WKUTP-5,3207,Dumpster Fire,3130,77,58.2,5.3,36.5,1,0,Win,31,3238
05/20/26,Dumpster Fire,3130,WKUTP-5,3207,-77,36.5,5.3,58.2,0,1,Loss,-31,3099
05/20/26,Skeletons,3416,Wolves,3325,91,60.2,5.2,34.6,4,5,Loss,-45,3371
05/20/26,Wolves,3325,Skeletons,3416,-91,34.6,5.2,60.2,5,4,Win,45,3370
05/20/26,Hooligans,3402,Mighty Mallards,3363,39,52.9,5.5,41.6,0,4,Loss,-74,3327
05/20/26,Mighty Mallards,3363,Hooligans,3402,-39,41.6,5.5,52.9,4,0,Win,74,3437
05/20/26,Mavericks,4178,Red Dog,4039,140,66.7,4.8,28.5,6,1,Win,50,4228
05/20/26,Red Dog,4039,Mavericks,4178,-140,28.5,4.8,66.7,1,6,Loss,-50,3989
05/20/26,Chinooks,3562,Coconut Corgis,3560,2,47.4,5.6,47.0,5,2,Win,69,3631
05/20/26,Coconut Corgis,3560,Chinooks,3562,-2,47.0,5.6,47.4,2,5,Loss,-69,3491
05/20/26,Boozin Cougs,3905,Shockers,3543,361,87.8,2.2,10.0,8,3,Win,18,3923
05/20/26,Shockers,3543,Boozin Cougs,3905,-361,10.0,2.2,87.8,3,8,Loss,-18,3525
05/20/26,Northwest Crabs,4346,Fighting Narwhals,4021,325,85.4,2.6,12.0,3,3,Tie,-27,4320
05/20/26,Fighting Narwhals,4021,Northwest Crabs,4346,-325,12.0,2.6,85.4,3,3,Tie,27,4048
05/20/26,Puckbuddies,3870,Goal Diggers,3677,193,73.2,4.2,22.7,5,3,Win,30,3900
05/20/26,Goal Diggers,3677,Puckbuddies,3870,-193,22.7,4.2,73.2,3,5,Loss,-30,3647
05/20/26,Schilling Cider,3249,Kraken Up,3250,-1,47.0,5.6,47.4,3,8,Loss,-71,3179
05/20/26,Kraken Up,3250,Schilling Cider,3249,1,47.4,5.6,47.0,8,3,Win,71,3321
05/20/26,Ice-O-Topes,2816,Renegades,3002,-186,23.4,4.3,72.3,5,7,Loss,-26,2790
05/20/26,Renegades,3002,Ice-O-Topes,2816,186,72.3,4.3,23.4,7,5,Win,26,3028
05/21/26,The Brigade,4060,Chiefs,4217,-157,26.5,4.6,68.9,3,3,Tie,18,4077
05/21/26,Chiefs,4217,The Brigade,4060,157,68.9,4.6,26.5,3,3,Tie,-18,4199
05/21/26,Night Owls,3382,Screaming Eagles,3531,-149,27.5,4.7,67.8,5,10,Loss,-41,3341
05/21/26,Screaming Eagles,3531,Night Owls,3382,149,67.8,4.7,27.5,10,5,Win,41,3572
05/21/26,Minner''s Minions,4385,ALTP,4412,-27,43.3,5.6,51.1,9,3,Win,90,4475
05/21/26,ALTP,4412,Minner''s Minions,4385,27,51.1,5.6,43.3,3,9,Loss,-90,4322
05/21/26,Falcons,4470,NW Stars,4356,114,63.3,5.0,31.7,5,7,Loss,-71,4399
05/21/26,NW Stars,4356,Falcons,4470,-114,31.7,5.0,63.3,7,5,Win,71,4427
05/21/26,Dead Rabbits,3162,DevilFish,3215,-53,39.7,5.5,54.8,2,2,Tie,8,3170
05/21/26,DevilFish,3215,Dead Rabbits,3162,53,54.8,5.5,39.7,2,2,Tie,-8,3207
05/21/26,Buck Wild,3485,Skateful Dead,3330,155,68.6,4.6,26.8,5,6,Loss,-51,3433
05/21/26,Skateful Dead,3330,Buck Wild,3485,-155,26.8,4.6,68.6,6,5,Win,51,3382
05/21/26,Pheasants,4114,MMHC,3790,324,85.3,2.6,12.1,12,1,Win,30,4144
05/21/26,MMHC,3790,Pheasants,4114,-324,12.1,2.6,85.3,1,12,Loss,-30,3760
05/21/26,Seattle Supernova,4185,ESB,4299,-114,31.7,5.0,63.3,0,3,Loss,-42,4143
05/21/26,ESB,4299,Seattle Supernova,4185,114,63.3,5.0,31.7,3,0,Win,42,4340
05/21/26,Eagles,4030,The Herd,3815,215,75.6,3.9,20.5,8,3,Win,37,4067
05/21/26,The Herd,3815,Eagles,4030,-215,20.5,3.9,75.6,3,8,Loss,-37,3779
05/21/26,Sasquatch,3733,Sabercats,3740,-7,46.2,5.6,48.2,3,1,Win,61,3793
05/21/26,Sabercats,3740,Sasquatch,3733,7,48.2,5.6,46.2,1,3,Loss,-61,3679
05/21/26,The Mighty Geoducks,4100,Rhinos,3937,164,69.7,4.5,25.8,8,8,Tie,-15,4086
05/21/26,Rhinos,3937,The Mighty Geoducks,4100,-164,25.8,4.5,69.7,8,8,Tie,15,3952
05/21/26,Maple Bars,3507,Steelhead,3409,97,61.1,5.2,33.8,2,3,Loss,-46,3461
05/21/26,Steelhead,3409,Maple Bars,3507,-97,33.8,5.2,61.1,3,2,Win,46,3455
05/21/26,Stingers,3078,Seagulls,2859,219,76.0,3.9,20.2,1,6,Loss,-114,2964
05/21/26,Seagulls,2859,Stingers,3078,-219,20.2,3.9,76.0,6,1,Win,114,2973
05/26/26,Chiefs,4199,The Mighty Geoducks,4086,114,63.3,5.0,31.7,2,9,Loss,-107,4093
05/26/26,The Mighty Geoducks,4086,Chiefs,4199,-114,31.7,5.0,63.3,9,2,Win,107,4192
05/26/26,Yetis,2948,Midnight Twist,2960,-11,45.6,5.6,48.8,4,3,Win,41,2989
05/26/26,Midnight Twist,2960,Yetis,2948,11,48.8,5.6,45.6,3,4,Loss,-41,2919
05/26/26,Renegades,3028,Five Hole Fiends,2798,231,77.2,3.7,19.1,4,4,Tie,-20,3008
05/26/26,Five Hole Fiends,2798,Renegades,3028,-231,19.1,3.7,77.2,4,4,Tie,20,2818
05/26/26,Offspring,2935,Seagulls,2973,-38,41.7,5.5,52.7,5,3,Win,66,3000
05/26/26,Seagulls,2973,Offspring,2935,38,52.7,5.5,41.7,3,5,Loss,-66,2908
05/26/26,BSOD,2924,WKUTP-5,3238,-314,12.7,2.7,84.6,1,6,Loss,-19,2905
05/26/26,WKUTP-5,3238,BSOD,2924,314,84.6,2.7,12.7,6,1,Win,19,3257
05/26/26,Reapers,2886,Stingers,2964,-78,36.2,5.3,58.4,6,4,Win,72,2958
05/26/26,Stingers,2964,Reapers,2886,78,58.4,5.3,36.2,4,6,Loss,-72,2893
05/27/26,Night Owls,3341,Kraken Up,3321,20,50.0,5.6,44.4,7,5,Win,56,3397
05/27/26,Kraken Up,3321,Night Owls,3341,-20,44.4,5.6,50.0,5,7,Loss,-56,3265
05/27/26,DevilFish,3207,Amigos,3114,93,60.5,5.2,34.3,5,0,Win,59,3266
05/27/26,Amigos,3114,DevilFish,3207,-93,34.3,5.2,60.5,0,5,Loss,-59,3055
05/27/26,Maple Bars,3461,Coconut Corgis,3491,-30,42.9,5.6,51.6,5,7,Loss,-48,3413
05/27/26,Coconut Corgis,3491,Maple Bars,3461,30,51.6,5.6,42.9,7,5,Win,48,3539
05/27/26,Steelhead,3455,Chinooks,3631,-176,24.5,4.4,71.2,4,6,Loss,-28,3427
05/27/26,Chinooks,3631,Steelhead,3455,176,71.2,4.4,24.5,6,4,Win,28,3658
05/27/26,Goal Diggers,3647,Shockers,3525,122,64.3,5.0,30.7,3,3,Tie,-11,3636
05/27/26,Shockers,3525,Goal Diggers,3647,-122,30.7,5.0,64.3,3,3,Tie,11,3536
05/27/26,Ice-O-Topes,2790,Sockeyes,3000,-211,21.0,4.0,75.1,3,1,Win,89,2879
05/27/26,Sockeyes,3000,Ice-O-Topes,2790,211,75.1,4.0,21.0,1,3,Loss,-89,2911
05/27/26,Edible Arrangements,3297,Mighty Mallards,3437,-140,28.5,4.8,66.7,2,2,Tie,16,3313
05/27/26,Mighty Mallards,3437,Edible Arrangements,3297,140,66.7,4.8,28.5,2,2,Tie,-16,3421
05/27/26,The Herd,3779,Sabercats,3679,99,61.3,5.2,33.5,9,2,Win,65,3844
05/27/26,Sabercats,3679,The Herd,3779,-99,33.5,5.2,61.3,2,9,Loss,-65,3614
05/27/26,Moose Knuckle,3174,Dead Rabbits,3170,4,47.8,5.6,46.6,7,2,Win,78,3252
05/27/26,Dead Rabbits,3170,Moose Knuckle,3174,-4,46.6,5.6,47.8,2,7,Loss,-78,3091
05/27/26,Top Cheddar,2859,Dumpster Fire,3099,-240,18.3,3.6,78.1,7,4,Win,107,2966
05/27/26,Dumpster Fire,3099,Top Cheddar,2859,240,78.1,3.6,18.3,4,7,Loss,-107,2991
05/28/26,Pheasants,4144,Eagles,4067,77,58.3,5.3,36.4,4,7,Loss,-76,4068
05/28/26,Eagles,4067,Pheasants,4144,-77,36.4,5.3,58.3,7,4,Win,76,4143
05/28/26,Greasy Weasels,3262,Skeletons,3371,-109,32.2,5.1,62.7,3,1,Win,76,3338
05/28/26,Skeletons,3371,Greasy Weasels,3262,109,62.7,5.1,32.2,1,3,Loss,-76,3295
05/28/26,Boozin Cougs,3923,Sasquatch,3793,130,65.4,4.9,29.7,4,3,Win,26,3949
05/28/26,Sasquatch,3793,Boozin Cougs,3923,-130,29.7,4.9,65.4,3,4,Loss,-26,3767
05/28/26,Schilling Cider,3179,Skateful Dead,3382,-203,21.7,4.1,74.3,2,8,Loss,-35,3144
05/28/26,Skateful Dead,3382,Schilling Cider,3179,203,74.3,4.1,21.7,8,2,Win,35,3416
05/28/26,Northwest Crabs,4320,Mavericks,4228,92,60.3,5.2,34.5,3,1,Win,45,4365
05/28/26,Mavericks,4228,Northwest Crabs,4320,-92,34.5,5.2,60.3,1,3,Loss,-45,4184
05/28/26,Minner''s Minions,4475,Falcons,4399,77,58.2,5.3,36.4,13,5,Win,74,4550
05/28/26,Falcons,4399,Minner''s Minions,4475,-77,36.4,5.3,58.2,5,13,Loss,-74,4324
05/28/26,Wolves,3370,Not Sure 5,3081,289,82.6,3.0,14.4,6,1,Win,26,3397
05/28/26,Not Sure 5,3081,Wolves,3370,-289,14.4,3.0,82.6,1,6,Loss,-26,3055
05/28/26,Red Dog,3989,The Brigade,4077,-89,34.9,5.3,59.9,3,6,Loss,-46,3943
05/28/26,The Brigade,4077,Red Dog,3989,89,59.9,5.3,34.9,6,3,Win,46,4123
05/28/26,ALTP,4322,ESB,4340,-19,44.5,5.6,49.9,4,1,Win,73,4395
05/28/26,ESB,4340,ALTP,4322,19,49.9,5.6,44.5,1,4,Loss,-73,4268
05/28/26,Seattle Supernova,4143,NW Stars,4427,-284,14.8,3.1,82.1,2,2,Tie,26,4170
05/28/26,NW Stars,4427,Seattle Supernova,4143,284,82.1,3.1,14.8,2,2,Tie,-26,4401
05/28/26,Rhinos,3952,Puckbuddies,3900,51,54.6,5.5,39.9,7,4,Win,60,4011
05/28/26,Puckbuddies,3900,Rhinos,3952,-51,39.9,5.5,54.6,4,7,Loss,-60,3841
05/28/26,Fighting Narwhals,4048,MMHC,3760,288,82.5,3.0,14.5,0,1,Loss,-62,3986
05/28/26,MMHC,3760,Fighting Narwhals,4048,-288,14.5,3.0,82.5,1,0,Win,62,3821
05/28/26,Screaming Eagles,3572,Buck Wild,3433,138,66.5,4.8,28.7,2,1,Win,25,3597
05/28/26,Buck Wild,3433,Screaming Eagles,3572,-138,28.7,4.8,66.5,1,2,Loss,-25,3408
05/28/26,Hooligans,3327,LLUA,3441,-113,31.7,5.0,63.2,4,2,Win,77,3404
05/28/26,LLUA,3441,Hooligans,3327,113,63.2,5.0,31.7,2,4,Loss,-77,3364
05/31/26,Banana Guardians,887,Doom Clouds/Golden Mules,916,-29,43.1,5.6,51.3,1,4,Loss,-57,830
05/31/26,Doom Clouds/Golden Mules,916,Banana Guardians,887,29,51.3,5.6,43.1,4,1,Win,57,972
05/31/26,Beer Dragons,958,Ice Breakers,1054,-96,33.9,5.2,60.9,2,2,Tie,12,970
05/31/26,Ice Breakers,1054,Beer Dragons,958,96,60.9,5.2,33.9,2,2,Tie,-12,1042
05/31/26,Yacht Flippers,1471,Toe Dragons,1653,-182,23.9,4.3,71.8,2,4,Loss,-27,1444
05/31/26,Toe Dragons,1653,Yacht Flippers,1471,182,71.8,4.3,23.9,4,2,Win,27,1680
05/31/26,Maelstrom,1018,Rip-Its,1010,8,48.3,5.6,46.1,4,4,Tie,1,1019
05/31/26,Rip-Its,1010,Maelstrom,1018,-8,46.1,5.6,48.3,4,4,Tie,-1,1009
05/31/26,Spittin'' Llamas,1649,Seal Team Sticks,1796,-146,27.8,4.7,67.5,3,3,Tie,17,1666
05/31/26,Seal Team Sticks,1796,Spittin'' Llamas,1649,146,67.5,4.7,27.8,3,3,Tie,-17,1779
05/31/26,Lagooners,2000,Blackouts,1655,344,86.7,2.4,10.9,4,2,Win,15,2015
05/31/26,Blackouts,1655,Lagooners,2000,-344,10.9,2.4,86.7,2,4,Loss,-15,1640
05/31/26,Glow Sticks,1809,Spicy Kittens HC-8,1714,96,60.8,5.2,34.0,3,3,Tie,-8,1801
05/31/26,Spicy Kittens HC-8,1714,Glow Sticks,1809,-96,34.0,5.2,60.8,3,3,Tie,8,1722
05/31/26,Pond Pigeons,1680,Nordekes,1753,-73,36.9,5.4,57.7,0,5,Loss,-55,1624
05/31/26,Nordekes,1753,Pond Pigeons,1680,73,57.7,5.4,36.9,5,0,Win,55,1809
05/31/26,BLU Bombers,1962,Seattle Dogs,1798,163,69.7,4.5,25.8,5,3,Win,34,1996
05/31/26,Seattle Dogs,1798,BLU Bombers,1962,-163,25.8,4.5,69.7,3,5,Loss,-34,1764
05/31/26,Los Tigres,2185,Iced Awesome,1912,273,81.2,3.2,15.6,3,2,Win,14,2199
05/31/26,Iced Awesome,1912,Los Tigres,2185,-273,15.6,3.2,81.2,2,3,Loss,-14,1897
05/31/26,Galactic Penguins,1010,Redrum,1010,0,47.2,5.6,47.2,14,1,Win,119,1129
05/31/26,Redrum,1010,Galactic Penguins,1010,0,47.2,5.6,47.2,1,14,Loss,-119,891
05/31/26,Mad Hat Tricks,1124,The Axolotls,1006,118,63.8,5.0,31.2,0,1,Loss,-48,1076
05/31/26,The Axolotls,1006,Mad Hat Tricks,1124,-118,31.2,5.0,63.8,1,0,Win,48,1054
05/31/26,Birrds,1953,LKI,1872,81,58.8,5.3,35.9,3,2,Win,31,1984
05/31/26,LKI,1872,Birrds,1953,-81,35.9,5.3,58.8,2,3,Loss,-31,1841
05/31/26,Spicy Kittens HC-9,1161,Mighty Moose,1358,-197,22.3,4.1,73.6,1,8,Loss,-38,1124
05/31/26,Mighty Moose,1358,Spicy Kittens HC-9,1161,197,73.6,4.1,22.3,8,1,Win,38,1396
05/31/26,Seattle Seals,1848,Fluffy Bunnies,2134,-286,14.6,3.0,82.4,0,4,Loss,-21,1827
05/31/26,Fluffy Bunnies,2134,Seattle Seals,1848,286,82.4,3.0,14.6,4,0,Win,21,2155
05/31/26,Red Zeppelin,1219,Purple Reign,1438,-219,20.2,3.9,76.0,1,7,Loss,-32,1187
05/31/26,Purple Reign,1438,Red Zeppelin,1219,219,76.0,3.9,20.2,7,1,Win,32,1470
05/31/26,Tropical Punchers,1303,Purple Puck Eaters,1049,254,79.4,3.4,17.1,0,5,Loss,-119,1184
05/31/26,Purple Puck Eaters,1049,Tropical Punchers,1303,-254,17.1,3.4,79.4,5,0,Win,119,1168
05/31/26,Gremlins Hockey,1343,Rainier Reindeers HC-9,1304,39,52.8,5.5,41.7,2,2,Tie,-2,1341
05/31/26,Rainier Reindeers HC-9,1304,Gremlins Hockey,1343,-39,41.7,5.5,52.8,2,2,Tie,2,1306
05/31/26,Orange Crush,1468,Fighting Clams,1408,60,55.8,5.4,38.7,4,4,Tie,-4,1463
05/31/26,Fighting Clams,1408,Orange Crush,1468,-60,38.7,5.4,55.8,4,4,Tie,4,1412
05/31/26,Not Sure 6,2382,Hampton West Hockey Club,2262,120,64.1,5.0,30.9,1,6,Loss,-96,2286
05/31/26,Hampton West Hockey Club,2262,Not Sure 6,2382,-120,30.9,5.0,64.1,6,1,Win,96,2359
05/31/26,Khaos,1442,Pythons,1559,-117,31.2,5.0,63.8,2,9,Loss,-53,1389
05/31/26,Pythons,1559,Khaos,1442,117,63.8,5.0,31.2,9,2,Win,53,1612
05/31/26,Raiders,2337,Mudflaps,2200,138,66.4,4.8,28.8,2,2,Tie,-12,2325
05/31/26,Mudflaps,2200,Raiders,2337,-138,28.8,4.8,66.4,2,2,Tie,12,2212
05/31/26,Trash Pandas Garbage Legacy,2200,Seattle Freeze,2257,-57,39.1,5.5,55.4,5,3,Win,68,2268
05/31/26,Seattle Freeze,2257,Trash Pandas Garbage Legacy,2200,57,55.4,5.5,39.1,3,5,Loss,-68,2188
05/31/26,Hungry Hatchlings,1572,Blackbirds,1654,-82,35.8,5.3,58.9,5,3,Win,72,1645
05/31/26,Blackbirds,1654,Hungry Hatchlings,1572,82,58.9,5.3,35.8,3,5,Loss,-72,1582
05/31/26,Roughnecks Mobile Infantry,1925,Quacken,1907,19,49.9,5.6,44.5,3,3,Tie,0,1926
05/31/26,Quacken,1907,Roughnecks Mobile Infantry,1925,-19,44.5,5.6,49.9,3,3,Tie,0,1907
05/31/26,SEA Cucumbers,1501,Seattle Slapshots,1634,-133,29.3,4.9,65.8,1,3,Loss,-33,1468
05/31/26,Seattle Slapshots,1634,SEA Cucumbers,1501,133,65.8,4.9,29.3,3,1,Win,33,1667
06/01/26,Piranhas,2865,Black Katz,2763,102,61.7,5.1,33.1,7,0,Win,65,2930
06/01/26,Black Katz,2763,Piranhas,2865,-102,33.1,5.1,61.7,0,7,Loss,-65,2698
06/01/26,Real Bacon,2321,Trash Pandas 7/Coyotes,2565,-244,18.0,3.6,78.5,3,4,Loss,-13,2308
06/01/26,Trash Pandas 7/Coyotes,2565,Real Bacon,2321,244,78.5,3.6,18.0,4,3,Win,13,2578
06/01/26,Monarchs 5,2475,Flying Monkeys,2596,-121,30.8,5.0,64.2,4,4,Tie,14,2489
06/01/26,Flying Monkeys,2596,Monarchs 5,2475,121,64.2,5.0,30.8,4,4,Tie,-14,2581
06/01/26,Hackers,2369,Greenhorns,2498,-130,29.7,4.9,65.4,3,4,Loss,-22,2347
06/01/26,Greenhorns,2498,Hackers,2369,130,65.4,4.9,29.7,4,3,Win,22,2521
06/01/26,Wranglers,2589,Blades,2451,138,66.5,4.8,28.7,3,4,Loss,-50,2539
06/01/26,Blades,2451,Wranglers,2589,-138,28.7,4.8,66.5,4,3,Win,50,2501
06/01/26,Monarchs 6,2674,Rainier Reindeer HC-6,2652,23,50.5,5.6,44.0,2,1,Win,37,2712
06/01/26,Rainier Reindeer HC-6,2652,Monarchs 6,2674,-23,44.0,5.6,50.5,1,2,Loss,-37,2615
06/01/26,Chucklepucks,2516,Barrel Aged Brewzers,2484,32,51.8,5.6,42.6,3,7,Loss,-73,2443
06/01/26,Barrel Aged Brewzers,2484,Chucklepucks,2516,-32,42.6,5.6,51.8,7,3,Win,73,2557
06/01/26,Brewzers OGB,2581,Seattle Warriors,2555,25,50.8,5.6,43.6,5,2,Win,65,2645
06/01/26,Seattle Warriors,2555,Brewzers OGB,2581,-25,43.6,5.6,50.8,2,5,Loss,-65,2491
06/01/26,Squids,2713,PussyCats,2688,25,50.8,5.6,43.7,7,8,Loss,-38,2675
06/01/26,PussyCats,2688,Squids,2713,-25,43.7,5.6,50.8,8,7,Win,38,2726
06/01/26,Jokres,2622,Dirty Couch Hockey Club,2715,-93,34.3,5.2,60.5,2,0,Win,74,2696
06/01/26,Dirty Couch Hockey Club,2715,Jokres,2622,93,60.5,5.2,34.3,0,2,Loss,-74,2641
06/02/26,Dumpster Fire,2991,Reapers,2958,34,52.1,5.5,42.4,12,2,Win,94,3086
06/02/26,Reapers,2958,Dumpster Fire,2991,-34,42.4,5.5,52.1,2,12,Loss,-94,2863
06/02/26,Alpuckas,3075,Offspring,3000,74,57.9,5.4,36.8,4,2,Win,47,3122
06/02/26,Offspring,3000,Alpuckas,3075,-74,36.8,5.4,57.9,2,4,Loss,-47,2953
06/02/26,Renegades,3008,BSOD,2905,103,61.9,5.1,33.0,4,5,Loss,-46,2961
06/02/26,BSOD,2905,Renegades,3008,-103,33.0,5.1,61.9,5,4,Win,46,2951
06/02/26,Midnight Twist,2919,The Seals,2947,-29,43.1,5.6,51.3,2,4,Loss,-49,2870
06/02/26,The Seals,2947,Midnight Twist,2919,29,51.3,5.6,43.1,4,2,Win,49,2996
06/02/26,Yetis,2989,Stingers,2893,97,61.0,5.2,33.8,4,3,Win,29,3019
06/02/26,Stingers,2893,Yetis,2989,-97,33.8,5.2,61.0,3,4,Loss,-29,2863
06/02/26,TP6/Fossils,2626,Honey Badgers,2590,36,52.4,5.5,42.1,7,8,Loss,-39,2587
06/02/26,Honey Badgers,2590,TP6/Fossils,2626,-36,42.1,5.5,52.4,8,7,Win,39,2629
06/03/26,Sasquatch,3767,Goal Diggers,3636,131,65.6,4.9,29.5,1,6,Loss,-98,3669
06/03/26,Goal Diggers,3636,Sasquatch,3767,-131,29.5,4.9,65.6,6,1,Win,98,3734
06/03/26,Highlanders,2713,Icemen,2552,161,69.4,4.5,26.1,6,4,Win,34,2748
06/03/26,Icemen,2552,Highlanders,2713,-161,26.1,4.5,69.4,4,6,Loss,-34,2518
06/03/26,Buck Wild,3408,Kraken Up,3265,144,67.2,4.7,28.1,5,3,Win,37,3445
06/03/26,Kraken Up,3265,Buck Wild,3408,-144,28.1,4.7,67.2,3,5,Loss,-37,3228
06/03/26,WKUTP-5,3257,Top Cheddar,2966,291,82.7,3.0,14.3,2,5,Loss,-109,3149
06/03/26,Top Cheddar,2966,WKUTP-5,3257,-291,14.3,3.0,82.7,5,2,Win,109,3075
06/03/26,Schilling Cider,3144,Night Owls,3397,-253,17.2,3.4,79.4,5,7,Loss,-19,3125
06/03/26,Night Owls,3397,Schilling Cider,3144,253,79.4,3.4,17.2,7,5,Win,19,3416
06/03/26,Sabercats,3614,Shockers,3536,78,58.4,5.3,36.3,2,4,Loss,-66,3548
06/03/26,Shockers,3536,Sabercats,3614,-78,36.3,5.3,58.4,4,2,Win,66,3602
06/03/26,Amigos,3055,Dead Rabbits,3091,-37,42.0,5.5,52.5,3,5,Loss,-47,3007
06/03/26,Dead Rabbits,3091,Amigos,3055,37,52.5,5.5,42.0,5,3,Win,47,3139
06/03/26,Edible Arrangements,3313,Wolves,3397,-83,35.6,5.3,59.1,7,7,Tie,11,3324
06/03/26,Wolves,3397,Edible Arrangements,3313,83,59.1,5.3,35.6,7,7,Tie,-11,3386
06/03/26,Ice-O-Topes,2879,Five Hole Fiends,2818,61,55.9,5.4,38.6,2,6,Loss,-79,2800
06/03/26,Five Hole Fiends,2818,Ice-O-Topes,2879,-61,38.6,5.4,55.9,6,2,Win,79,2897
06/03/26,Seagulls,2908,Sockeyes,2911,-4,46.7,5.6,47.7,5,1,Win,75,2983
06/03/26,Sockeyes,2911,Seagulls,2908,4,47.7,5.6,46.7,1,5,Loss,-75,2836
06/04/26,Pheasants,4068,Chiefs,4093,-25,43.6,5.6,50.8,6,3,Win,74,4142
06/04/26,Chiefs,4093,Pheasants,4068,25,50.8,5.6,43.6,3,6,Loss,-74,4019
06/04/26,Hooligans,3404,Greasy Weasels,3338,66,56.7,5.4,37.9,2,1,Win,32,3437
06/04/26,Greasy Weasels,3338,Hooligans,3404,-66,37.9,5.4,56.7,1,2,Loss,-32,3306
06/04/26,Screaming Eagles,3597,Skateful Dead,3416,181,71.7,4.3,23.9,5,5,Tie,-16,3581
06/04/26,Skateful Dead,3416,Screaming Eagles,3597,-181,23.9,4.3,71.7,5,5,Tie,16,3432
06/04/26,Puckbuddies,3841,Rhinos,4011,-171,25.0,4.4,70.5,7,4,Win,98,3939
06/04/26,Rhinos,4011,Puckbuddies,3841,171,70.5,4.4,25.0,4,7,Loss,-98,3913
06/04/26,The Brigade,4123,The Mighty Geoducks,4192,-69,37.5,5.4,57.1,6,9,Loss,-49,4074
06/04/26,The Mighty Geoducks,4192,The Brigade,4123,69,57.1,5.4,37.5,9,6,Win,49,4242
06/04/26,Mighty Mallards,3421,LLUA,3364,57,55.4,5.5,39.2,4,3,Win,33,3454
06/04/26,LLUA,3364,Mighty Mallards,3421,-57,39.2,5.5,55.4,3,4,Loss,-33,3330
06/04/26,Steelhead,3427,Coconut Corgis,3539,-112,31.9,5.1,63.0,1,7,Loss,-51,3377
06/04/26,Coconut Corgis,3539,Steelhead,3427,112,63.0,5.1,31.9,7,1,Win,51,3590
06/04/26,MMHC,3821,The Herd,3844,-22,44.0,5.6,50.4,5,6,Loss,-33,3788
06/04/26,The Herd,3844,MMHC,3821,22,50.4,5.6,44.0,6,5,Win,33,3877
06/04/26,DevilFish,3266,Not Sure 5,3055,211,75.2,4.0,20.9,8,3,Win,37,3304
06/04/26,Not Sure 5,3055,DevilFish,3266,-211,20.9,4.0,75.2,3,8,Loss,-37,3018
06/04/26,Boozin Cougs,3949,Eagles,4143,-194,22.6,4.2,73.3,11,3,Win,138,4087
06/04/26,Eagles,4143,Boozin Cougs,3949,194,73.3,4.2,22.6,3,11,Loss,-138,4005
06/04/26,Maple Bars,3413,Chinooks,3658,-246,17.8,3.5,78.7,5,7,Loss,-20,3393
06/04/26,Chinooks,3658,Maple Bars,3413,246,78.7,3.5,17.8,7,5,Win,20,3678
06/04/26,Skeletons,3295,Moose Knuckle,3252,43,53.3,5.5,41.1,5,1,Win,66,3360
06/04/26,Moose Knuckle,3252,Skeletons,3295,-43,41.1,5.5,53.3,1,5,Loss,-66,3187
06/07/26,SEA Cucumbers,1468,Blackbirds,1582,-114,31.6,5.0,63.4,3,1,Win,77,1545
06/07/26,Blackbirds,1582,SEA Cucumbers,1468,114,63.4,5.0,31.6,1,3,Loss,-77,1505
06/07/26,Spittin'' Llamas,1666,Blackouts,1640,26,50.9,5.6,43.5,2,4,Loss,-57,1609
06/07/26,Blackouts,1640,Spittin'' Llamas,1666,-26,43.5,5.6,50.9,4,2,Win,57,1698
06/07/26,Pond Pigeons,1624,Spicy Kittens HC-8,1722,-97,33.7,5.2,61.1,2,1,Win,50,1674
06/07/26,Spicy Kittens HC-8,1722,Pond Pigeons,1624,97,61.1,5.2,33.7,1,2,Loss,-50,1672
06/07/26,Seattle Slapshots,1667,Pythons,1612,55,55.1,5.5,39.4,3,3,Tie,-4,1663
06/07/26,Pythons,1612,Seattle Slapshots,1667,-55,39.4,5.5,55.1,3,3,Tie,4,1616
06/07/26,Lagooners,2015,Seal Team Sticks,1779,236,77.7,3.6,18.6,8,2,Win,36,2050
06/07/26,Seal Team Sticks,1779,Lagooners,2015,-236,18.6,3.6,77.7,2,8,Loss,-36,1743
06/07/26,Seattle Dogs,1764,Glow Sticks,1801,-37,41.9,5.5,52.6,5,1,Win,82,1846
06/07/26,Glow Sticks,1801,Seattle Dogs,1764,37,52.6,5.5,41.9,1,5,Loss,-82,1720
06/07/26,Nordekes,1809,BLU Bombers,1996,-187,23.3,4.2,72.5,3,2,Win,58,1866
06/07/26,BLU Bombers,1996,Nordekes,1809,187,72.5,4.2,23.3,2,3,Loss,-58,1938
06/07/26,Roughnecks Mobile Infantry,1926,LKI,1841,84,59.3,5.3,35.5,3,4,Loss,-44,1881
06/07/26,LKI,1841,Roughnecks Mobile Infantry,1926,-84,35.5,5.3,59.3,4,3,Win,44,1886
06/07/26,Seattle Freeze,2188,Not Sure 6,2286,-98,33.7,5.2,61.2,2,1,Win,50,2238
06/07/26,Not Sure 6,2286,Seattle Freeze,2188,98,61.2,5.2,33.7,1,2,Loss,-50,2236
06/07/26,Fluffy Bunnies,2155,Los Tigres,2199,-44,41.0,5.5,53.5,0,1,Loss,-31,2124
06/07/26,Los Tigres,2199,Fluffy Bunnies,2155,44,53.5,5.5,41.0,1,0,Win,31,2229
06/07/26,Seattle Seals,1827,Iced Awesome,1897,-70,37.4,5.4,57.3,2,3,Loss,-28,1799
06/07/26,Iced Awesome,1897,Seattle Seals,1827,70,57.3,5.4,37.4,3,2,Win,28,1925
06/07/26,Hungry Hatchlings,1645,Toe Dragons,1680,-35,42.2,5.5,52.3,3,4,Loss,-32,1613
06/07/26,Toe Dragons,1680,Hungry Hatchlings,1645,35,52.3,5.5,42.2,4,3,Win,32,1711
06/07/26,Barrel Aged Brewzers,2557,Mudflaps,2212,345,86.8,2.4,10.9,2,2,Tie,-28,2530
06/07/26,Mudflaps,2212,Barrel Aged Brewzers,2557,-345,10.9,2.4,86.8,2,2,Tie,28,2239
06/07/26,Chucklepucks,2443,Raiders,2325,119,64.0,5.0,31.1,2,6,Loss,-90,2354
06/07/26,Raiders,2325,Chucklepucks,2443,-119,31.1,5.0,64.0,6,2,Win,90,2415
06/07/26,Quacken,1907,Birrds,1984,-77,36.4,5.3,58.3,2,2,Tie,10,1917
06/07/26,Birrds,1984,Quacken,1907,77,58.3,5.3,36.4,2,2,Tie,-10,1974
06/07/26,Yacht Flippers,1444,Fighting Clams,1412,32,51.8,5.6,42.6,3,1,Win,54,1499
06/07/26,Fighting Clams,1412,Yacht Flippers,1444,-32,42.6,5.6,51.8,1,3,Loss,-54,1358
06/07/26,Orange Crush,1463,Rainier Reindeers HC-9,1306,157,68.9,4.6,26.5,5,2,Win,41,1504
06/07/26,Rainier Reindeers HC-9,1306,Orange Crush,1463,-157,26.5,4.6,68.9,2,5,Loss,-41,1265
06/07/26,Wranglers,2539,Trash Pandas 7/Coyotes,2578,-39,41.7,5.5,52.8,4,5,Loss,-31,2508
06/07/26,Trash Pandas 7/Coyotes,2578,Wranglers,2539,39,52.8,5.5,41.7,5,4,Win,31,2609
06/07/26,Real Bacon,2308,Blades,2501,-193,22.7,4.2,73.2,2,5,Loss,-30,2278
06/07/26,Blades,2501,Real Bacon,2308,193,73.2,4.2,22.7,5,2,Win,30,2531
06/07/26,Redrum,891,Rip-Its,1009,-118,31.2,5.0,63.8,1,6,Loss,-47,844
06/07/26,Rip-Its,1009,Redrum,891,118,63.8,5.0,31.2,6,1,Win,47,1056
06/07/26,Maelstrom,1019,Mad Hat Tricks,1076,-57,39.1,5.5,55.4,0,0,Tie,8,1027
06/07/26,Mad Hat Tricks,1076,Maelstrom,1019,57,55.4,5.5,39.1,0,0,Tie,-8,1068
06/07/26,Monarchs 6,2712,Greenhorns,2521,191,72.9,4.2,22.9,3,2,Win,20,2732
06/07/26,Greenhorns,2521,Monarchs 6,2712,-191,22.9,4.2,72.9,2,3,Loss,-20,2500
06/07/26,The Axolotls,1054,Galactic Penguins,1129,-75,36.7,5.3,57.9,2,0,Win,71,1125
06/07/26,Galactic Penguins,1129,The Axolotls,1054,75,57.9,5.3,36.7,0,2,Loss,-71,1058
06/07/26,Gremlins Hockey,1341,Khaos,1389,-48,40.3,5.5,54.2,3,4,Loss,-30,1310
06/07/26,Khaos,1389,Gremlins Hockey,1341,48,54.2,5.5,40.3,4,3,Win,30,1419
06/07/26,Trash Pandas Garbage Legacy,2268,Hampton West Hockey Club,2359,-91,34.6,5.2,60.1,3,4,Loss,-26,2242
06/07/26,Hampton West Hockey Club,2359,Trash Pandas Garbage Legacy,2268,91,60.1,5.2,34.6,4,3,Win,26,2385
06/07/26,Ice Breakers,1042,Banana Guardians,830,212,75.2,3.9,20.8,5,0,Win,37,1079
06/07/26,Banana Guardians,830,Ice Breakers,1042,-212,20.8,3.9,75.2,0,5,Loss,-37,793
06/07/26,Beer Dragons,970,Doom Clouds/Golden Mules,972,-2,46.9,5.6,47.5,0,0,Tie,2,972
06/07/26,Doom Clouds/Golden Mules,972,Beer Dragons,970,2,47.5,5.6,46.9,0,0,Tie,-2,970
06/07/26,Purple Reign,1470,Purple Puck Eaters,1168,302,83.6,2.8,13.5,11,1,Win,32,1502
06/07/26,Purple Puck Eaters,1168,Purple Reign,1470,-302,13.5,2.8,83.6,1,11,Loss,-32,1136
06/07/26,Tropical Punchers,1184,Mighty Moose,1396,-212,20.8,3.9,75.3,1,5,Loss,-29,1154
06/07/26,Mighty Moose,1396,Tropical Punchers,1184,212,75.3,3.9,20.8,5,1,Win,29,1425
06/07/26,Red Zeppelin,1187,Spicy Kittens HC-9,1124,63,56.3,5.4,38.3,4,2,Win,49,1236
06/07/26,Spicy Kittens HC-9,1124,Red Zeppelin,1187,-63,38.3,5.4,56.3,2,4,Loss,-49,1075
06/08/26,TP6/Fossils,2587,Dirty Couch Hockey Club,2641,-55,39.5,5.5,55.1,4,8,Loss,-56,2531
06/08/26,Dirty Couch Hockey Club,2641,TP6/Fossils,2587,55,55.1,5.5,39.5,8,4,Win,56,2697
06/08/26,Hackers,2347,Rainier Reindeer HC-6,2615,-268,16.0,3.2,80.8,3,4,Loss,-12,2335
06/08/26,Rainier Reindeer HC-6,2615,Hackers,2347,268,80.8,3.2,16.0,4,3,Win,12,2627
06/08/26,Jokres,2696,Honey Badgers,2629,67,56.8,5.4,37.8,2,4,Loss,-64,2632
06/08/26,Honey Badgers,2629,Jokres,2696,-67,37.8,5.4,56.8,4,2,Win,64,2693
06/08/26,Midnight Twist,2870,Piranhas,2930,-59,38.8,5.4,55.8,4,4,Tie,8,2879
06/08/26,Piranhas,2930,Midnight Twist,2870,59,55.8,5.4,38.8,4,4,Tie,-8,2921
06/08/26,Flying Monkeys,2581,Seattle Warriors,2491,91,60.1,5.2,34.6,3,1,Win,45,2626
06/08/26,Seattle Warriors,2491,Flying Monkeys,2581,-91,34.6,5.2,60.1,1,3,Loss,-45,2446
06/08/26,Brewzers OGB,2645,Icemen,2518,127,65.1,4.9,30.0,7,4,Win,46,2691
06/08/26,Icemen,2518,Brewzers OGB,2645,-127,30.0,4.9,65.1,4,7,Loss,-46,2472
06/08/26,Highlanders,2748,Monarchs 5,2489,259,79.9,3.4,16.7,7,6,Win,15,2763
06/08/26,Monarchs 5,2489,Highlanders,2748,-259,16.7,3.4,79.9,6,7,Loss,-15,2474
06/08/26,The Seals,2996,PussyCats,2726,270,80.9,3.2,15.9,1,0,Win,14,3010
06/08/26,PussyCats,2726,The Seals,2996,-270,15.9,3.2,80.9,0,1,Loss,-14,2712
06/08/26,Squids,2675,Black Katz,2698,-24,43.8,5.6,50.6,1,5,Loss,-62,2613
06/08/26,Black Katz,2698,Squids,2675,24,50.6,5.6,43.8,5,1,Win,62,2760
06/08/26,Ice-O-Topes,2800,Offspring,2953,-153,27.0,4.6,68.4,2,2,Tie,17,2817
06/08/26,Offspring,2953,Ice-O-Topes,2800,153,68.4,4.6,27.0,2,2,Tie,-17,2936
06/08/26,Dumpster Fire,3086,BSOD,2951,135,66.1,4.8,29.1,2,3,Loss,-50,3036
06/08/26,BSOD,2951,Dumpster Fire,3086,-135,29.1,4.8,66.1,3,2,Win,50,3001
06/09/26,Five Hole Fiends,2897,Yetis,3019,-122,30.7,5.0,64.4,4,5,Loss,-23,2874
06/09/26,Yetis,3019,Five Hole Fiends,2897,122,64.4,5.0,30.7,5,4,Win,23,3042
06/09/26,Reapers,2863,Seagulls,2983,-119,31.0,5.0,64.1,4,6,Loss,-35,2828
06/09/26,Seagulls,2983,Reapers,2863,119,64.1,5.0,31.0,6,4,Win,35,3018
06/09/26,Amigos,3007,WKUTP-5,3149,-141,28.4,4.8,66.9,0,3,Loss,-37,2970
06/09/26,WKUTP-5,3149,Amigos,3007,141,66.9,4.8,28.4,3,0,Win,37,3186
06/09/26,Night Owls,3416,Mighty Mallards,3454,-38,41.8,5.5,52.7,8,3,Win,87,3504
06/09/26,Mighty Mallards,3454,Night Owls,3416,38,52.7,5.5,41.8,3,8,Loss,-87,3367
06/09/26,Alpuckas,3122,Stingers,2863,259,79.9,3.4,16.7,5,3,Win,23,3145
06/09/26,Stingers,2863,Alpuckas,3122,-259,16.7,3.4,79.9,3,5,Loss,-23,2841
06/09/26,Not Sure 5,3018,Top Cheddar,3075,-57,39.1,5.5,55.4,2,9,Loss,-66,2952
06/09/26,Top Cheddar,3075,Not Sure 5,3018,57,55.4,5.5,39.1,9,2,Win,66,3141
06/10/26,Maple Bars,3393,Buck Wild,3445,-53,39.7,5.5,54.8,7,2,Win,90,3483
06/10/26,Buck Wild,3445,Maple Bars,3393,53,54.8,5.5,39.7,2,7,Loss,-90,3355
06/10/26,Renegades,2961,Sockeyes,2836,125,64.8,4.9,30.3,1,9,Loss,-115,2846
06/10/26,Sockeyes,2836,Renegades,2961,-125,30.3,4.9,64.8,9,1,Win,115,2952
06/10/26,Greasy Weasels,3306,Moose Knuckle,3187,119,64.0,5.0,31.0,4,0,Win,51,3356
06/10/26,Moose Knuckle,3187,Greasy Weasels,3306,-119,31.0,5.0,64.0,0,4,Loss,-51,3136
06/10/26,Sabercats,3548,Coconut Corgis,3590,-42,41.3,5.5,53.2,6,1,Win,88,3637
06/10/26,Coconut Corgis,3590,Sabercats,3548,42,53.2,5.5,41.3,1,6,Loss,-88,3502
06/10/26,MMHC,3788,Goal Diggers,3734,54,55.0,5.5,39.6,6,2,Win,63,3852
06/10/26,Goal Diggers,3734,MMHC,3788,-54,39.6,5.5,55.0,2,6,Loss,-63,3671
06/10/26,Wolves,3386,Dead Rabbits,3139,247,78.8,3.5,17.7,7,1,Win,34,3419
06/10/26,Dead Rabbits,3139,Wolves,3386,-247,17.7,3.5,78.8,1,7,Loss,-34,3105
06/10/26,Screaming Eagles,3581,Schilling Cider,3125,456,92.5,1.4,6.1,6,3,Win,10,3590
06/10/26,Schilling Cider,3125,Screaming Eagles,3581,-456,6.1,1.4,92.5,3,6,Loss,-10,3115
06/10/26,Shockers,3602,Chinooks,3678,-77,36.5,5.3,58.2,2,4,Loss,-41,3561
06/10/26,Chinooks,3678,Shockers,3602,77,58.2,5.3,36.5,4,2,Win,41,3719
06/10/26,Puckbuddies,3939,Sasquatch,3669,270,80.9,3.2,15.8,8,3,Win,29,3968
06/10/26,Sasquatch,3669,Puckbuddies,3939,-270,15.8,3.2,80.9,3,8,Loss,-29,3640
06/11/26,Pheasants,4142,Rhinos,3913,229,77.0,3.7,19.3,6,1,Win,34,4176
06/11/26,Rhinos,3913,Pheasants,4142,-229,19.3,3.7,77.0,1,6,Loss,-34,3878
06/11/26,Edible Arrangements,3324,LLUA,3330,-6,46.3,5.6,48.1,0,3,Loss,-61,3263
06/11/26,LLUA,3330,Edible Arrangements,3324,6,48.1,5.6,46.3,3,0,Win,61,3391
06/11/26,Kraken Up,3228,Hooligans,3437,-209,21.1,4.0,74.9,4,4,Tie,22,3249
06/11/26,Hooligans,3437,Kraken Up,3228,209,74.9,4.0,21.1,4,4,Tie,-22,3415
06/11/26,Boozin Cougs,4087,The Herd,3877,210,75.0,4.0,21.0,7,4,Win,33,4120
06/11/26,The Herd,3877,Boozin Cougs,4087,-210,21.0,4.0,75.0,4,7,Loss,-33,3844
06/11/26,Red Dog,3943,Chiefs,4019,-76,36.6,5.3,58.1,2,7,Loss,-55,3888
06/11/26,Chiefs,4019,Red Dog,3943,76,58.1,5.3,36.6,7,2,Win,55,4073
06/11/26,Steelhead,3377,Skateful Dead,3432,-56,39.3,5.5,55.2,8,4,Win,85,3462
06/11/26,Skateful Dead,3432,Steelhead,3377,56,55.2,5.5,39.3,4,8,Loss,-85,3347
06/11/26,Skeletons,3360,DevilFish,3304,57,55.4,5.5,39.2,4,4,Tie,-4,3356
06/11/26,DevilFish,3304,Skeletons,3360,-57,39.2,5.5,55.4,4,4,Tie,4,3308
06/11/26,ESB,4268,Falcons,4324,-56,39.2,5.5,55.3,1,8,Loss,-66,4201
06/11/26,Falcons,4324,ESB,4268,56,55.3,5.5,39.2,8,1,Win,66,4390
06/11/26,The Brigade,4074,Eagles,4005,69,57.0,5.4,37.6,4,2,Win,48,4122
06/11/26,Eagles,4005,The Brigade,4074,-69,37.6,5.4,57.0,2,4,Loss,-48,3957
06/11/26,Mavericks,4184,Fighting Narwhals,3986,198,73.7,4.1,22.2,7,2,Win,39,4223
06/11/26,Fighting Narwhals,3986,Mavericks,4184,-198,22.2,4.1,73.7,2,7,Loss,-39,3946
06/11/26,The Mighty Geoducks,4242,Northwest Crabs,4365,-123,30.5,5.0,64.5,0,1,Loss,-23,4219
06/11/26,Northwest Crabs,4365,The Mighty Geoducks,4242,123,64.5,5.0,30.5,1,0,Win,23,4387
06/11/26,Seattle Supernova,4170,ALTP,4395,-225,19.6,3.8,76.6,3,3,Tie,23,4193
06/11/26,ALTP,4395,Seattle Supernova,4170,225,76.6,3.8,19.6,3,3,Tie,-23,4372
06/11/26,NW Stars,4401,Minner''s Minions,4550,-149,27.4,4.7,67.9,3,7,Loss,-39,4362
06/11/26,Minner''s Minions,4550,NW Stars,4401,149,67.9,4.7,27.4,7,3,Win,39,4588
06/14/26,Iced Awesome,1925,Quacken,1917,8,48.4,5.6,46.0,0,4,Loss,-68,1857
06/14/26,Quacken,1917,Iced Awesome,1925,-8,46.0,5.6,48.4,4,0,Win,68,1985
06/14/26,Lagooners,2050,BLU Bombers,1938,112,63.1,5.1,31.9,1,1,Tie,-10,2040
06/14/26,BLU Bombers,1938,Lagooners,2050,-112,31.9,5.1,63.1,1,1,Tie,10,1948
06/14/26,Chucklepucks,2354,Hampton West Hockey Club,2385,-31,42.8,5.6,51.7,3,1,Win,64,2418
06/14/26,Hampton West Hockey Club,2385,Chucklepucks,2354,31,51.7,5.6,42.8,1,3,Loss,-64,2320
06/14/26,Seattle Seals,1799,LKI,1886,-86,35.2,5.3,59.5,2,6,Loss,-49,1750
06/14/26,LKI,1886,Seattle Seals,1799,86,59.5,5.3,35.2,6,2,Win,49,1935
06/14/26,Birrds,1974,Roughnecks Mobile Infantry,1881,93,60.5,5.2,34.3,9,2,Win,67,2041
06/14/26,Roughnecks Mobile Infantry,1881,Birrds,1974,-93,34.3,5.2,60.5,2,9,Loss,-67,1814
06/14/26,Trash Pandas 7/Coyotes,2609,Barrel Aged Brewzers,2530,80,58.6,5.3,36.0,2,3,Loss,-44,2565
06/14/26,Barrel Aged Brewzers,2530,Trash Pandas 7/Coyotes,2609,-80,36.0,5.3,58.6,3,2,Win,44,2574
06/14/26,Seattle Freeze,2238,Fluffy Bunnies,2124,114,63.3,5.0,31.7,2,3,Loss,-47,2190
06/14/26,Fluffy Bunnies,2124,Seattle Freeze,2238,-114,31.7,5.0,63.3,3,2,Win,47,2172
06/14/26,Purple Reign,1502,Fighting Clams,1358,144,67.3,4.7,28.0,2,3,Loss,-50,1452
06/14/26,Fighting Clams,1358,Purple Reign,1502,-144,28.0,4.7,67.3,3,2,Win,50,1408
06/14/26,Pond Pigeons,1674,Blackouts,1698,-24,43.8,5.6,50.6,1,2,Loss,-33,1641
06/14/26,Blackouts,1698,Pond Pigeons,1674,24,50.6,5.6,43.8,2,1,Win,33,1731
06/14/26,Toe Dragons,1711,SEA Cucumbers,1545,167,70.1,4.5,25.5,0,2,Loss,-79,1632
06/14/26,SEA Cucumbers,1545,Toe Dragons,1711,-167,25.5,4.5,70.1,2,0,Win,79,1623
06/14/26,Seattle Dogs,1846,Nordekes,1866,-20,44.3,5.6,50.1,1,1,Tie,4,1850
06/14/26,Nordekes,1866,Seattle Dogs,1846,20,50.1,5.6,44.3,1,1,Tie,-4,1862
06/14/26,Khaos,1419,Tropical Punchers,1154,265,80.5,3.3,16.2,5,1,Win,27,1447
06/14/26,Tropical Punchers,1154,Khaos,1419,-265,16.2,3.3,80.5,1,5,Loss,-27,1127
06/14/26,Spicy Kittens HC-9,1075,Beer Dragons,972,102,61.7,5.1,33.1,2,1,Win,29,1103
06/14/26,Beer Dragons,972,Spicy Kittens HC-9,1075,-102,33.1,5.1,61.7,1,2,Loss,-29,944
06/14/26,Red Zeppelin,1236,Ice Breakers,1079,157,68.8,4.6,26.6,2,3,Loss,-52,1185
06/14/26,Ice Breakers,1079,Red Zeppelin,1236,-157,26.6,4.6,68.8,3,2,Win,52,1131
06/14/26,Doom Clouds/Golden Mules,970,Galactic Penguins,1058,-88,35.0,5.3,59.7,9,0,Win,122,1092
06/14/26,Galactic Penguins,1058,Doom Clouds/Golden Mules,970,88,59.7,5.3,35.0,0,9,Loss,-122,936
06/14/26,Pythons,1616,Blackbirds,1505,111,62.9,5.1,32.1,2,2,Tie,-10,1606
06/14/26,Blackbirds,1505,Pythons,1616,-111,32.1,5.1,62.9,2,2,Tie,10,1515
06/14/26,Mighty Moose,1425,Gremlins Hockey,1310,114,63.4,5.0,31.6,9,0,Win,69,1494
06/14/26,Gremlins Hockey,1310,Mighty Moose,1425,-114,31.6,5.0,63.4,0,9,Loss,-69,1242
06/14/26,Not Sure 6,2236,Los Tigres,2229,7,48.2,5.6,46.2,6,0,Win,83,2319
06/14/26,Los Tigres,2229,Not Sure 6,2236,-7,46.2,5.6,48.2,0,6,Loss,-83,2147
06/14/26,Blades,2531,Mudflaps,2239,291,82.8,3.0,14.3,1,1,Tie,-25,2506
06/14/26,Mudflaps,2239,Blades,2531,-291,14.3,3.0,82.8,1,1,Tie,25,2264
06/14/26,Wranglers,2508,Raiders,2415,93,60.5,5.2,34.3,6,0,Win,63,2571
06/14/26,Raiders,2415,Wranglers,2508,-93,34.3,5.2,60.5,0,6,Loss,-63,2352
06/14/26,Hungry Hatchlings,1613,Seattle Slapshots,1663,-50,40.1,5.5,54.4,3,7,Loss,-56,1557
06/14/26,Seattle Slapshots,1663,Hungry Hatchlings,1613,50,54.4,5.5,40.1,7,3,Win,56,1719
06/14/26,Rainier Reindeers HC-9,1265,Purple Puck Eaters,1136,129,65.4,4.9,29.7,5,1,Win,49,1314
06/14/26,Purple Puck Eaters,1136,Rainier Reindeers HC-9,1265,-129,29.7,4.9,65.4,1,5,Loss,-49,1087
06/14/26,Real Bacon,2278,Trash Pandas Garbage Legacy,2242,36,52.4,5.5,42.1,3,0,Win,62,2340
06/14/26,Trash Pandas Garbage Legacy,2242,Real Bacon,2278,-36,42.1,5.5,52.4,0,3,Loss,-62,2180
06/14/26,Spicy Kittens HC-8,1672,Seal Team Sticks,1743,-71,37.2,5.4,57.4,4,0,Win,88,1760
06/14/26,Seal Team Sticks,1743,Spicy Kittens HC-8,1672,71,57.4,5.4,37.2,0,4,Loss,-88,1655
06/14/26,Glow Sticks,1720,Spittin'' Llamas,1609,111,62.9,5.1,32.0,0,3,Loss,-83,1637
06/14/26,Spittin'' Llamas,1609,Glow Sticks,1720,-111,32.0,5.1,62.9,3,0,Win,83,1691
06/14/26,Banana Guardians,793,The Axolotls,1125,-332,11.6,2.5,85.9,4,1,Win,116,909
06/14/26,The Axolotls,1125,Banana Guardians,793,332,85.9,2.5,11.6,1,4,Loss,-116,1009
06/14/26,Mad Hat Tricks,1068,Rip-Its,1056,12,49.0,5.6,45.4,5,2,Win,67,1135
06/14/26,Rip-Its,1056,Mad Hat Tricks,1068,-12,45.4,5.6,49.0,2,5,Loss,-67,989
06/14/26,Yacht Flippers,1499,Orange Crush,1504,-6,46.4,5.6,48.0,0,1,Loss,-35,1464
06/14/26,Orange Crush,1504,Yacht Flippers,1499,6,48.0,5.6,46.4,1,0,Win,35,1539
06/14/26,Maelstrom,1027,Redrum,844,183,72.0,4.3,23.7,8,0,Win,50,1077
06/14/26,Redrum,844,Maelstrom,1027,-183,23.7,4.3,72.0,0,8,Loss,-50,794
06/15/26,Seattle Warriors,2446,Monarchs 6,2732,-286,14.6,3.0,82.3,2,1,Win,64,2510
06/15/26,Monarchs 6,2732,Seattle Warriors,2446,286,82.3,3.0,14.6,1,2,Loss,-64,2668
06/15/26,Brewzers OGB,2691,Squids,2613,78,58.3,5.3,36.3,7,0,Win,70,2761
06/15/26,Squids,2613,Brewzers OGB,2691,-78,36.3,5.3,58.3,0,7,Loss,-70,2543
06/15/26,Honey Badgers,2693,Rainier Reindeer HC-6,2627,66,56.7,5.4,37.9,5,5,Tie,-5,2688
06/15/26,Rainier Reindeer HC-6,2627,Honey Badgers,2693,-66,37.9,5.4,56.7,5,5,Tie,5,2632
06/15/26,The Seals,3010,Monarchs 5,2474,536,95.2,0.9,3.9,13,2,Win,10,3020
06/15/26,Monarchs 5,2474,The Seals,3010,-536,3.9,0.9,95.2,2,13,Loss,-10,2464
06/15/26,Black Katz,2760,Highlanders,2763,-3,46.8,5.6,47.6,2,5,Loss,-61,2699
06/15/26,Highlanders,2763,Black Katz,2760,3,47.6,5.6,46.8,5,2,Win,61,2824
06/15/26,TP6/Fossils,2531,Greenhorns,2500,31,51.6,5.6,42.8,4,5,Loss,-39,2492
06/15/26,Greenhorns,2500,TP6/Fossils,2531,-31,42.8,5.6,51.6,5,4,Win,39,2539
06/15/26,Stingers,2841,Midnight Twist,2879,-38,41.8,5.5,52.7,5,1,Win,82,2923
06/15/26,Midnight Twist,2879,Stingers,2841,38,52.7,5.5,41.8,1,5,Loss,-82,2797
06/15/26,Alpuckas,3145,Piranhas,2921,223,76.4,3.8,19.8,1,2,Loss,-57,3087
06/15/26,Piranhas,2921,Alpuckas,3145,-223,19.8,3.8,76.4,2,1,Win,57,2979
06/15/26,Dirty Couch Hockey Club,2697,Icemen,2472,225,76.6,3.8,19.6,2,0,Win,26,2723
06/15/26,Icemen,2472,Dirty Couch Hockey Club,2697,-225,19.6,3.8,76.6,0,2,Loss,-26,2446
06/15/26,PussyCats,2712,Flying Monkeys,2626,86,59.4,5.3,35.3,6,2,Win,57,2769
06/15/26,Flying Monkeys,2626,PussyCats,2712,-86,35.3,5.3,59.4,2,6,Loss,-57,2569
06/15/26,Jokres,2632,Hackers,2335,297,83.2,2.9,13.9,5,1,Win,24,2655
06/15/26,Hackers,2335,Jokres,2632,-297,13.9,2.9,83.2,1,5,Loss,-24,2311
06/16/26,Renegades,2846,Offspring,2936,-90,34.7,5.2,60.0,8,4,Win,92,2938
06/16/26,Offspring,2936,Renegades,2846,90,60.0,5.2,34.7,4,8,Loss,-92,2844
06/16/26,Reapers,2828,Yetis,3042,-213,20.7,3.9,75.4,5,2,Win,104,2933
06/16/26,Yetis,3042,Reapers,2828,213,75.4,3.9,20.7,2,5,Loss,-104,2937
06/16/26,Ice-O-Topes,2817,Seagulls,3018,-200,22.0,4.1,74.0,1,4,Loss,-29,2788
06/16/26,Seagulls,3018,Ice-O-Topes,2817,200,74.0,4.1,22.0,4,1,Win,29,3046
06/16/26,Sockeyes,2952,Five Hole Fiends,2874,78,58.4,5.3,36.3,3,9,Loss,-93,2859
06/16/26,Five Hole Fiends,2874,Sockeyes,2952,-78,36.3,5.3,58.4,9,3,Win,93,2967
06/16/26,Not Sure 5,2952,Dumpster Fire,3036,-84,35.4,5.3,59.3,5,9,Loss,-50,2902
06/16/26,Dumpster Fire,3036,Not Sure 5,2952,84,59.3,5.3,35.4,9,5,Win,50,3086
06/16/26,Dead Rabbits,3105,WKUTP-5,3186,-81,35.9,5.3,58.8,3,3,Tie,11,3115
06/16/26,WKUTP-5,3186,Dead Rabbits,3105,81,58.8,5.3,35.9,3,3,Tie,-11,3175
06/17/26,Top Cheddar,3141,DevilFish,3308,-167,25.4,4.5,70.1,3,2,Win,56,3197
06/17/26,DevilFish,3308,Top Cheddar,3141,167,70.1,4.5,25.4,2,3,Loss,-56,3252
06/17/26,Kraken Up,3249,Mighty Mallards,3367,-117,31.2,5.0,63.8,10,6,Win,97,3346
06/17/26,Mighty Mallards,3367,Kraken Up,3249,117,63.8,5.0,31.2,6,10,Loss,-97,3270
06/17/26,Moose Knuckle,3136,Wolves,3419,-284,14.8,3.1,82.1,6,1,Win,128,3264
06/17/26,Wolves,3419,Moose Knuckle,3136,284,82.1,3.1,14.8,1,6,Loss,-128,3292
06/17/26,Amigos,2970,BSOD,3001,-30,42.9,5.6,51.6,3,6,Loss,-56,2914
06/17/26,BSOD,3001,Amigos,2970,30,51.6,5.6,42.9,6,3,Win,56,3057
06/17/26,Edible Arrangements,3263,Greasy Weasels,3356,-93,34.3,5.2,60.4,6,2,Win,92,3356
06/17/26,Greasy Weasels,3356,Edible Arrangements,3263,93,60.4,5.2,34.3,2,6,Loss,-92,3264
06/18/26,Chiefs,4073,Northwest Crabs,4387,-314,12.7,2.7,84.5,2,3,Loss,-10,4064
06/18/26,Northwest Crabs,4387,Chiefs,4073,314,84.5,2.7,12.7,3,2,Win,10,4397
06/18/26,ALTP,4372,NW Stars,4362,10,48.6,5.6,45.8,8,5,Win,67,4439
06/18/26,NW Stars,4362,ALTP,4372,-10,45.8,5.6,48.6,5,8,Loss,-67,4295
06/18/26,Steelhead,3462,Screaming Eagles,3590,-128,29.9,4.9,65.2,1,4,Loss,-39,3423
06/18/26,Screaming Eagles,3590,Steelhead,3462,128,65.2,4.9,29.9,4,1,Win,39,3630
06/18/26,Schilling Cider,3115,Hooligans,3415,-300,13.7,2.9,83.5,3,4,Loss,-10,3105
06/18/26,Hooligans,3415,Schilling Cider,3115,300,83.5,2.9,13.7,4,3,Win,10,3425
06/18/26,Red Dog,3888,Fighting Narwhals,3946,-58,39.0,5.4,55.6,4,0,Win,86,3974
06/18/26,Fighting Narwhals,3946,Red Dog,3888,58,55.6,5.4,39.0,0,4,Loss,-86,3860
06/18/26,ESB,4201,Minner''s Minions,4588,-387,8.7,2.0,89.3,4,13,Loss,-16,4185
06/18/26,Minner''s Minions,4588,ESB,4201,387,89.3,2.0,8.7,13,4,Win,16,4605
06/18/26,Seattle Supernova,4193,Falcons,4390,-198,22.2,4.1,73.7,6,6,Tie,21,4213
06/18/26,Falcons,4390,Seattle Supernova,4193,198,73.7,4.1,22.2,6,6,Tie,-21,4369
06/18/26,Maple Bars,3483,Skateful Dead,3347,136,66.2,4.8,29.0,3,3,Tie,-12,3471
06/18/26,Skateful Dead,3347,Maple Bars,3483,-136,29.0,4.8,66.2,3,3,Tie,12,3359
06/18/26,Buck Wild,3355,Night Owls,3504,-149,27.5,4.7,67.8,2,2,Tie,17,3372
06/18/26,Night Owls,3504,Buck Wild,3355,149,67.8,4.7,27.5,2,2,Tie,-17,3487
06/18/26,LLUA,3391,Skeletons,3356,35,52.2,5.5,42.2,5,3,Win,54,3445
06/18/26,Skeletons,3356,LLUA,3391,-35,42.2,5.5,52.2,3,5,Loss,-54,3303
06/18/26,The Mighty Geoducks,4219,Mavericks,4223,-4,46.6,5.6,47.8,1,7,Loss,-74,4144
06/18/26,Mavericks,4223,The Mighty Geoducks,4219,4,47.8,5.6,46.6,7,1,Win,74,4297
06/19/26,Purple Puck Eaters,1087,Tropical Punchers,1127,-40,41.6,5.5,52.9,3,5,Loss,-47,1041
06/19/26,Tropical Punchers,1127,Purple Puck Eaters,1087,40,52.9,5.5,41.6,5,3,Win,47,1174
06/19/26,Khaos,1447,Red Zeppelin,1185,262,80.2,3.3,16.4,5,4,Win,15,1462
06/19/26,Red Zeppelin,1185,Khaos,1447,-262,16.4,3.3,80.2,4,5,Loss,-15,1170
06/19/26,Rainier Reindeers HC-9,1314,Spicy Kittens HC-9,1103,211,75.1,4.0,20.9,6,3,Win,33,1347
06/19/26,Spicy Kittens HC-9,1103,Rainier Reindeers HC-9,1314,-211,20.9,4.0,75.1,3,6,Loss,-33,1071
06/19/26,Gremlins Hockey,1242,Fighting Clams,1408,-167,25.5,4.5,70.1,3,6,Loss,-33,1208
06/19/26,Fighting Clams,1408,Gremlins Hockey,1242,167,70.1,4.5,25.5,6,3,Win,33,1442
06/20/26,Mighty Moose,1494,Yacht Flippers,1464,30,51.5,5.6,43.0,4,3,Win,36,1530
06/20/26,Yacht Flippers,1464,Mighty Moose,1494,-30,43.0,5.6,51.5,3,4,Loss,-36,1427
06/20/26,Blackbirds,1515,Orange Crush,1539,-24,43.7,5.6,50.7,2,5,Loss,-57,1457
06/20/26,Orange Crush,1539,Blackbirds,1515,24,50.7,5.6,43.7,5,2,Win,57,1596
06/20/26,SEA Cucumbers,1623,Pythons,1606,17,49.7,5.6,44.7,1,3,Loss,-56,1568
06/20/26,Pythons,1606,SEA Cucumbers,1623,-17,44.7,5.6,49.7,3,1,Win,56,1662
06/20/26,Toe Dragons,1632,Hungry Hatchlings,1557,76,58.1,5.3,36.6,3,2,Win,31,1664
06/20/26,Hungry Hatchlings,1557,Toe Dragons,1632,-76,36.6,5.3,58.1,2,3,Loss,-31,1525
06/21/26,Jokres,2655,Greenhorns,2539,116,63.6,5.0,31.4,4,7,Loss,-83,2572
06/21/26,Greenhorns,2539,Jokres,2655,-116,31.4,5.0,63.6,7,4,Win,83,2623
06/21/26,Seattle Slapshots,1719,Purple Reign,1452,267,80.7,3.3,16.0,4,3,Win,14,1734
06/21/26,Purple Reign,1452,Seattle Slapshots,1719,-267,16.0,3.3,80.7,3,4,Loss,-14,1437
06/21/26,Raiders,2352,Mudflaps,2264,88,59.7,5.3,35.0,2,1,Win,30,2382
06/21/26,Mudflaps,2264,Raiders,2352,-88,35.0,5.3,59.7,1,2,Loss,-30,2234
06/21/26,Trash Pandas Garbage Legacy,2180,Chucklepucks,2418,-238,18.4,3.6,78.0,1,5,Loss,-26,2154
06/21/26,Chucklepucks,2418,Trash Pandas Garbage Legacy,2180,238,78.0,3.6,18.4,5,1,Win,26,2444
06/21/26,Beer Dragons,944,Ice Breakers,1131,-187,23.3,4.2,72.5,0,5,Loss,-35,909
06/21/26,Ice Breakers,1131,Beer Dragons,944,187,72.5,4.2,23.3,5,0,Win,35,1166
06/21/26,Los Tigres,2147,Quacken,1985,162,69.5,4.5,26.0,1,6,Loss,-104,2043
06/21/26,Quacken,1985,Los Tigres,2147,-162,26.0,4.5,69.5,6,1,Win,104,2089
06/21/26,Honey Badgers,2688,Dirty Couch Hockey Club,2723,-35,42.2,5.5,52.3,4,2,Win,65,2753
06/21/26,Dirty Couch Hockey Club,2723,Honey Badgers,2688,35,52.3,5.5,42.2,2,4,Loss,-65,2658
06/21/26,Seattle Dogs,1850,BLU Bombers,1948,-98,33.7,5.2,61.1,4,4,Tie,12,1862
06/21/26,BLU Bombers,1948,Seattle Dogs,1850,98,61.1,5.2,33.7,4,4,Tie,-12,1936
06/21/26,Birrds,2041,Seattle Seals,1750,291,82.7,3.0,14.3,5,5,Tie,-25,2016
06/21/26,Seattle Seals,1750,Birrds,2041,-291,14.3,3.0,82.7,5,5,Tie,25,1774
06/21/26,Pond Pigeons,1641,Glow Sticks,1637,4,47.8,5.6,46.6,6,2,Win,73,1715
06/21/26,Glow Sticks,1637,Pond Pigeons,1641,-4,46.6,5.6,47.8,2,6,Loss,-73,1564
06/21/26,Banana Guardians,909,Doom Clouds/Golden Mules,1092,-183,23.8,4.3,71.9,5,6,Loss,-18,891
06/21/26,Doom Clouds/Golden Mules,1092,Banana Guardians,909,183,71.9,4.3,23.8,6,5,Win,18,1110
06/21/26,Mad Hat Tricks,1135,Galactic Penguins,936,199,73.8,4.1,22.1,2,1,Win,20,1155
06/21/26,Galactic Penguins,936,Mad Hat Tricks,1135,-199,22.1,4.1,73.8,1,2,Loss,-20,916
06/21/26,The Axolotls,1009,Redrum,794,215,75.5,3.9,20.5,8,0,Win,44,1053
06/21/26,Redrum,794,The Axolotls,1009,-215,20.5,3.9,75.5,0,8,Loss,-44,751
06/21/26,Seal Team Sticks,1655,Spittin'' Llamas,1691,-36,42.0,5.5,52.4,2,5,Loss,-55,1600
06/21/26,Spittin'' Llamas,1691,Seal Team Sticks,1655,36,52.4,5.5,42.0,5,2,Win,55,1746
06/21/26,Hackers,2311,Monarchs 6,2668,-357,10.2,2.3,87.5,2,6,Loss,-14,2297
06/21/26,Monarchs 6,2668,Hackers,2311,357,87.5,2.3,10.2,6,2,Win,14,2682
06/21/26,Roughnecks Mobile Infantry,1814,Lagooners,2040,-226,19.5,3.8,76.7,5,5,Tie,23,1837
06/21/26,Lagooners,2040,Roughnecks Mobile Infantry,1814,226,76.7,3.8,19.5,5,5,Tie,-23,2018
06/21/26,Maelstrom,1077,Rip-Its,989,89,59.8,5.3,34.9,2,1,Win,30,1107
06/21/26,Rip-Its,989,Maelstrom,1077,-89,34.9,5.3,59.8,1,2,Loss,-30,958
06/21/26,Brewzers OGB,2761,Seattle Warriors,2510,251,79.2,3.5,17.3,6,0,Win,33,2794
06/21/26,Seattle Warriors,2510,Brewzers OGB,2761,-251,17.3,3.5,79.2,0,6,Loss,-33,2477
06/21/26,Real Bacon,2340,Not Sure 6,2319,21,50.3,5.6,44.1,2,5,Loss,-66,2274
06/21/26,Not Sure 6,2319,Real Bacon,2340,-21,44.1,5.6,50.3,5,2,Win,66,2385
06/21/26,Seattle Freeze,2190,Hampton West Hockey Club,2320,-130,29.7,4.9,65.4,3,4,Loss,-22,2168
06/21/26,Hampton West Hockey Club,2320,Seattle Freeze,2190,130,65.4,4.9,29.7,4,3,Win,22,2342
06/21/26,Blackouts,1731,Spicy Kittens HC-8,1760,-30,42.9,5.6,51.5,6,7,Loss,-32,1698
06/21/26,Spicy Kittens HC-8,1760,Blackouts,1731,30,51.5,5.6,42.9,7,6,Win,32,1793
06/21/26,Nordekes,1862,LKI,1935,-73,36.9,5.4,57.7,6,2,Win,89,1951
06/21/26,LKI,1935,Nordekes,1862,73,57.7,5.4,36.9,2,6,Loss,-89,1846
06/21/26,Trash Pandas 7/Coyotes,2565,Blades,2506,59,55.8,5.4,38.8,2,3,Loss,-42,2524
06/21/26,Blades,2506,Trash Pandas 7/Coyotes,2565,-59,38.8,5.4,55.8,3,2,Win,42,2548
06/21/26,Iced Awesome,1857,Fluffy Bunnies,2172,-314,12.7,2.7,84.6,0,7,Loss,-21,1836
06/21/26,Fluffy Bunnies,2172,Iced Awesome,1857,314,84.6,2.7,12.7,7,0,Win,21,2193
06/22/26,Alpuckas,3087,Stingers,2923,165,69.8,4.5,25.7,4,5,Loss,-52,3035
06/22/26,Stingers,2923,Alpuckas,3087,-165,25.7,4.5,69.8,5,4,Win,52,2975
06/22/26,Wranglers,2571,Barrel Aged Brewzers,2574,-3,46.8,5.6,47.6,1,3,Loss,-53,2518
06/22/26,Barrel Aged Brewzers,2574,Wranglers,2571,3,47.6,5.6,46.8,3,1,Win,53,2626
06/22/26,Highlanders,2824,PussyCats,2769,55,55.2,5.5,39.4,7,2,Win,67,2892
06/22/26,PussyCats,2769,Highlanders,2824,-55,39.4,5.5,55.2,2,7,Loss,-67,2702
06/22/26,TP6/Fossils,2492,Rainier Reindeer HC-6,2632,-139,28.6,4.8,66.7,3,5,Loss,-32,2460
06/22/26,Rainier Reindeer HC-6,2632,TP6/Fossils,2492,139,66.7,4.8,28.6,5,3,Win,32,2664
06/22/26,Icemen,2446,Squids,2543,-97,33.8,5.2,61.0,7,5,Win,75,2520
06/22/26,Squids,2543,Icemen,2446,97,61.0,5.2,33.8,5,7,Loss,-75,2468
06/22/26,Flying Monkeys,2569,The Seals,3020,-451,6.2,1.4,92.3,2,6,Loss,-9,2560
06/22/26,The Seals,3020,Flying Monkeys,2569,451,92.3,1.4,6.2,6,2,Win,9,3029
06/22/26,Midnight Twist,2797,Five Hole Fiends,2967,-170,25.1,4.4,70.4,0,10,Loss,-49,2747
06/22/26,Five Hole Fiends,2967,Midnight Twist,2797,170,70.4,4.4,25.1,10,0,Win,49,3016
06/22/26,Piranhas,2979,Yetis,2937,41,53.2,5.5,41.3,3,3,Tie,-2,2976
06/22/26,Yetis,2937,Piranhas,2979,-41,41.3,5.5,53.2,3,3,Tie,2,2940
06/22/26,Black Katz,2699,Monarchs 5,2464,234,77.6,3.7,18.8,0,1,Loss,-58,2640
06/22/26,Monarchs 5,2464,Black Katz,2699,-234,18.8,3.7,77.6,1,0,Win,58,2522
06/23/26,Amigos,2914,Not Sure 5,2902,12,48.9,5.6,45.5,6,7,Loss,-37,2877
06/23/26,Not Sure 5,2902,Amigos,2914,-12,45.5,5.6,48.9,7,6,Win,37,2939
06/23/26,Dead Rabbits,3115,BSOD,3057,59,55.6,5.4,38.9,9,2,Win,75,3190
06/23/26,BSOD,3057,Dead Rabbits,3115,-59,38.9,5.4,55.6,2,9,Loss,-75,2982
06/23/26,Renegades,2938,Reapers,2933,5,48.0,5.6,46.4,1,2,Loss,-36,2902
06/23/26,Reapers,2933,Renegades,2938,-5,46.4,5.6,48.0,2,1,Win,36,2968
06/24/26,Shockers,3561,Goal Diggers,3671,-111,32.1,5.1,62.9,2,3,Loss,-24,3537
06/24/26,Goal Diggers,3671,Shockers,3561,111,62.9,5.1,32.1,3,2,Win,24,3695
06/24/26,Dumpster Fire,3086,WKUTP-5,3175,-89,34.8,5.2,59.9,3,3,Tie,11,3097
06/24/26,WKUTP-5,3175,Dumpster Fire,3086,89,59.9,5.2,34.8,3,3,Tie,-11,3164
06/24/26,Top Cheddar,3197,Greasy Weasels,3264,-67,37.8,5.4,56.8,3,7,Loss,-53,3144
06/24/26,Greasy Weasels,3264,Top Cheddar,3197,67,56.8,5.4,37.8,7,3,Win,53,3317
06/24/26,Seagulls,3046,Offspring,2844,202,74.2,4.1,21.7,4,2,Win,29,3075
06/24/26,Offspring,2844,Seagulls,3046,-202,21.7,4.1,74.2,2,4,Loss,-29,2815
06/24/26,Wolves,3292,DevilFish,3252,40,53.0,5.5,41.5,7,4,Win,62,3353
06/24/26,DevilFish,3252,Wolves,3292,-40,41.5,5.5,53.0,4,7,Loss,-62,3190
06/24/26,Sockeyes,2859,Ice-O-Topes,2788,70,57.3,5.4,37.3,6,2,Win,60,2919
06/24/26,Ice-O-Topes,2788,Sockeyes,2859,-70,37.3,5.4,57.3,2,6,Loss,-60,2728
06/25/26,Puckbuddies,3968,The Herd,3844,124,64.6,4.9,30.5,5,7,Loss,-73,3895
06/25/26,The Herd,3844,Puckbuddies,3968,-124,30.5,4.9,64.6,7,5,Win,73,3917
06/25/26,Boozin Cougs,4120,Rhinos,3878,242,78.3,3.6,18.1,5,2,Win,29,4148
06/25/26,Rhinos,3878,Boozin Cougs,4120,-242,18.1,3.6,78.3,2,5,Loss,-29,3850
06/25/26,Red Dog,3974,Mavericks,4297,-323,12.1,2.6,85.2,4,3,Win,66,4040
06/25/26,Mavericks,4297,Red Dog,3974,323,85.2,2.6,12.1,3,4,Loss,-66,4231
06/25/26,Sasquatch,3640,Sabercats,3637,4,47.8,5.6,46.6,3,2,Win,39,3680
06/25/26,Sabercats,3637,Sasquatch,3640,-4,46.6,5.6,47.8,2,3,Loss,-39,3597
06/25/26,MMHC,3852,Eagles,3957,-105,32.7,5.1,62.1,5,8,Loss,-43,3809
06/25/26,Eagles,3957,MMHC,3852,105,62.1,5.1,32.7,8,5,Win,43,4000
06/25/26,ALTP,4439,Minner''s Minions,4605,-165,25.6,4.5,69.9,10,7,Win,98,4537
06/25/26,Minner''s Minions,4605,ALTP,4439,165,69.9,4.5,25.6,7,10,Loss,-98,4507
06/25/26,Moose Knuckle,3264,Skeletons,3303,-39,41.7,5.5,52.8,3,4,Loss,-31,3232
06/25/26,Skeletons,3303,Moose Knuckle,3264,39,52.8,5.5,41.7,4,3,Win,31,3334
06/25/26,The Brigade,4122,Fighting Narwhals,3860,262,80.2,3.3,16.5,4,7,Loss,-105,4017
06/25/26,Fighting Narwhals,3860,The Brigade,4122,-262,16.5,3.3,80.2,7,4,Win,105,3966
06/25/26,Coconut Corgis,3502,Chinooks,3719,-217,20.3,3.9,75.8,5,11,Loss,-32,3470
06/25/26,Chinooks,3719,Coconut Corgis,3502,217,75.8,3.9,20.3,11,5,Win,32,3752
06/25/26,Pheasants,4176,Northwest Crabs,4397,-221,20.0,3.8,76.2,1,3,Loss,-22,4154
06/25/26,Northwest Crabs,4397,Pheasants,4176,221,76.2,3.8,20.0,3,1,Win,22,4419
06/25/26,Falcons,4369,NW Stars,4295,75,57.9,5.3,36.7,5,6,Loss,-43,4326
06/25/26,NW Stars,4295,Falcons,4369,-75,36.7,5.3,57.9,6,5,Win,43,4338
06/25/26,ESB,4185,Seattle Supernova,4213,-28,43.1,5.6,51.3,1,1,Tie,5,4190
06/25/26,Seattle Supernova,4213,ESB,4185,28,51.3,5.6,43.1,1,1,Tie,-5,4208
06/26/26,Pond Pigeons,1715,Spicy Kittens HC-8,1793,-78,36.3,5.3,58.4,0,2,Loss,-41,1674
06/26/26,Spicy Kittens HC-8,1793,Pond Pigeons,1715,78,58.4,5.3,36.3,2,0,Win,41,1834
06/26/26,Glow Sticks,1564,Spittin'' Llamas,1746,-183,23.7,4.3,72.0,4,1,Win,100,1664
06/26/26,Spittin'' Llamas,1746,Glow Sticks,1564,183,72.0,4.3,23.7,1,4,Loss,-100,1646
06/27/26,Seattle Dogs,1862,Lagooners,2018,-155,26.7,4.6,68.7,4,1,Win,96,1958
06/27/26,Lagooners,2018,Seattle Dogs,1862,155,68.7,4.6,26.7,1,4,Loss,-96,1921
06/27/26,Blackouts,1698,Seal Team Sticks,1600,98,61.2,5.2,33.6,6,1,Win,58,1757
06/27/26,Seal Team Sticks,1600,Blackouts,1698,-98,33.6,5.2,61.2,1,6,Loss,-58,1542
06/28/26,Rainier Reindeers HC-9,1347,Khaos,1462,-115,31.5,5.0,63.4,1,2,Loss,-24,1323
06/28/26,Khaos,1462,Rainier Reindeers HC-9,1347,115,63.4,5.0,31.5,2,1,Win,24,1485
06/28/26,Fluffy Bunnies,2193,Quacken,2089,104,61.9,5.1,32.9,1,4,Loss,-81,2112
06/28/26,Quacken,2089,Fluffy Bunnies,2193,-104,32.9,5.1,61.9,4,1,Win,81,2171
06/28/26,Mudflaps,2234,Blades,2548,-314,12.7,2.7,84.6,3,1,Win,98,2332
06/28/26,Blades,2548,Mudflaps,2234,314,84.6,2.7,12.7,1,3,Loss,-98,2450
06/28/26,Purple Puck Eaters,1041,Red Zeppelin,1170,-129,29.8,4.9,65.3,8,5,Win,92,1133
06/28/26,Red Zeppelin,1170,Purple Puck Eaters,1041,129,65.3,4.9,29.8,5,8,Loss,-92,1078
06/28/26,Maelstrom,1107,The Axolotls,1053,54,55.0,5.5,39.5,2,2,Tie,-4,1103
06/28/26,The Axolotls,1053,Maelstrom,1107,-54,39.5,5.5,55.0,2,2,Tie,4,1057
06/28/26,Highlanders,2892,Black Katz,2640,251,79.2,3.5,17.3,1,6,Loss,-119,2773
06/28/26,Black Katz,2640,Highlanders,2892,-251,17.3,3.5,79.2,6,1,Win,119,2759
06/28/26,Roughnecks Mobile Infantry,1837,Nordekes,1951,-113,31.7,5.0,63.2,4,3,Win,51,1888
06/28/26,Nordekes,1951,Roughnecks Mobile Infantry,1837,113,63.2,5.0,31.7,3,4,Loss,-51,1899
06/28/26,Fighting Clams,1442,Yacht Flippers,1427,14,49.3,5.6,45.1,8,2,Win,81,1523
06/28/26,Yacht Flippers,1427,Fighting Clams,1442,-14,45.1,5.6,49.3,2,8,Loss,-81,1347
06/28/26,Not Sure 6,2385,Hampton West Hockey Club,2342,43,53.3,5.5,41.1,5,2,Win,61,2446
06/28/26,Hampton West Hockey Club,2342,Not Sure 6,2385,-43,41.1,5.5,53.3,2,5,Loss,-61,2281
06/28/26,Tropical Punchers,1174,Spicy Kittens HC-9,1071,103,61.8,5.1,33.0,4,4,Tie,-9,1165
06/28/26,Spicy Kittens HC-9,1071,Tropical Punchers,1174,-103,33.0,5.1,61.8,4,4,Tie,9,1079
06/28/26,Hackers,2297,Greenhorns,2623,-326,12.0,2.6,85.4,2,4,Loss,-13,2283
06/28/26,Greenhorns,2623,Hackers,2297,326,85.4,2.6,12.0,4,2,Win,13,2636
06/28/26,Real Bacon,2274,Trash Pandas Garbage Legacy,2154,121,64.2,5.0,30.8,0,4,Loss,-90,2184
06/28/26,Trash Pandas Garbage Legacy,2154,Real Bacon,2274,-121,30.8,5.0,64.2,4,0,Win,90,2244
06/28/26,Gremlins Hockey,1208,Orange Crush,1596,-388,8.7,2.0,89.3,1,4,Loss,-11,1197
06/28/26,Orange Crush,1596,Gremlins Hockey,1208,388,89.3,2.0,8.7,4,1,Win,11,1608
06/28/26,Hungry Hatchlings,1525,Seattle Slapshots,1734,-209,21.1,4.0,74.9,0,8,Loss,-38,1487
06/28/26,Seattle Slapshots,1734,Hungry Hatchlings,1525,209,74.9,4.0,21.1,8,0,Win,38,1771
06/28/26,Birrds,2016,LKI,1846,170,70.4,4.5,25.1,7,5,Win,33,2049
06/28/26,LKI,1846,Birrds,2016,-170,25.1,4.5,70.4,5,7,Loss,-33,1813
06/28/26,SEA Cucumbers,1568,Toe Dragons,1664,-96,33.9,5.2,60.9,2,1,Win,50,1617
06/28/26,Toe Dragons,1664,SEA Cucumbers,1568,96,60.9,5.2,33.9,1,2,Loss,-50,1614
06/28/26,Beer Dragons,909,Banana Guardians,891,17,49.7,5.6,44.7,4,2,Win,57,965
06/28/26,Banana Guardians,891,Beer Dragons,909,-17,44.7,5.6,49.7,2,4,Loss,-57,835
06/28/26,Rip-Its,958,Galactic Penguins,916,42,53.3,5.5,41.2,5,0,Win,70,1029
06/28/26,Galactic Penguins,916,Rip-Its,958,-42,41.2,5.5,53.3,0,5,Loss,-70,846
06/28/26,Iced Awesome,1836,Los Tigres,2043,-207,21.3,4.0,74.7,5,2,Win,103,1939
06/28/26,Los Tigres,2043,Iced Awesome,1836,207,74.7,4.0,21.3,2,5,Loss,-103,1939
06/28/26,Pythons,1662,Purple Reign,1437,224,76.6,3.8,19.7,3,1,Win,26,1688
06/28/26,Purple Reign,1437,Pythons,1662,-224,19.7,3.8,76.6,1,3,Loss,-26,1411
06/28/26,Brewzers OGB,2794,Icemen,2520,274,81.3,3.2,15.5,7,3,Win,26,2821
06/28/26,Icemen,2520,Brewzers OGB,2794,-274,15.5,3.2,81.3,3,7,Loss,-26,2494
06/28/26,Chucklepucks,2444,Seattle Freeze,2168,276,81.4,3.2,15.4,4,4,Tie,-24,2420
06/28/26,Seattle Freeze,2168,Chucklepucks,2444,-276,15.4,3.2,81.4,4,4,Tie,24,2192
06/28/26,Ice Breakers,1166,Doom Clouds/Golden Mules,1110,56,55.3,5.5,39.2,8,1,Win,75,1241
06/28/26,Doom Clouds/Golden Mules,1110,Ice Breakers,1166,-56,39.2,5.5,55.3,1,8,Loss,-75,1034
06/28/26,Redrum,751,Mad Hat Tricks,1155,-404,8.0,1.8,90.2,1,4,Loss,-11,740
06/28/26,Mad Hat Tricks,1155,Redrum,751,404,90.2,1.8,8.0,4,1,Win,11,1165
06/28/26,Flying Monkeys,2560,Monarchs 5,2522,38,52.7,5.5,41.8,4,4,Tie,-2,2558
06/28/26,Monarchs 5,2522,Flying Monkeys,2560,-38,41.8,5.5,52.7,4,4,Tie,2,2524
06/28/26,Raiders,2382,Wranglers,2518,-136,28.9,4.8,66.3,1,3,Loss,-33,2349
06/28/26,Wranglers,2518,Raiders,2382,136,66.3,4.8,28.9,3,1,Win,33,2551
06/28/26,Rainier Reindeer HC-6,2664,Monarchs 6,2682,-18,44.6,5.6,49.9,1,3,Loss,-50,2614
06/28/26,Monarchs 6,2682,Rainier Reindeer HC-6,2664,18,49.9,5.6,44.6,3,1,Win,50,2732
06/28/26,Blackbirds,1457,Mighty Moose,1530,-73,37.0,5.4,57.6,3,0,Win,83,1540
06/28/26,Mighty Moose,1530,Blackbirds,1457,73,57.6,5.4,37.0,0,3,Loss,-83,1447
06/28/26,Seattle Seals,1774,BLU Bombers,1936,-161,26.0,4.5,69.4,5,4,Win,55,1830
06/28/26,BLU Bombers,1936,Seattle Seals,1774,161,69.4,4.5,26.0,4,5,Loss,-55,1880
06/28/26,Honey Badgers,2753,Seattle Warriors,2477,276,81.5,3.2,15.4,4,4,Tie,-24,2729
06/28/26,Seattle Warriors,2477,Honey Badgers,2753,-276,15.4,3.2,81.5,4,4,Tie,24,2500
06/29/26,Alpuckas,3035,Piranhas,2976,59,55.6,5.4,38.9,4,5,Loss,-42,2993
06/29/26,Piranhas,2976,Alpuckas,3035,-59,38.9,5.4,55.6,5,4,Win,42,3018
06/29/26,BSOD,2982,WKUTP-5,3164,-182,23.8,4.3,71.9,4,4,Tie,20,3002
06/29/26,WKUTP-5,3164,BSOD,2982,182,71.9,4.3,23.8,4,4,Tie,-20,3144
06/29/26,Reapers,2968,Offspring,2815,154,68.4,4.6,26.9,4,4,Tie,-14,2955
06/29/26,Offspring,2815,Reapers,2968,-154,26.9,4.6,68.4,4,4,Tie,14,2829
06/29/26,The Seals,3029,PussyCats,2702,327,85.5,2.6,11.9,3,4,Loss,-64,2965
06/29/26,PussyCats,2702,The Seals,3029,-327,11.9,2.6,85.5,4,3,Win,64,2766
06/29/26,Amigos,2877,Dumpster Fire,3097,-220,20.1,3.8,76.1,5,9,Loss,-28,2849
06/29/26,Dumpster Fire,3097,Amigos,2877,220,76.1,3.8,20.1,9,5,Win,28,3126
06/29/26,Dirty Couch Hockey Club,2658,Squids,2468,190,72.8,4.2,23.0,7,4,Win,36,2694
06/29/26,Squids,2468,Dirty Couch Hockey Club,2658,-190,23.0,4.2,72.8,4,7,Loss,-36,2433
06/29/26,TP6/Fossils,2460,Jokres,2572,-112,31.9,5.1,63.0,6,4,Win,77,2537
06/29/26,Jokres,2572,TP6/Fossils,2460,112,63.0,5.1,31.9,4,6,Loss,-77,2495
06/29/26,Moose Knuckle,3232,Greasy Weasels,3317,-85,35.4,5.3,59.3,2,5,Loss,-46,3186
06/29/26,Greasy Weasels,3317,Moose Knuckle,3232,85,59.3,5.3,35.4,5,2,Win,46,3363
06/29/26,Barrel Aged Brewzers,2626,Trash Pandas 7/Coyotes,2524,103,61.8,5.1,33.1,1,3,Loss,-69,2557
06/29/26,Trash Pandas 7/Coyotes,2524,Barrel Aged Brewzers,2626,-103,33.1,5.1,61.8,3,1,Win,69,2593
06/29/26,Ice-O-Topes,2728,Seagulls,3075,-347,10.8,2.4,86.9,0,2,Loss,-12,2716
06/29/26,Seagulls,3075,Ice-O-Topes,2728,347,86.9,2.4,10.8,2,0,Win,12,3088
06/30/26,Dead Rabbits,3190,Not Sure 5,2939,252,79.3,3.5,17.3,3,1,Win,23,3214
06/30/26,Not Sure 5,2939,Dead Rabbits,3190,-252,17.3,3.5,79.3,1,3,Loss,-23,2915
06/30/26,Renegades,2902,Sockeyes,2919,-17,44.8,5.6,49.6,2,7,Loss,-67,2835
06/30/26,Sockeyes,2919,Renegades,2902,17,49.6,5.6,44.8,7,2,Win,67,2986
06/30/26,Midnight Twist,2747,Stingers,2975,-228,19.4,3.7,76.9,2,6,Loss,-27,2720
06/30/26,Stingers,2975,Midnight Twist,2747,228,76.9,3.7,19.4,6,2,Win,27,3002
06/30/26,LLUA,3445,Kraken Up,3346,99,61.3,5.2,33.6,9,8,Win,29,3474
06/30/26,Kraken Up,3346,LLUA,3445,-99,33.6,5.2,61.3,8,9,Loss,-29,3317
06/30/26,Schilling Cider,3105,Edible Arrangements,3356,-251,17.3,3.5,79.2,5,8,Loss,-23,3082
06/30/26,Edible Arrangements,3356,Schilling Cider,3105,251,79.2,3.5,17.3,8,5,Win,23,3378
06/30/26,Five Hole Fiends,3016,Yetis,2940,76,58.1,5.3,36.5,4,1,Win,55,3071
06/30/26,Yetis,2940,Five Hole Fiends,3016,-76,36.5,5.3,58.1,1,4,Loss,-55,2885
07/01/26,DevilFish,3190,Top Cheddar,3144,46,53.9,5.5,40.6,7,2,Win,69,3259
07/01/26,Top Cheddar,3144,DevilFish,3190,-46,40.6,5.5,53.9,2,7,Loss,-69,3074
07/01/26,Eagles,4000,The Herd,3917,83,59.1,5.3,35.6,10,4,Win,65,4065
07/01/26,The Herd,3917,Eagles,4000,-83,35.6,5.3,59.1,4,10,Loss,-65,3852
07/01/26,Buck Wild,3372,Screaming Eagles,3630,-258,16.8,3.4,79.8,2,4,Loss,-19,3353
07/01/26,Screaming Eagles,3630,Buck Wild,3372,258,79.8,3.4,16.8,4,2,Win,19,3648
07/01/26,Chinooks,3752,Shockers,3537,215,75.6,3.9,20.5,1,5,Loss,-106,3645
07/01/26,Shockers,3537,Chinooks,3752,-215,20.5,3.9,75.6,5,1,Win,106,3643
07/01/26,Boozin Cougs,4148,Puckbuddies,3895,253,79.4,3.4,17.2,9,2,Win,35,4183
07/01/26,Puckbuddies,3895,Boozin Cougs,4148,-253,17.2,3.4,79.4,2,9,Loss,-35,3860
07/01/26,Fighting Narwhals,3966,Pheasants,4154,-188,23.2,4.2,72.6,7,5,Win,86,4052
07/01/26,Pheasants,4154,Fighting Narwhals,3966,188,72.6,4.2,23.2,5,7,Loss,-86,4067
07/01/26,Skeletons,3334,Wolves,3353,-20,44.4,5.6,50.0,5,7,Loss,-50,3284
07/01/26,Wolves,3353,Skeletons,3334,20,50.0,5.6,44.4,7,5,Win,50,3403
07/02/26,Falcons,4326,ALTP,4537,-211,20.9,4.0,75.1,4,5,Loss,-16,4310
07/02/26,ALTP,4537,Falcons,4326,211,75.1,4.0,20.9,5,4,Win,16,4553
07/02/26,Maple Bars,3471,Steelhead,3423,48,54.1,5.5,40.4,7,5,Win,52,3522
07/02/26,Steelhead,3423,Maple Bars,3471,-48,40.4,5.5,54.1,5,7,Loss,-52,3371
07/02/26,MMHC,3809,Rhinos,3850,-41,41.4,5.5,53.1,10,13,Loss,-54,3754
07/02/26,Rhinos,3850,MMHC,3809,41,53.1,5.5,41.4,13,10,Win,54,3904
07/02/26,Sasquatch,3680,Coconut Corgis,3470,210,75.0,4.0,21.0,2,6,Loss,-105,3574
07/02/26,Coconut Corgis,3470,Sasquatch,3680,-210,21.0,4.0,75.0,6,2,Win,105,3575
07/02/26,ESB,4190,Minner''s Minions,4507,-317,12.6,2.7,84.8,5,8,Loss,-16,4174
07/02/26,Minner''s Minions,4507,ESB,4190,317,84.8,2.7,12.6,8,5,Win,16,4524
07/02/26,Mighty Mallards,3270,Hooligans,3425,-155,26.7,4.6,68.6,4,3,Win,55,3325
07/02/26,Hooligans,3425,Mighty Mallards,3270,155,68.6,4.6,26.7,3,4,Loss,-55,3370
07/02/26,Northwest Crabs,4419,Mavericks,4231,188,72.6,4.2,23.2,4,2,Win,31,4450
07/02/26,Mavericks,4231,Northwest Crabs,4419,-188,23.2,4.2,72.6,2,4,Loss,-31,4201
07/02/26,Seattle Supernova,4208,NW Stars,4338,-130,29.7,4.9,65.4,3,6,Loss,-39,4169
07/02/26,NW Stars,4338,Seattle Supernova,4208,130,65.4,4.9,29.7,6,3,Win,39,4377
07/02/26,Sabercats,3597,Goal Diggers,3695,-98,33.7,5.2,61.1,2,3,Loss,-25,3572
07/02/26,Goal Diggers,3695,Sabercats,3597,98,61.1,5.2,33.7,3,2,Win,25,3720
07/02/26,Night Owls,3487,Skateful Dead,3359,127,65.1,4.9,30.0,2,7,Loss,-98,3389
07/02/26,Skateful Dead,3359,Night Owls,3487,-127,30.0,4.9,65.1,7,2,Win,98,3457
07/02/26,Chiefs,4064,The Brigade,4017,47,54.0,5.5,40.5,6,1,Win,69,4133
07/02/26,The Brigade,4017,Chiefs,4064,-47,40.5,5.5,54.0,1,6,Loss,-69,3948
07/02/26,Red Dog,4040,The Mighty Geoducks,4144,-105,32.8,5.1,62.1,8,7,Win,50,4090
07/02/26,The Mighty Geoducks,4144,Red Dog,4040,105,62.1,5.1,32.8,7,8,Loss,-50,4094
07/05/26,Hampton West Hockey Club,2281,Trash Pandas Garbage Legacy,2244,37,52.6,5.5,41.9,7,0,Win,80,2361
07/05/26,Trash Pandas Garbage Legacy,2244,Hampton West Hockey Club,2281,-37,41.9,5.5,52.6,0,7,Loss,-80,2164
07/05/26,Chucklepucks,2420,Real Bacon,2184,236,77.7,3.6,18.6,4,1,Win,29,2449
07/05/26,Real Bacon,2184,Chucklepucks,2420,-236,18.6,3.6,77.7,1,4,Loss,-29,2155
07/05/26,Gremlins Hockey,1197,Blackbirds,1540,-343,11.0,2.4,86.6,2,13,Loss,-23,1174
07/05/26,Blackbirds,1540,Gremlins Hockey,1197,343,86.6,2.4,11.0,13,2,Win,23,1563
07/05/26,Monarchs 6,2732,Jokres,2495,237,77.8,3.6,18.5,3,3,Tie,-21,2712
07/05/26,Jokres,2495,Monarchs 6,2732,-237,18.5,3.6,77.8,3,3,Tie,21,2516
07/05/26,Spicy Kittens HC-9,1079,Red Zeppelin,1078,2,47.5,5.6,46.9,6,2,Win,74,1153
07/05/26,Red Zeppelin,1078,Spicy Kittens HC-9,1079,-2,46.9,5.6,47.5,2,6,Loss,-74,1004
07/05/26,Pond Pigeons,1674,Blackouts,1757,-83,35.7,5.3,59.0,5,3,Win,72,1746
07/05/26,Blackouts,1757,Pond Pigeons,1674,83,59.0,5.3,35.7,3,5,Loss,-72,1684
07/05/26,Yacht Flippers,1347,Orange Crush,1608,-261,16.5,3.3,80.2,0,1,Loss,-12,1334
07/05/26,Orange Crush,1608,Yacht Flippers,1347,261,80.2,3.3,16.5,1,0,Win,12,1620
07/05/26,Fluffy Bunnies,2112,LKI,1813,299,83.4,2.9,13.8,8,0,Win,30,2141
07/05/26,LKI,1813,Fluffy Bunnies,2112,-299,13.8,2.9,83.4,0,8,Loss,-30,1784
07/05/26,Redrum,740,Maelstrom,1103,-363,9.9,2.2,87.9,2,3,Loss,-7,733
07/05/26,Maelstrom,1103,Redrum,740,363,87.9,2.2,9.9,3,2,Win,7,1111
07/05/26,Nordekes,1899,Lagooners,1921,-22,44.0,5.6,50.4,7,4,Win,73,1973
07/05/26,Lagooners,1921,Nordekes,1899,22,50.4,5.6,44.0,4,7,Loss,-73,1848
07/05/26,BLU Bombers,1880,Seattle Dogs,1958,-78,36.3,5.3,58.4,9,0,Win,119,2000
07/05/26,Seattle Dogs,1958,BLU Bombers,1880,78,58.4,5.3,36.3,0,9,Loss,-119,1839
07/05/26,Glow Sticks,1664,Seal Team Sticks,1542,122,64.4,5.0,30.6,7,1,Win,57,1721
07/05/26,Seal Team Sticks,1542,Glow Sticks,1664,-122,30.6,5.0,64.4,1,7,Loss,-57,1485
07/05/26,Hungry Hatchlings,1487,SEA Cucumbers,1617,-130,29.7,4.9,65.4,6,3,Win,92,1580
07/05/26,SEA Cucumbers,1617,Hungry Hatchlings,1487,130,65.4,4.9,29.7,3,6,Loss,-92,1525
07/05/26,Doom Clouds/Golden Mules,1034,Beer Dragons,965,69,57.1,5.4,37.5,2,3,Loss,-43,991
07/05/26,Beer Dragons,965,Doom Clouds/Golden Mules,1034,-69,37.5,5.4,57.1,3,2,Win,43,1008
07/05/26,Rip-Its,1029,Mad Hat Tricks,1165,-137,28.9,4.8,66.3,4,3,Win,53,1082
07/05/26,Mad Hat Tricks,1165,Rip-Its,1029,137,66.3,4.8,28.9,3,4,Loss,-53,1112
07/05/26,Barrel Aged Brewzers,2557,Raiders,2349,207,74.7,4.0,21.3,4,4,Tie,-19,2538
07/05/26,Raiders,2349,Barrel Aged Brewzers,2557,-207,21.3,4.0,74.7,4,4,Tie,19,2368
07/05/26,Galactic Penguins,846,The Axolotls,1057,-211,21.0,4.0,75.1,0,3,Loss,-28,819
07/05/26,The Axolotls,1057,Galactic Penguins,846,211,75.1,4.0,21.0,3,0,Win,28,1084
07/05/26,Banana Guardians,835,Ice Breakers,1241,-407,7.9,1.8,90.3,1,9,Loss,-14,821
07/05/26,Ice Breakers,1241,Banana Guardians,835,407,90.3,1.8,7.9,9,1,Win,14,1255
07/05/26,Fighting Clams,1523,Mighty Moose,1447,75,58.0,5.3,36.6,0,2,Loss,-65,1457
07/05/26,Mighty Moose,1447,Fighting Clams,1523,-75,36.6,5.3,58.0,2,0,Win,65,1513
07/05/26,Mudflaps,2332,Trash Pandas 7/Coyotes,2593,-261,16.5,3.3,80.1,5,2,Win,110,2442
07/05/26,Trash Pandas 7/Coyotes,2593,Mudflaps,2332,261,80.1,3.3,16.5,2,5,Loss,-110,2484
07/05/26,Purple Puck Eaters,1133,Khaos,1485,-353,10.5,2.3,87.2,2,8,Loss,-17,1116
07/05/26,Khaos,1485,Purple Puck Eaters,1133,353,87.2,2.3,10.5,8,2,Win,17,1502
07/05/26,Not Sure 6,2446,Seattle Freeze,2192,255,79.5,3.4,17.1,10,3,Win,35,2481
07/05/26,Seattle Freeze,2192,Not Sure 6,2446,-255,17.1,3.4,79.5,3,10,Loss,-35,2157
07/05/26,Tropical Punchers,1165,Rainier Reindeers HC-9,1323,-158,26.4,4.6,69.0,1,4,Loss,-35,1130
07/05/26,Rainier Reindeers HC-9,1323,Tropical Punchers,1165,158,69.0,4.6,26.4,4,1,Win,35,1358
07/05/26,Spittin'' Llamas,1646,Spicy Kittens HC-8,1834,-187,23.3,4.2,72.5,6,3,Win,101,1747
07/05/26,Spicy Kittens HC-8,1834,Spittin'' Llamas,1646,187,72.5,4.2,23.3,3,6,Loss,-101,1733
07/05/26,Rainier Reindeer HC-6,2614,Hackers,2283,331,85.8,2.5,11.7,9,4,Win,21,2635
07/05/26,Hackers,2283,Rainier Reindeer HC-6,2614,-331,11.7,2.5,85.8,4,9,Loss,-21,2262
07/05/26,Roughnecks Mobile Infantry,1888,Seattle Seals,1830,59,55.6,5.4,38.9,4,2,Win,50,1938
07/05/26,Seattle Seals,1830,Roughnecks Mobile Infantry,1888,-59,38.9,5.4,55.6,2,4,Loss,-50,1780
07/05/26,Pythons,1688,Seattle Slapshots,1771,-83,35.6,5.3,59.1,4,3,Win,48,1737
07/05/26,Seattle Slapshots,1771,Pythons,1688,83,59.1,5.3,35.6,3,4,Loss,-48,1723
07/05/26,Purple Reign,1411,Toe Dragons,1614,-203,21.7,4.0,74.3,1,5,Loss,-30,1381
07/05/26,Toe Dragons,1614,Purple Reign,1411,203,74.3,4.0,21.7,5,1,Win,30,1645
07/05/26,Iced Awesome,1939,Birrds,2049,-110,32.1,5.1,62.8,3,5,Loss,-36,1903
07/05/26,Birrds,2049,Iced Awesome,1939,110,62.8,5.1,32.1,5,3,Win,36,2086
07/05/26,Quacken,2171,Los Tigres,1939,231,77.2,3.7,19.1,5,2,Win,30,2200
07/05/26,Los Tigres,1939,Quacken,2171,-231,19.1,3.7,77.2,2,5,Loss,-30,1910
07/06/26,Honey Badgers,2729,Brewzers OGB,2821,-91,34.5,5.2,60.2,5,6,Loss,-26,2703
07/06/26,Brewzers OGB,2821,Honey Badgers,2729,91,60.2,5.2,34.5,6,5,Win,26,2847
07/06/26,Midnight Twist,2720,Alpuckas,2993,-273,15.6,3.2,81.2,0,1,Loss,-12,2708
07/06/26,Alpuckas,2993,Midnight Twist,2720,273,81.2,3.2,15.6,1,0,Win,12,3005
07/06/26,Yetis,2885,Stingers,3002,-117,31.2,5.0,63.8,1,5,Loss,-44,2841
07/06/26,Stingers,3002,Yetis,2885,117,63.8,5.0,31.2,5,1,Win,44,3046
07/06/26,Greenhorns,2636,TP6/Fossils,2537,99,61.3,5.2,33.5,2,3,Loss,-46,2590
07/06/26,TP6/Fossils,2537,Greenhorns,2636,-99,33.5,5.2,61.3,3,2,Win,46,2583
07/06/26,Squids,2433,Seattle Warriors,2500,-68,37.7,5.4,56.9,4,4,Tie,9,2442
07/06/26,Seattle Warriors,2500,Squids,2433,68,56.9,5.4,37.7,4,4,Tie,-9,2491
07/06/26,Blades,2450,Wranglers,2551,-101,33.3,5.2,61.6,3,4,Loss,-25,2425
07/06/26,Wranglers,2551,Blades,2450,101,61.6,5.2,33.3,4,3,Win,25,2576
07/06/26,Five Hole Fiends,3071,Piranhas,3018,53,54.8,5.5,39.7,5,3,Win,51,3122
07/06/26,Piranhas,3018,Five Hole Fiends,3071,-53,39.7,5.5,54.8,3,5,Loss,-51,2967
07/06/26,Flying Monkeys,2558,Black Katz,2759,-201,21.9,4.1,74.0,3,3,Tie,21,2579
07/06/26,Black Katz,2759,Flying Monkeys,2558,201,74.0,4.1,21.9,3,3,Tie,-21,2738
07/06/26,Dirty Couch Hockey Club,2694,Icemen,2494,200,73.9,4.1,22.0,0,3,Loss,-97,2597
07/06/26,Icemen,2494,Dirty Couch Hockey Club,2694,-200,22.0,4.1,73.9,3,0,Win,97,2591
07/06/26,The Seals,2965,Highlanders,2773,192,73.0,4.2,22.8,6,2,Win,38,3003
07/06/26,Highlanders,2773,The Seals,2965,-192,22.8,4.2,73.0,2,6,Loss,-38,2735
07/07/26,Reapers,2955,Seagulls,3088,-133,29.3,4.9,65.8,4,6,Loss,-33,2922
07/07/26,Seagulls,3088,Reapers,2955,133,65.8,4.9,29.3,6,4,Win,33,3121
07/07/26,PussyCats,2766,Monarchs 5,2524,241,78.3,3.6,18.2,6,7,Loss,-59,2707
07/07/26,Monarchs 5,2524,PussyCats,2766,-241,18.2,3.6,78.3,7,6,Win,59,2583
07/07/26,Greasy Weasels,3363,Wolves,3403,-40,41.5,5.5,53.0,5,1,Win,82,3446
07/07/26,Wolves,3403,Greasy Weasels,3363,40,53.0,5.5,41.5,1,5,Loss,-82,3321
07/07/26,WKUTP-5,3144,Not Sure 5,2915,229,77.0,3.7,19.3,4,0,Win,32,3176
07/07/26,Not Sure 5,2915,WKUTP-5,3144,-229,19.3,3.7,77.0,0,4,Loss,-32,2883
07/07/26,Edible Arrangements,3378,Mighty Mallards,3325,53,54.9,5.5,39.6,5,4,Win,34,3412
07/07/26,Mighty Mallards,3325,Edible Arrangements,3378,-53,39.6,5.5,54.9,4,5,Loss,-34,3291
07/08/26,Chiefs,4133,Red Dog,4090,43,53.4,5.5,41.1,7,4,Win,61,4194
07/08/26,Red Dog,4090,Chiefs,4133,-43,41.1,5.5,53.4,4,7,Loss,-61,4029
07/08/26,Sabercats,3572,Shockers,3643,-71,37.3,5.4,57.4,2,3,Loss,-28,3544
07/08/26,Shockers,3643,Sabercats,3572,71,57.4,5.4,37.3,3,2,Win,28,3671
07/08/26,MMHC,3754,Boozin Cougs,4183,-429,7.0,1.6,91.4,3,13,Loss,-14,3741
07/08/26,Boozin Cougs,4183,MMHC,3754,429,91.4,1.6,7.0,13,3,Win,14,4197
07/08/26,Offspring,2829,Sockeyes,2986,-157,26.5,4.6,68.9,5,4,Win,55,2884
07/08/26,Sockeyes,2986,Offspring,2829,157,68.9,4.6,26.5,4,5,Loss,-55,2931
07/08/26,Screaming Eagles,3648,Maple Bars,3522,126,64.9,4.9,30.1,5,1,Win,49,3698
07/08/26,Maple Bars,3522,Screaming Eagles,3648,-126,30.1,4.9,64.9,1,5,Loss,-49,3473
07/08/26,Dead Rabbits,3214,Amigos,2849,365,88.0,2.2,9.8,2,4,Loss,-99,3115
07/08/26,Amigos,2849,Dead Rabbits,3214,-365,9.8,2.2,88.0,4,2,Win,99,2948
07/08/26,Kraken Up,3317,Hooligans,3370,-53,39.7,5.5,54.9,5,1,Win,85,3402
07/08/26,Hooligans,3370,Kraken Up,3317,53,54.9,5.5,39.7,1,5,Loss,-85,3286
07/08/26,Ice-O-Topes,2716,Renegades,2835,-118,31.1,5.0,63.9,7,1,Win,110,2826
07/08/26,Renegades,2835,Ice-O-Topes,2716,118,63.9,5.0,31.1,1,7,Loss,-110,2725
07/08/26,Moose Knuckle,3186,Top Cheddar,3074,111,63.0,5.1,32.0,6,5,Win,28,3214
07/08/26,Top Cheddar,3074,Moose Knuckle,3186,-111,32.0,5.1,63.0,5,6,Loss,-28,3047
07/08/26,BSOD,3002,Dumpster Fire,3126,-124,30.4,4.9,64.7,1,4,Loss,-40,2962
07/08/26,Dumpster Fire,3126,BSOD,3002,124,64.7,4.9,30.4,4,1,Win,40,3166
07/08/26,Night Owls,3389,Buck Wild,3353,36,52.4,5.5,42.0,1,4,Loss,-69,3320
07/08/26,Buck Wild,3353,Night Owls,3389,-36,42.0,5.5,52.4,4,1,Win,69,3422
07/09/26,NW Stars,4377,Minner''s Minions,4524,-146,27.7,4.7,67.6,4,9,Loss,-42,4336
07/09/26,Minner''s Minions,4524,NW Stars,4377,146,67.6,4.7,27.7,9,4,Win,42,4565
07/09/26,Mavericks,4201,Fighting Narwhals,4052,148,67.8,4.7,27.5,2,4,Loss,-76,4124
07/09/26,Fighting Narwhals,4052,Mavericks,4201,-148,27.5,4.7,67.8,4,2,Win,76,4128
07/09/26,Sasquatch,3574,Chinooks,3645,-71,37.2,5.4,57.4,12,8,Win,88,3662
07/09/26,Chinooks,3645,Sasquatch,3574,71,57.4,5.4,37.2,8,12,Loss,-88,3557
07/09/26,Eagles,4065,Puckbuddies,3860,205,74.5,4.0,21.5,5,4,Win,19,4084
07/09/26,Puckbuddies,3860,Eagles,4065,-205,21.5,4.0,74.5,4,5,Loss,-19,3841
07/09/26,Seattle Supernova,4169,Falcons,4310,-141,28.4,4.8,66.9,5,3,Win,81,4250
07/09/26,Falcons,4310,Seattle Supernova,4169,141,66.9,4.8,28.4,3,5,Loss,-81,4230
07/09/26,Northwest Crabs,4450,The Mighty Geoducks,4094,356,87.5,2.3,10.3,14,2,Win,27,4477
07/09/26,The Mighty Geoducks,4094,Northwest Crabs,4450,-356,10.3,2.3,87.5,2,14,Loss,-27,4067
07/09/26,The Herd,3852,Rhinos,3904,-52,39.8,5.5,54.8,5,7,Loss,-45,3807
07/09/26,Rhinos,3904,The Herd,3852,52,54.8,5.5,39.8,7,5,Win,45,3949
07/09/26,DevilFish,3259,Skeletons,3284,-25,43.7,5.6,50.8,2,4,Loss,-49,3210
07/09/26,Skeletons,3284,DevilFish,3259,25,50.8,5.6,43.7,4,2,Win,49,3333
07/09/26,LLUA,3474,Schilling Cider,3082,392,89.6,1.9,8.5,8,2,Win,17,3491
07/09/26,Schilling Cider,3082,LLUA,3474,-392,8.5,1.9,89.6,2,8,Loss,-17,3065
07/09/26,Pheasants,4067,The Brigade,3948,119,64.0,5.0,31.0,2,5,Loss,-84,3983
07/09/26,The Brigade,3948,Pheasants,4067,-119,31.0,5.0,64.0,5,2,Win,84,4032
07/09/26,ESB,4174,ALTP,4553,-379,9.1,2.0,88.8,8,5,Win,119,4293
07/09/26,ALTP,4553,ESB,4174,379,88.8,2.0,9.1,5,8,Loss,-119,4433
07/09/26,Goal Diggers,3720,Coconut Corgis,3575,145,67.4,4.7,27.9,2,2,Tie,-13,3707
07/09/26,Coconut Corgis,3575,Goal Diggers,3720,-145,27.9,4.7,67.4,2,2,Tie,13,3588
07/09/26,Steelhead,3371,Skateful Dead,3457,-86,35.3,5.3,59.5,6,6,Tie,11,3382
07/09/26,Skateful Dead,3457,Steelhead,3371,86,59.5,5.3,35.3,6,6,Tie,-11,3446
07/12/26,Los Tigres,1910,LKI,1784,126,64.9,4.9,30.2,4,4,Tie,-11,1898
07/12/26,LKI,1784,Los Tigres,1910,-126,30.2,4.9,64.9,4,4,Tie,11,1795
07/12/26,Quacken,2200,Iced Awesome,1903,297,83.3,2.9,13.8,1,1,Tie,-25,2176
07/12/26,Iced Awesome,1903,Quacken,2200,-297,13.8,2.9,83.3,1,1,Tie,25,1928
07/12/26,Nordekes,1973,Seattle Dogs,1839,134,65.9,4.8,29.2,6,3,Win,45,2017
07/12/26,Seattle Dogs,1839,Nordekes,1973,-134,29.2,4.8,65.9,3,6,Loss,-45,1794
07/12/26,Spicy Kittens HC-9,1153,Purple Puck Eaters,1116,37,52.6,5.5,41.9,3,5,Loss,-59,1094
07/12/26,Purple Puck Eaters,1116,Spicy Kittens HC-9,1153,-37,41.9,5.5,52.6,5,3,Win,59,1175
07/12/26,Pythons,1737,Hungry Hatchlings,1580,157,68.9,4.6,26.5,9,1,Win,55,1792
07/12/26,Hungry Hatchlings,1580,Pythons,1737,-157,26.5,4.6,68.9,1,9,Loss,-55,1524
07/12/26,Doom Clouds/Golden Mules,991,Banana Guardians,821,171,70.5,4.4,25.0,1,1,Tie,-15,976
07/12/26,Banana Guardians,821,Doom Clouds/Golden Mules,991,-171,25.0,4.4,70.5,1,1,Tie,15,836
07/12/26,Fluffy Bunnies,2141,Birrds,2086,56,55.2,5.5,39.3,2,5,Loss,-73,2069
07/12/26,Birrds,2086,Fluffy Bunnies,2141,-56,39.3,5.5,55.2,5,2,Win,73,2158
07/12/26,Purple Reign,1381,SEA Cucumbers,1525,-144,28.0,4.7,67.3,1,5,Loss,-39,1341
07/12/26,SEA Cucumbers,1525,Purple Reign,1381,144,67.3,4.7,28.0,5,1,Win,39,1564
07/12/26,Orange Crush,1620,Mighty Moose,1513,108,62.5,5.1,32.4,2,2,Tie,-9,1611
07/12/26,Mighty Moose,1513,Orange Crush,1620,-108,32.4,5.1,62.5,2,2,Tie,9,1522
07/12/26,Hampton West Hockey Club,2361,Real Bacon,2155,206,74.6,4.0,21.4,5,5,Tie,-18,2343
07/12/26,Real Bacon,2155,Hampton West Hockey Club,2361,-206,21.4,4.0,74.6,5,5,Tie,18,2173
07/12/26,Beer Dragons,1008,Ice Breakers,1255,-247,17.7,3.5,78.8,1,2,Loss,-13,995
07/12/26,Ice Breakers,1255,Beer Dragons,1008,247,78.8,3.5,17.7,2,1,Win,13,1269
07/12/26,Not Sure 6,2481,Chucklepucks,2449,31,51.7,5.6,42.7,3,3,Tie,-1,2480
07/12/26,Chucklepucks,2449,Not Sure 6,2481,-31,42.7,5.6,51.7,3,3,Tie,1,2451
07/12/26,BLU Bombers,2000,Roughnecks Mobile Infantry,1938,61,56.0,5.4,38.5,2,3,Loss,-42,1958
07/12/26,Roughnecks Mobile Infantry,1938,BLU Bombers,2000,-61,38.5,5.4,56.0,3,2,Win,42,1980
07/12/26,Lagooners,1848,Seattle Seals,1780,68,57.0,5.4,37.6,7,5,Win,48,1896
07/12/26,Seattle Seals,1780,Lagooners,1848,-68,37.6,5.4,57.0,5,7,Loss,-48,1732
07/12/26,Fighting Clams,1457,Blackbirds,1563,-105,32.7,5.1,62.1,0,8,Loss,-58,1399
07/12/26,Blackbirds,1563,Fighting Clams,1457,105,62.1,5.1,32.7,8,0,Win,58,1621
07/12/26,Galactic Penguins,819,Maelstrom,1111,-292,14.2,3.0,82.8,1,2,Loss,-11,808
07/12/26,Maelstrom,1111,Galactic Penguins,819,292,82.8,3.0,14.2,2,1,Win,11,1122
07/12/26,Toe Dragons,1645,Seattle Slapshots,1723,-78,36.3,5.3,58.4,0,6,Loss,-58,1587
07/12/26,Seattle Slapshots,1723,Toe Dragons,1645,78,58.4,5.3,36.3,6,0,Win,58,1781
07/12/26,Rainier Reindeer HC-6,2635,Greenhorns,2590,45,53.7,5.5,40.8,3,6,Loss,-70,2565
07/12/26,Greenhorns,2590,Rainier Reindeer HC-6,2635,-45,40.8,5.5,53.7,6,3,Win,70,2661
07/12/26,Glow Sticks,1721,Blackouts,1684,36,52.4,5.5,42.0,4,4,Tie,-2,1719
07/12/26,Blackouts,1684,Glow Sticks,1721,-36,42.0,5.5,52.4,4,4,Tie,2,1686
07/12/26,Red Zeppelin,1004,Rainier Reindeers HC-9,1358,-354,10.4,2.3,87.3,0,1,Loss,-8,996
07/12/26,Rainier Reindeers HC-9,1358,Red Zeppelin,1004,354,87.3,2.3,10.4,1,0,Win,8,1366
07/12/26,Monarchs 6,2712,TP6/Fossils,2583,129,65.3,4.9,29.8,5,2,Win,46,2757
07/12/26,TP6/Fossils,2583,Monarchs 6,2712,-129,29.8,4.9,65.3,2,5,Loss,-46,2537
07/12/26,Rip-Its,1082,Redrum,733,349,87.0,2.3,10.7,10,0,Win,26,1107
07/12/26,Redrum,733,Rip-Its,1082,-349,10.7,2.3,87.0,0,10,Loss,-26,707
07/12/26,Trash Pandas Garbage Legacy,2164,Seattle Freeze,2157,7,48.2,5.6,46.2,3,2,Win,39,2203
07/12/26,Seattle Freeze,2157,Trash Pandas Garbage Legacy,2164,-7,46.2,5.6,48.2,2,3,Loss,-39,2118
07/12/26,Mudflaps,2442,Barrel Aged Brewzers,2538,-97,33.8,5.2,61.0,2,3,Loss,-25,2416
07/12/26,Barrel Aged Brewzers,2538,Mudflaps,2442,97,61.0,5.2,33.8,3,2,Win,25,2564
07/12/26,Spicy Kittens HC-8,1733,Seal Team Sticks,1485,248,78.9,3.5,17.6,3,1,Win,24,1757
07/12/26,Seal Team Sticks,1485,Spicy Kittens HC-8,1733,-248,17.6,3.5,78.9,1,3,Loss,-24,1461
07/12/26,Blades,2425,Raiders,2368,57,55.4,5.5,39.2,2,4,Loss,-62,2362
07/12/26,Raiders,2368,Blades,2425,-57,39.2,5.5,55.4,4,2,Win,62,2430
07/12/26,Yacht Flippers,1334,Gremlins Hockey,1174,160,69.2,4.6,26.2,4,3,Win,23,1357
07/12/26,Gremlins Hockey,1174,Yacht Flippers,1334,-160,26.2,4.6,69.2,3,4,Loss,-23,1151
07/12/26,The Axolotls,1084,Mad Hat Tricks,1112,-28,43.3,5.6,51.2,5,1,Win,80,1164
07/12/26,Mad Hat Tricks,1112,The Axolotls,1084,28,51.2,5.6,43.3,1,5,Loss,-80,1032
07/12/26,Khaos,1502,Tropical Punchers,1130,372,88.4,2.1,9.5,6,0,Win,18,1520
07/12/26,Tropical Punchers,1130,Khaos,1502,-372,9.5,2.1,88.4,0,6,Loss,-18,1112
07/12/26,Spittin'' Llamas,1747,Pond Pigeons,1746,1,47.3,5.6,47.1,4,4,Tie,2,1749
07/12/26,Pond Pigeons,1746,Spittin'' Llamas,1747,-1,47.1,5.6,47.3,4,4,Tie,-2,1744
07/13/26,Black Katz,2738,The Seals,3003,-265,16.3,3.3,80.5,2,5,Loss,-21,2717
07/13/26,The Seals,3003,Black Katz,2738,265,80.5,3.3,16.3,5,2,Win,21,3024
07/13/26,Reapers,2922,Ice-O-Topes,2826,96,60.8,5.2,34.0,6,3,Win,51,2973
07/13/26,Ice-O-Topes,2826,Reapers,2922,-96,34.0,5.2,60.8,3,6,Loss,-51,2775
07/13/26,Yetis,2841,Midnight Twist,2708,132,65.8,4.9,29.4,5,4,Win,26,2867
07/13/26,Midnight Twist,2708,Yetis,2841,-132,29.4,4.9,65.8,4,5,Loss,-26,2683
07/13/26,Stingers,3046,Piranhas,2967,79,58.5,5.3,36.2,7,1,Win,66,3112
07/13/26,Piranhas,2967,Stingers,3046,-79,36.2,5.3,58.5,1,7,Loss,-66,2901
07/13/26,PussyCats,2707,Flying Monkeys,2579,128,65.1,4.9,30.0,7,5,Win,39,2746
07/13/26,Flying Monkeys,2579,PussyCats,2707,-128,30.0,4.9,65.1,5,7,Loss,-39,2540
07/13/26,Squids,2442,Honey Badgers,2703,-262,16.5,3.3,80.2,2,4,Loss,-19,2423
07/13/26,Honey Badgers,2703,Squids,2442,262,80.2,3.3,16.5,4,2,Win,19,2722
07/13/26,Dirty Couch Hockey Club,2597,Brewzers OGB,2847,-250,17.4,3.5,79.1,2,3,Loss,-13,2584
07/13/26,Brewzers OGB,2847,Dirty Couch Hockey Club,2597,250,79.1,3.5,17.4,3,2,Win,13,2860
07/13/26,Jokres,2516,Hackers,2262,254,79.5,3.4,17.1,5,1,Win,29,2545
07/13/26,Hackers,2262,Jokres,2516,-254,17.1,3.4,79.5,1,5,Loss,-29,2233
07/13/26,Wranglers,2576,Trash Pandas 7/Coyotes,2484,92,60.4,5.2,34.4,2,4,Loss,-68,2508
07/13/26,Trash Pandas 7/Coyotes,2484,Wranglers,2576,-92,34.4,5.2,60.4,4,2,Win,68,2552
07/13/26,Monarchs 5,2583,Highlanders,2735,-152,27.1,4.7,68.2,2,8,Loss,-43,2540
07/13/26,Highlanders,2735,Monarchs 5,2583,152,68.2,4.7,27.1,8,2,Win,43,2778
07/13/26,Seattle Warriors,2491,Icemen,2591,-100,33.5,5.2,61.4,7,6,Win,50,2541
07/13/26,Icemen,2591,Seattle Warriors,2491,100,61.4,5.2,33.5,6,7,Loss,-50,2541
07/14/26,Edible Arrangements,3412,LLUA,3491,-78,36.3,5.3,58.4,6,2,Win,90,3502
07/14/26,LLUA,3491,Edible Arrangements,3412,78,58.4,5.3,36.3,2,6,Loss,-90,3401
07/14/26,Kraken Up,3402,Mighty Mallards,3291,111,62.9,5.1,32.1,1,5,Loss,-88,3314
07/14/26,Mighty Mallards,3291,Kraken Up,3402,-111,32.1,5.1,62.9,5,1,Win,88,3380
07/14/26,Moose Knuckle,3214,DevilFish,3210,4,47.7,5.6,46.7,1,3,Loss,-54,3160
07/14/26,DevilFish,3210,Moose Knuckle,3214,-4,46.7,5.6,47.7,3,1,Win,54,3264
07/14/26,Wolves,3321,Top Cheddar,3047,274,81.3,3.2,15.5,4,8,Loss,-114,3207
07/14/26,Top Cheddar,3047,Wolves,3321,-274,15.5,3.2,81.3,8,4,Win,114,3161
07/14/26,Sockeyes,2931,Seagulls,3121,-190,23.0,4.2,72.8,1,8,Loss,-39,2892
07/14/26,Seagulls,3121,Sockeyes,2931,190,72.8,4.2,23.0,8,1,Win,39,3159
07/14/26,WKUTP-5,3176,Dead Rabbits,3115,62,56.1,5.4,38.5,2,5,Loss,-74,3103
07/14/26,Dead Rabbits,3115,WKUTP-5,3176,-62,38.5,5.4,56.1,5,2,Win,74,3188
07/15/26,Pheasants,3983,Chiefs,4194,-211,20.9,4.0,75.1,1,8,Loss,-35,3948
07/15/26,Chiefs,4194,Pheasants,3983,211,75.1,4.0,20.9,8,1,Win,35,4229
07/15/26,Not Sure 5,2883,Dumpster Fire,3166,-283,14.9,3.1,82.0,1,6,Loss,-22,2861
07/15/26,Dumpster Fire,3166,Not Sure 5,2883,283,82.0,3.1,14.9,6,1,Win,22,3188
07/15/26,Greasy Weasels,3446,Skeletons,3333,113,63.1,5.0,31.8,2,2,Tie,-10,3436
07/15/26,Skeletons,3333,Greasy Weasels,3446,-113,31.8,5.0,63.1,2,2,Tie,10,3343
07/15/26,BSOD,2962,Amigos,2948,14,49.2,5.6,45.2,3,5,Loss,-55,2906
07/15/26,Amigos,2948,BSOD,2962,-14,45.2,5.6,49.2,5,3,Win,55,3003
07/15/26,The Herd,3807,MMHC,3741,66,56.7,5.4,37.9,12,8,Win,61,3868
07/15/26,MMHC,3741,The Herd,3807,-66,37.9,5.4,56.7,8,12,Loss,-61,3680
07/15/26,Buck Wild,3422,Maple Bars,3473,-51,39.9,5.5,54.6,3,1,Win,68,3489
07/15/26,Maple Bars,3473,Buck Wild,3422,51,54.6,5.5,39.9,1,3,Loss,-68,3405
07/15/26,Fighting Narwhals,4128,The Mighty Geoducks,4067,61,56.0,5.4,38.5,7,7,Tie,-5,4124
07/15/26,The Mighty Geoducks,4067,Fighting Narwhals,4128,-61,38.5,5.4,56.0,7,7,Tie,5,4072
07/15/26,Five Hole Fiends,3122,Alpuckas,3005,117,63.7,5.0,31.3,1,8,Loss,-108,3014
07/15/26,Alpuckas,3005,Five Hole Fiends,3122,-117,31.3,5.0,63.7,8,1,Win,108,3113
07/15/26,Coconut Corgis,3588,Shockers,3671,-83,35.7,5.3,59.0,0,2,Loss,-40,3548
07/15/26,Shockers,3671,Coconut Corgis,3588,83,59.0,5.3,35.7,2,0,Win,40,3711
07/15/26,Offspring,2884,Renegades,2725,159,69.1,4.6,26.3,11,7,Win,43,2927
07/15/26,Renegades,2725,Offspring,2884,-159,26.3,4.6,69.1,7,11,Loss,-43,2681
07/15/26,Chinooks,3557,Sabercats,3544,13,49.1,5.6,45.3,5,7,Loss,-55,3502
07/15/26,Sabercats,3544,Chinooks,3557,-13,45.3,5.6,49.1,7,5,Win,55,3599
07/16/26,Eagles,4084,Boozin Cougs,4197,-113,31.8,5.1,63.1,9,1,Win,121,4206
07/16/26,Boozin Cougs,4197,Eagles,4084,113,63.1,5.1,31.8,1,9,Loss,-121,4075
07/16/26,Steelhead,3382,Night Owls,3320,62,56.1,5.4,38.5,4,4,Tie,-5,3378
07/16/26,Night Owls,3320,Steelhead,3382,-62,38.5,5.4,56.1,4,4,Tie,5,3325
07/16/26,Goal Diggers,3707,Sasquatch,3662,45,53.7,5.5,40.8,3,3,Tie,-3,3705
07/16/26,Sasquatch,3662,Goal Diggers,3707,-45,40.8,5.5,53.7,3,3,Tie,3,3665
07/16/26,Mavericks,4124,The Brigade,4032,92,60.4,5.2,34.4,3,7,Loss,-85,4039
07/16/26,The Brigade,4032,Mavericks,4124,-92,34.4,5.2,60.4,7,3,Win,85,4117
07/16/26,Skateful Dead,3446,Screaming Eagles,3698,-252,17.3,3.4,79.3,5,10,Loss,-26,3420
07/16/26,Screaming Eagles,3698,Skateful Dead,3446,252,79.3,3.4,17.3,10,5,Win,26,3724
07/16/26,Hooligans,3286,Schilling Cider,3065,220,76.1,3.8,20.0,2,5,Loss,-100,3186
07/16/26,Schilling Cider,3065,Hooligans,3286,-220,20.0,3.8,76.1,5,2,Win,100,3165
07/16/26,Rhinos,3949,Puckbuddies,3841,108,62.5,5.1,32.4,3,5,Loss,-70,3879
07/16/26,Puckbuddies,3841,Rhinos,3949,-108,32.4,5.1,62.5,5,3,Win,70,3911
07/16/26,ALTP,4433,Seattle Supernova,4250,184,72.1,4.3,23.7,5,1,Win,39,4473
07/16/26,Seattle Supernova,4250,ALTP,4433,-184,23.7,4.3,72.1,1,5,Loss,-39,4211
07/16/26,NW Stars,4336,ESB,4293,43,53.3,5.5,41.1,4,3,Win,35,4371
07/16/26,ESB,4293,NW Stars,4336,-43,41.1,5.5,53.3,3,4,Loss,-35,4258
07/16/26,Northwest Crabs,4477,Red Dog,4029,448,92.2,1.5,6.3,5,4,Win,6,4483
07/16/26,Red Dog,4029,Northwest Crabs,4477,-448,6.3,1.5,92.2,4,5,Loss,-6,4023
07/16/26,Minner''s Minions,4565,Falcons,4230,335,86.1,2.5,11.4,6,2,Win,20,4585
07/16/26,Falcons,4230,Minner''s Minions,4565,-335,11.4,2.5,86.1,2,6,Loss,-20,4210
07/19/26,Spicy Kittens HC-9,1094,Khaos,1520,-426,7.1,1.6,91.3,3,7,Loss,-10,1084
07/19/26,Khaos,1520,Spicy Kittens HC-9,1094,426,91.3,1.6,7.1,7,3,Win,10,1530
07/19/26,Seattle Freeze,2118,Real Bacon,2173,-55,39.4,5.5,55.1,5,7,Loss,-44,2074
07/19/26,Real Bacon,2173,Seattle Freeze,2118,55,55.1,5.5,39.4,7,5,Win,44,2218
07/19/26,Trash Pandas Garbage Legacy,2203,Not Sure 6,2480,-277,15.3,3.1,81.5,4,3,Win,64,2266
07/19/26,Not Sure 6,2480,Trash Pandas Garbage Legacy,2203,277,81.5,3.1,15.3,3,4,Loss,-64,2416
07/19/26,Banana Guardians,836,Beer Dragons,995,-159,26.3,4.6,69.1,2,4,Loss,-30,807
07/19/26,Beer Dragons,995,Banana Guardians,836,159,69.1,4.6,26.3,4,2,Win,30,1025
07/19/26,Mighty Moose,1522,Gremlins Hockey,1151,371,88.4,2.1,9.5,6,2,Win,16,1538
07/19/26,Gremlins Hockey,1151,Mighty Moose,1522,-371,9.5,2.1,88.4,2,6,Loss,-16,1135
07/19/26,Trash Pandas 7/Coyotes,2552,Raiders,2430,121,64.3,5.0,30.7,0,7,Loss,-108,2443
07/19/26,Raiders,2430,Trash Pandas 7/Coyotes,2552,-121,30.7,5.0,64.3,7,0,Win,108,2539
07/19/26,Hampton West Hockey Club,2343,Chucklepucks,2451,-108,32.4,5.1,62.5,4,5,Loss,-24,2318
07/19/26,Chucklepucks,2451,Hampton West Hockey Club,2343,108,62.5,5.1,32.4,5,4,Win,24,2475
07/19/26,Birrds,2158,Quacken,2176,-17,44.7,5.6,49.7,5,9,Loss,-63,2095
07/19/26,Quacken,2176,Birrds,2158,17,49.7,5.6,44.7,9,5,Win,63,2238
07/19/26,Seattle Slapshots,1781,SEA Cucumbers,1564,217,75.7,3.9,20.4,6,1,Win,36,1817
07/19/26,SEA Cucumbers,1564,Seattle Slapshots,1781,-217,20.4,3.9,75.7,1,6,Loss,-36,1528
07/19/26,Blackbirds,1621,Yacht Flippers,1357,264,80.4,3.3,16.3,5,0,Win,29,1650
07/19/26,Yacht Flippers,1357,Blackbirds,1621,-264,16.3,3.3,80.4,0,5,Loss,-29,1328
07/19/26,Nordekes,2017,BLU Bombers,1958,60,55.8,5.4,38.8,4,4,Tie,-4,2013
07/19/26,BLU Bombers,1958,Nordekes,2017,-60,38.8,5.4,55.8,4,4,Tie,4,1962
07/19/26,Wranglers,2508,Mudflaps,2416,92,60.3,5.2,34.5,1,4,Loss,-79,2429
07/19/26,Mudflaps,2416,Wranglers,2508,-92,34.5,5.2,60.3,4,1,Win,79,2495
07/19/26,Spicy Kittens HC-8,1757,Glow Sticks,1719,38,52.7,5.5,41.8,1,7,Loss,-84,1673
07/19/26,Glow Sticks,1719,Spicy Kittens HC-8,1757,-38,41.8,5.5,52.7,7,1,Win,84,1803
07/19/26,Blackouts,1686,Spittin'' Llamas,1749,-63,38.3,5.4,56.3,5,0,Win,93,1779
07/19/26,Spittin'' Llamas,1749,Blackouts,1686,63,56.3,5.4,38.3,0,5,Loss,-93,1657
07/19/26,Los Tigres,1898,Fluffy Bunnies,2069,-171,25.0,4.4,70.5,4,3,Win,56,1955
07/19/26,Fluffy Bunnies,2069,Los Tigres,1898,171,70.5,4.4,25.0,3,4,Loss,-56,2013
07/19/26,LKI,1795,Iced Awesome,1928,-133,29.3,4.9,65.9,4,1,Win,93,1888
07/19/26,Iced Awesome,1928,LKI,1795,133,65.9,4.9,29.3,1,4,Loss,-93,1835
07/19/26,Seattle Seals,1732,Seattle Dogs,1794,-63,38.4,5.4,56.2,7,3,Win,87,1818
07/19/26,Seattle Dogs,1794,Seattle Seals,1732,63,56.2,5.4,38.4,3,7,Loss,-87,1708
07/19/26,The Axolotls,1164,Rip-Its,1107,56,55.3,5.5,39.2,4,1,Win,59,1223
07/19/26,Rip-Its,1107,The Axolotls,1164,-56,39.2,5.5,55.3,1,4,Loss,-59,1049
07/19/26,Toe Dragons,1587,Pythons,1792,-205,21.5,4.0,74.5,0,1,Loss,-16,1571
07/19/26,Pythons,1792,Toe Dragons,1587,205,74.5,4.0,21.5,1,0,Win,16,1808
07/19/26,Purple Reign,1341,Hungry Hatchlings,1524,-183,23.7,4.3,72.0,1,5,Loss,-33,1308
07/19/26,Hungry Hatchlings,1524,Purple Reign,1341,183,72.0,4.3,23.7,5,1,Win,33,1558
07/19/26,Red Zeppelin,996,Tropical Punchers,1112,-116,31.4,5.0,63.6,4,1,Win,90,1086
07/19/26,Tropical Punchers,1112,Red Zeppelin,996,116,63.6,5.0,31.4,1,4,Loss,-90,1022
07/19/26,Greenhorns,2661,Monarchs 6,2757,-97,33.9,5.2,61.0,1,4,Loss,-44,2616
07/19/26,Monarchs 6,2757,Greenhorns,2661,97,61.0,5.2,33.9,4,1,Win,44,2802
07/19/26,Seal Team Sticks,1461,Pond Pigeons,1744,-283,14.9,3.1,82.1,3,2,Win,64,1525
07/19/26,Pond Pigeons,1744,Seal Team Sticks,1461,283,82.1,3.1,14.9,2,3,Loss,-64,1680
07/19/26,Mad Hat Tricks,1032,Maelstrom,1122,-90,34.8,5.2,60.0,1,4,Loss,-46,986
07/19/26,Maelstrom,1122,Mad Hat Tricks,1032,90,60.0,5.2,34.8,4,1,Win,46,1167
07/19/26,Lagooners,1896,Roughnecks Mobile Infantry,1980,-84,35.5,5.3,59.2,3,2,Win,48,1945
07/19/26,Roughnecks Mobile Infantry,1980,Lagooners,1896,84,59.2,5.3,35.5,2,3,Loss,-48,1932
07/19/26,Ice Breakers,1269,Doom Clouds/Golden Mules,976,293,82.9,3.0,14.2,5,1,Win,24,1293
07/19/26,Doom Clouds/Golden Mules,976,Ice Breakers,1269,-293,14.2,3.0,82.9,1,5,Loss,-24,952
07/19/26,Rainier Reindeers HC-9,1366,Purple Puck Eaters,1175,190,72.8,4.2,22.9,1,3,Loss,-82,1284
07/19/26,Purple Puck Eaters,1175,Rainier Reindeers HC-9,1366,-190,22.9,4.2,72.8,3,1,Win,82,1257
07/19/26,Orange Crush,1611,Fighting Clams,1399,212,75.2,3.9,20.8,9,3,Win,39,1650
07/19/26,Fighting Clams,1399,Orange Crush,1611,-212,20.8,3.9,75.2,3,9,Loss,-39,1360
07/19/26,Galactic Penguins,808,Redrum,707,101,61.5,5.2,33.3,6,2,Win,54,862
07/19/26,Redrum,707,Galactic Penguins,808,-101,33.3,5.2,61.5,2,6,Loss,-54,653
07/20/26,Seagulls,3159,Renegades,2681,478,93.4,1.3,5.4,6,2,Win,9,3169
07/20/26,Renegades,2681,Seagulls,3159,-478,5.4,1.3,93.4,2,6,Loss,-9,2672
07/20/26,Offspring,2927,Ice-O-Topes,2775,153,68.3,4.6,27.0,1,1,Tie,-14,2914
07/20/26,Ice-O-Topes,2775,Offspring,2927,-153,27.0,4.6,68.3,1,1,Tie,14,2788
07/20/26,Seattle Warriors,2541,Dirty Couch Hockey Club,2584,-43,41.2,5.5,53.3,2,6,Loss,-58,2483
07/20/26,Dirty Couch Hockey Club,2584,Seattle Warriors,2541,43,53.3,5.5,41.2,6,2,Win,58,2641
07/20/26,Jokres,2545,Rainier Reindeer HC-6,2565,-20,44.4,5.6,50.0,5,1,Win,78,2623
07/20/26,Rainier Reindeer HC-6,2565,Jokres,2545,20,50.0,5.6,44.4,1,5,Loss,-78,2486
07/20/26,Stingers,3112,Five Hole Fiends,3014,98,61.1,5.2,33.7,3,2,Win,29,3141
07/20/26,Five Hole Fiends,3014,Stingers,3112,-98,33.7,5.2,61.1,2,3,Loss,-29,2985
07/20/26,Highlanders,2778,Flying Monkeys,2540,238,77.9,3.6,18.5,7,3,Win,31,2809
07/20/26,Flying Monkeys,2540,Highlanders,2778,-238,18.5,3.6,77.9,3,7,Loss,-31,2509
07/20/26,Icemen,2541,Honey Badgers,2722,-181,23.9,4.3,71.8,3,5,Loss,-27,2514
07/20/26,Honey Badgers,2722,Icemen,2541,181,71.8,4.3,23.9,5,3,Win,27,2749
07/20/26,Brewzers OGB,2860,Squids,2423,436,91.7,1.6,6.7,8,5,Win,11,2870
07/20/26,Squids,2423,Brewzers OGB,2860,-436,6.7,1.6,91.7,5,8,Loss,-11,2412
07/20/26,Piranhas,2901,Midnight Twist,2683,218,75.9,3.9,20.2,4,0,Win,34,2935
07/20/26,Midnight Twist,2683,Piranhas,2901,-218,20.2,3.9,75.9,0,4,Loss,-34,2649
07/20/26,Alpuckas,3113,Yetis,2867,246,78.7,3.5,17.8,3,2,Win,16,3128
07/20/26,Yetis,2867,Alpuckas,3113,-246,17.8,3.5,78.7,2,3,Loss,-16,2851
07/21/26,Monarchs 5,2540,The Seals,3024,-484,5.2,1.2,93.6,2,10,Loss,-9,2531
07/21/26,The Seals,3024,Monarchs 5,2540,484,93.6,1.2,5.2,10,2,Win,9,3033
07/21/26,Hackers,2233,TP6/Fossils,2537,-304,13.4,2.8,83.8,1,7,Loss,-21,2212
07/21/26,TP6/Fossils,2537,Hackers,2233,304,83.8,2.8,13.4,7,1,Win,21,2559
07/21/26,PussyCats,2746,Black Katz,2717,30,51.5,5.6,43.0,4,4,Tie,-1,2745
07/21/26,Black Katz,2717,PussyCats,2746,-30,43.0,5.6,51.5,4,4,Tie,1,2718
07/21/26,Wolves,3207,Moose Knuckle,3160,47,53.9,5.5,40.6,9,6,Win,60,3267
07/21/26,Moose Knuckle,3160,Wolves,3207,-47,40.6,5.5,53.9,6,9,Loss,-60,3100
07/21/26,Blades,2362,Barrel Aged Brewzers,2564,-201,21.9,4.1,74.1,5,3,Win,88,2450
07/21/26,Barrel Aged Brewzers,2564,Blades,2362,201,74.1,4.1,21.9,3,5,Loss,-88,2476
07/21/26,Sockeyes,2892,Reapers,2973,-81,35.9,5.3,58.8,4,0,Win,90,2982
07/21/26,Reapers,2973,Sockeyes,2892,81,58.8,5.3,35.9,0,4,Loss,-90,2883
07/21/26,Kraken Up,3314,Edible Arrangements,3502,-188,23.2,4.2,72.6,4,7,Loss,-30,3283
07/21/26,Edible Arrangements,3502,Kraken Up,3314,188,72.6,4.2,23.2,7,4,Win,30,3532
07/21/26,Not Sure 5,2861,BSOD,2906,-46,40.7,5.5,53.8,5,8,Loss,-53,2807
07/21/26,BSOD,2906,Not Sure 5,2861,46,53.8,5.5,40.7,8,5,Win,53,2960
07/22/26,Coconut Corgis,3548,Sabercats,3599,-51,39.9,5.5,54.6,2,3,Loss,-30,3518
07/22/26,Sabercats,3599,Coconut Corgis,3548,51,54.6,5.5,39.9,3,2,Win,30,3629
07/22/26,Skateful Dead,3420,Maple Bars,3405,14,49.3,5.6,45.1,7,0,Win,86,3506
07/22/26,Maple Bars,3405,Skateful Dead,3420,-14,45.1,5.6,49.3,0,7,Loss,-86,3320
07/22/26,Schilling Cider,3165,Mighty Mallards,3380,-215,20.6,3.9,75.5,4,3,Win,60,3225
07/22/26,Mighty Mallards,3380,Schilling Cider,3165,215,75.5,3.9,20.6,3,4,Loss,-60,3320
07/22/26,Screaming Eagles,3724,Night Owls,3325,399,89.9,1.9,8.2,2,3,Loss,-67,3656
07/22/26,Night Owls,3325,Screaming Eagles,3724,-399,8.2,1.9,89.9,3,2,Win,67,3392
07/22/26,Chinooks,3502,Goal Diggers,3705,-203,21.7,4.1,74.2,3,5,Loss,-24,3477
07/22/26,Goal Diggers,3705,Chinooks,3502,203,74.2,4.1,21.7,5,3,Win,24,3729
07/22/26,Fighting Narwhals,4124,Red Dog,4023,101,61.5,5.2,33.3,5,6,Loss,-46,4078
07/22/26,Red Dog,4023,Fighting Narwhals,4124,-101,33.3,5.2,61.5,6,5,Win,46,4069
07/22/26,Top Cheddar,3161,Skeletons,3343,-182,23.8,4.3,71.9,1,2,Loss,-18,3143
07/22/26,Skeletons,3343,Top Cheddar,3161,182,71.9,4.3,23.8,2,1,Win,18,3361
07/22/26,Dumpster Fire,3188,Dead Rabbits,3188,0,47.1,5.6,47.3,5,4,Win,40,3228
07/22/26,Dead Rabbits,3188,Dumpster Fire,3188,0,47.3,5.6,47.1,4,5,Loss,-40,3149
07/22/26,Shockers,3711,Sasquatch,3665,46,53.8,5.5,40.7,3,7,Loss,-76,3635
07/22/26,Sasquatch,3665,Shockers,3711,-46,40.7,5.5,53.8,7,3,Win,76,3741
07/22/26,Amigos,3003,WKUTP-5,3103,-99,33.5,5.2,61.4,10,1,Win,125,3128
07/22/26,WKUTP-5,3103,Amigos,3003,99,61.4,5.2,33.5,1,10,Loss,-125,2978
07/23/26,Hooligans,3186,LLUA,3401,-215,20.5,3.9,75.6,2,5,Loss,-27,3159
07/23/26,LLUA,3401,Hooligans,3186,215,75.6,3.9,20.5,5,2,Win,27,3428
07/23/26,The Mighty Geoducks,4072,The Brigade,4117,-45,40.8,5.5,53.7,4,5,Loss,-31,4041
07/23/26,The Brigade,4117,The Mighty Geoducks,4072,45,53.7,5.5,40.8,5,4,Win,31,4147
07/23/26,Puckbuddies,3911,MMHC,3680,232,77.3,3.7,19.0,5,8,Loss,-101,3810
07/23/26,MMHC,3680,Puckbuddies,3911,-232,19.0,3.7,77.3,8,5,Win,101,3781
07/23/26,Falcons,4210,ESB,4258,-48,40.4,5.5,54.1,8,6,Win,67,4277
07/23/26,ESB,4258,Falcons,4210,48,54.1,5.5,40.4,6,8,Loss,-67,4191
07/23/26,Rhinos,3879,Eagles,4206,-327,11.9,2.6,85.5,3,3,Tie,29,3907
07/23/26,Eagles,4206,Rhinos,3879,327,85.5,2.6,11.9,3,3,Tie,-29,4177
07/23/26,Greasy Weasels,3436,DevilFish,3264,172,70.7,4.4,24.9,0,7,Loss,-119,3317
07/23/26,DevilFish,3264,Greasy Weasels,3436,-172,24.9,4.4,70.7,7,0,Win,119,3383
07/23/26,Buck Wild,3489,Steelhead,3378,112,63.0,5.1,31.9,4,2,Win,42,3531
07/23/26,Steelhead,3378,Buck Wild,3489,-112,31.9,5.1,63.0,2,4,Loss,-42,3336
07/23/26,NW Stars,4371,ALTP,4473,-102,33.1,5.1,61.7,2,5,Loss,-43,4327
07/23/26,ALTP,4473,NW Stars,4371,102,61.7,5.1,33.1,5,2,Win,43,4516
07/23/26,Minner''s Minions,4585,Seattle Supernova,4211,374,88.6,2.1,9.4,7,3,Win,16,4601
07/23/26,Seattle Supernova,4211,Minner''s Minions,4585,-374,9.4,2.1,88.6,3,7,Loss,-16,4195
07/23/26,Chiefs,4229,Northwest Crabs,4483,-254,17.1,3.4,79.4,4,4,Tie,25,4254
07/23/26,Northwest Crabs,4483,Chiefs,4229,254,79.4,3.4,17.1,4,4,Tie,-25,4458
07/23/26,Boozin Cougs,4075,The Herd,3868,208,74.8,4.0,21.2,11,9,Win,28,4104
07/23/26,The Herd,3868,Boozin Cougs,4075,-208,21.2,4.0,74.8,9,11,Loss,-28,3839
07/23/26,Mavericks,4039,Pheasants,3948,91,60.3,5.2,34.5,7,9,Loss,-68,3972
07/23/26,Pheasants,3948,Mavericks,4039,-91,34.5,5.2,60.3,9,7,Win,68,4016
07/26/26,Maelstrom,1167,Rip-Its,1049,118,63.9,5.0,31.1,0,3,Loss,-84,1083
07/26/26,Rip-Its,1049,Maelstrom,1167,-118,31.1,5.0,63.9,3,0,Win,84,1133
07/26/26,Ice Breakers,1293,Banana Guardians,807,486,93.7,1.2,5.1,8,2,Win,10,1303
07/26/26,Banana Guardians,807,Ice Breakers,1293,-486,5.1,1.2,93.7,2,8,Loss,-10,796
07/26/26,Spicy Kittens HC-8,1673,Blackouts,1779,-106,32.7,5.1,62.2,0,5,Loss,-49,1624
07/26/26,Blackouts,1779,Spicy Kittens HC-8,1673,106,62.2,5.1,32.7,5,0,Win,49,1828
07/26/26,LKI,1888,Quacken,2238,-351,10.6,2.3,87.1,2,4,Loss,-12,1876
07/26/26,Quacken,2238,LKI,1888,351,87.1,2.3,10.6,4,2,Win,12,2250
07/26/26,Lagooners,1945,BLU Bombers,1962,-17,44.7,5.6,49.7,2,4,Loss,-50,1894
07/26/26,BLU Bombers,1962,Lagooners,1945,17,49.7,5.6,44.7,4,2,Win,50,2012
07/26/26,Seattle Freeze,2074,Hampton West Hockey Club,2318,-244,17.9,3.5,78.6,6,10,Loss,-25,2049
07/26/26,Hampton West Hockey Club,2318,Seattle Freeze,2074,244,78.6,3.5,17.9,10,6,Win,25,2344
07/26/26,Purple Puck Eaters,1257,Tropical Punchers,1022,235,77.7,3.7,18.7,2,3,Loss,-58,1199
07/26/26,Tropical Punchers,1022,Purple Puck Eaters,1257,-235,18.7,3.7,77.7,3,2,Win,58,1080
07/26/26,Redrum,653,The Axolotls,1223,-569,3.2,0.8,96.0,2,4,Loss,-4,650
07/26/26,The Axolotls,1223,Redrum,653,569,96.0,0.8,3.2,4,2,Win,4,1226
07/26/26,Real Bacon,2218,Not Sure 6,2416,-198,22.2,4.1,73.7,4,4,Tie,21,2239
07/26/26,Not Sure 6,2416,Real Bacon,2218,198,73.7,4.1,22.2,4,4,Tie,-21,2395
07/26/26,Los Tigres,1955,Birrds,2095,-141,28.4,4.8,66.8,3,2,Win,54,2008
07/26/26,Birrds,2095,Los Tigres,1955,141,66.8,4.8,28.4,2,3,Loss,-54,2042
07/26/26,Mad Hat Tricks,986,Galactic Penguins,862,124,64.7,4.9,30.4,4,0,Win,50,1036
07/26/26,Galactic Penguins,862,Mad Hat Tricks,986,-124,30.4,4.9,64.7,0,4,Loss,-50,812
07/26/26,Gremlins Hockey,1135,Red Zeppelin,1086,49,54.3,5.5,40.3,0,3,Loss,-71,1064
07/26/26,Red Zeppelin,1086,Gremlins Hockey,1135,-49,40.3,5.5,54.3,3,0,Win,71,1157
07/26/26,Trash Pandas 7/Coyotes,2443,Blades,2450,-7,46.1,5.6,48.3,3,5,Loss,-52,2391
07/26/26,Blades,2450,Trash Pandas 7/Coyotes,2443,7,48.3,5.6,46.1,5,3,Win,52,2502
07/26/26,Rainier Reindeers HC-9,1284,Spicy Kittens HC-9,1084,199,73.9,4.1,22.0,3,1,Win,29,1313
07/26/26,Spicy Kittens HC-9,1084,Rainier Reindeers HC-9,1284,-199,22.0,4.1,73.9,1,3,Loss,-29,1055
07/26/26,Chucklepucks,2475,Trash Pandas Garbage Legacy,2266,209,74.9,4.0,21.1,5,2,Win,33,2508
07/26/26,Trash Pandas Garbage Legacy,2266,Chucklepucks,2475,-209,21.1,4.0,74.9,2,5,Loss,-33,2233
07/26/26,Orange Crush,1650,Blackbirds,1650,0,47.2,5.6,47.2,1,1,Tie,2,1653
07/26/26,Blackbirds,1650,Orange Crush,1650,0,47.2,5.6,47.2,1,1,Tie,-2,1648
07/26/26,Mighty Moose,1538,Yacht Flippers,1328,210,75.1,4.0,21.0,4,3,Win,19,1557
07/26/26,Yacht Flippers,1328,Mighty Moose,1538,-210,21.0,4.0,75.1,3,4,Loss,-19,1309
07/26/26,Raiders,2539,Mudflaps,2495,43,53.5,5.5,41.0,1,6,Loss,-80,2459
07/26/26,Mudflaps,2495,Raiders,2539,-43,41.0,5.5,53.5,6,1,Win,80,2575
07/26/26,Hungry Hatchlings,1558,Toe Dragons,1571,-13,45.3,5.6,49.1,1,3,Loss,-51,1507
07/26/26,Toe Dragons,1571,Hungry Hatchlings,1558,13,49.1,5.6,45.3,3,1,Win,51,1622
07/26/26,Iced Awesome,1835,Fluffy Bunnies,2013,-178,24.3,4.4,71.4,1,3,Loss,-27,1808
07/26/26,Fluffy Bunnies,2013,Iced Awesome,1835,178,71.4,4.4,24.3,3,1,Win,27,2040
07/26/26,Seal Team Sticks,1525,Spittin'' Llamas,1657,-131,29.5,4.9,65.6,5,7,Loss,-33,1492
07/26/26,Spittin'' Llamas,1657,Seal Team Sticks,1525,131,65.6,4.9,29.5,7,5,Win,33,1690
07/26/26,Seattle Slapshots,1817,Purple Reign,1308,509,94.4,1.1,4.5,2,3,Loss,-71,1746
07/26/26,Purple Reign,1308,Seattle Slapshots,1817,-509,4.5,1.1,94.4,3,2,Win,71,1379
07/26/26,Doom Clouds/Golden Mules,952,Beer Dragons,1025,-73,37.0,5.4,57.6,5,8,Loss,-49,903
07/26/26,Beer Dragons,1025,Doom Clouds/Golden Mules,952,73,57.6,5.4,37.0,8,5,Win,49,1073
07/26/26,Seattle Seals,1818,Nordekes,2013,-195,22.5,4.2,73.4,2,2,Tie,21,1839
07/26/26,Nordekes,2013,Seattle Seals,1818,195,73.4,4.2,22.5,2,2,Tie,-21,1993
07/26/26,Pond Pigeons,1680,Glow Sticks,1803,-122,30.6,5.0,64.4,2,1,Win,52,1732
07/26/26,Glow Sticks,1803,Pond Pigeons,1680,122,64.4,5.0,30.6,1,2,Loss,-52,1751
07/26/26,SEA Cucumbers,1528,Pythons,1808,-280,15.1,3.1,81.8,1,1,Tie,26,1554
07/26/26,Pythons,1808,SEA Cucumbers,1528,280,81.8,3.1,15.1,1,1,Tie,-26,1782
07/26/26,Khaos,1530,Fighting Clams,1360,171,70.6,4.4,25.0,6,3,Win,39,1569
07/26/26,Fighting Clams,1360,Khaos,1530,-171,25.0,4.4,70.6,3,6,Loss,-39,1321
07/26/26,Seattle Dogs,1708,Roughnecks Mobile Infantry,1932,-224,19.7,3.8,76.6,4,3,Win,60,1768
07/26/26,Roughnecks Mobile Infantry,1932,Seattle Dogs,1708,224,76.6,3.8,19.7,3,4,Loss,-60,1872
07/27/26,Stingers,3141,Alpuckas,3128,13,49.1,5.6,45.3,6,6,Tie,1,3142
07/27/26,Alpuckas,3128,Stingers,3141,-13,45.3,5.6,49.1,6,6,Tie,-1,3128
07/27/26,Hackers,2212,Monarchs 6,2802,-590,2.9,0.7,96.4,2,4,Loss,-3,2208
07/27/26,Monarchs 6,2802,Hackers,2212,590,96.4,0.7,2.9,4,2,Win,3,2805
07/27/26,Honey Badgers,2749,Dirty Couch Hockey Club,2641,107,62.4,5.1,32.5,1,7,Loss,-100,2649
07/27/26,Dirty Couch Hockey Club,2641,Honey Badgers,2749,-107,32.5,5.1,62.4,7,1,Win,100,2741
07/27/26,Highlanders,2809,PussyCats,2745,64,56.4,5.4,38.2,5,2,Win,57,2866
07/27/26,PussyCats,2745,Highlanders,2809,-64,38.2,5.4,56.4,2,5,Loss,-57,2688
07/27/26,TP6/Fossils,2559,Rainier Reindeer HC-6,2486,72,57.5,5.4,37.1,1,4,Loss,-76,2483
07/27/26,Rainier Reindeer HC-6,2486,TP6/Fossils,2559,-72,37.1,5.4,57.5,4,1,Win,76,2562
07/27/26,Greenhorns,2616,Jokres,2623,-7,46.2,5.6,48.2,7,8,Loss,-35,2582
07/27/26,Jokres,2623,Greenhorns,2616,7,48.2,5.6,46.2,8,7,Win,35,2658
07/27/26,Renegades,2672,Reapers,2883,-211,20.9,4.0,75.1,5,6,Loss,-16,2656
07/27/26,Reapers,2883,Renegades,2672,211,75.1,4.0,20.9,6,5,Win,16,2899
07/27/26,Piranhas,2935,Yetis,2851,84,59.3,5.3,35.5,2,5,Loss,-78,2857
07/27/26,Yetis,2851,Piranhas,2935,-84,35.5,5.3,59.3,5,2,Win,78,2928
07/27/26,Seattle Warriors,2483,Brewzers OGB,2870,-387,8.7,2.0,89.3,5,10,Loss,-13,2470
07/27/26,Brewzers OGB,2870,Seattle Warriors,2483,387,89.3,2.0,8.7,10,5,Win,13,2884
07/27/26,Ice-O-Topes,2788,Sockeyes,2982,-194,22.6,4.2,73.2,5,3,Win,87,2875
07/27/26,Sockeyes,2982,Ice-O-Topes,2788,194,73.2,4.2,22.6,3,5,Loss,-87,2895
07/28/26,Barrel Aged Brewzers,2476,Wranglers,2429,47,54.0,5.5,40.5,2,5,Loss,-71,2405
07/28/26,Wranglers,2429,Barrel Aged Brewzers,2476,-47,40.5,5.5,54.0,5,2,Win,71,2500
07/28/26,Schilling Cider,3225,Kraken Up,3283,-58,38.9,5.4,55.6,6,5,Win,46,3271
07/28/26,Kraken Up,3283,Schilling Cider,3225,58,55.6,5.4,38.9,5,6,Loss,-46,3237
07/28/26,Midnight Twist,2649,Five Hole Fiends,2985,-336,11.4,2.5,86.2,2,6,Loss,-16,2633
07/28/26,Five Hole Fiends,2985,Midnight Twist,2649,336,86.2,2.5,11.4,6,2,Win,16,3001
07/28/26,Flying Monkeys,2509,The Seals,3033,-524,4.2,1.0,94.8,1,6,Loss,-6,2503
07/28/26,The Seals,3033,Flying Monkeys,2509,524,94.8,1.0,4.2,6,1,Win,6,3040
07/28/26,Icemen,2514,Squids,2412,102,61.7,5.1,33.2,7,5,Win,43,2557
07/28/26,Squids,2412,Icemen,2514,-102,33.2,5.1,61.7,5,7,Loss,-43,2369
07/28/26,Monarchs 5,2531,Black Katz,2718,-187,23.3,4.2,72.5,1,5,Loss,-33,2498
07/28/26,Black Katz,2718,Monarchs 5,2531,187,72.5,4.2,23.3,5,1,Win,33,2751
07/28/26,Screaming Eagles,3656,Steelhead,3336,320,85.0,2.6,12.3,1,3,Loss,-96,3561
07/28/26,Steelhead,3336,Screaming Eagles,3656,-320,12.3,2.6,85.0,3,1,Win,96,3432
07/28/26,DevilFish,3383,Wolves,3267,116,63.6,5.0,31.4,8,7,Win,27,3410
07/28/26,Wolves,3267,DevilFish,3383,-116,31.4,5.0,63.6,7,8,Loss,-27,3240
07/29/26,Rhinos,3907,Boozin Cougs,4104,-197,22.3,4.1,73.6,2,10,Loss,-40,3867
07/29/26,Boozin Cougs,4104,Rhinos,3907,197,73.6,4.1,22.3,10,2,Win,40,4144
07/29/26,Sasquatch,3741,Sabercats,3629,112,63.0,5.1,31.9,2,2,Tie,-10,3731
07/29/26,Sabercats,3629,Sasquatch,3741,-112,31.9,5.1,63.0,2,2,Tie,10,3639
07/29/26,Night Owls,3392,Maple Bars,3320,72,57.6,5.4,37.1,1,6,Loss,-86,3306
07/29/26,Maple Bars,3320,Night Owls,3392,-72,37.1,5.4,57.6,6,1,Win,86,3406
07/29/26,Seagulls,3169,Offspring,2914,255,79.6,3.4,17.0,4,2,Win,23,3192
07/29/26,Offspring,2914,Seagulls,3169,-255,17.0,3.4,79.6,2,4,Loss,-23,2891
07/29/26,Skateful Dead,3506,Buck Wild,3531,-25,43.6,5.6,50.9,5,3,Win,63,3569
07/29/26,Buck Wild,3531,Skateful Dead,3506,25,50.9,5.6,43.6,3,5,Loss,-63,3467
07/29/26,Hooligans,3159,Edible Arrangements,3532,-374,9.4,2.1,88.5,4,2,Win,102,3261
07/29/26,Edible Arrangements,3532,Hooligans,3159,374,88.5,2.1,9.4,2,4,Loss,-102,3430
07/29/26,The Brigade,4147,Red Dog,4069,78,58.4,5.3,36.3,4,2,Win,47,4194
07/29/26,Red Dog,4069,The Brigade,4147,-78,36.3,5.3,58.4,2,4,Loss,-47,4022
07/29/26,Skeletons,3361,Moose Knuckle,3100,261,80.1,3.3,16.5,5,1,Win,28,3389
07/29/26,Moose Knuckle,3100,Skeletons,3361,-261,16.5,3.3,80.1,1,5,Loss,-28,3072
07/29/26,Coconut Corgis,3518,Chinooks,3477,41,53.1,5.5,41.4,4,9,Loss,-80,3439
07/29/26,Chinooks,3477,Coconut Corgis,3518,-41,41.4,5.5,53.1,9,4,Win,80,3557
07/29/26,Dumpster Fire,3228,WKUTP-5,2978,249,79.0,3.5,17.5,4,2,Win,24,3251
07/29/26,WKUTP-5,2978,Dumpster Fire,3228,-249,17.5,3.5,79.0,2,4,Loss,-24,2955
07/29/26,Dead Rabbits,3149,BSOD,2960,189,72.7,4.2,23.1,4,3,Win,20,3169
07/29/26,BSOD,2960,Dead Rabbits,3149,-189,23.1,4.2,72.7,3,4,Loss,-20,2939
07/30/26,Mavericks,3972,Chiefs,4254,-283,14.9,3.1,82.0,3,2,Win,64,4035
07/30/26,Chiefs,4254,Mavericks,3972,283,82.0,3.1,14.9,2,3,Loss,-64,4190
07/30/26,Not Sure 5,2807,Amigos,3128,-321,12.3,2.6,85.1,6,6,Tie,28,2835
07/30/26,Amigos,3128,Not Sure 5,2807,321,85.1,2.6,12.3,6,6,Tie,-28,3100
07/30/26,Falcons,4277,NW Stars,4327,-50,40.1,5.5,54.4,1,3,Loss,-45,4232
07/30/26,NW Stars,4327,Falcons,4277,50,54.4,5.5,40.1,3,1,Win,45,4372
07/30/26,Mighty Mallards,3320,LLUA,3428,-108,32.4,5.1,62.5,3,5,Loss,-36,3284
07/30/26,LLUA,3428,Mighty Mallards,3320,108,62.5,5.1,32.4,5,3,Win,36,3464
07/30/26,ESB,4191,Seattle Supernova,4195,-4,46.7,5.6,47.7,2,2,Tie,2,4193
07/30/26,Seattle Supernova,4195,ESB,4191,4,47.7,5.6,46.7,2,2,Tie,-2,4192
07/30/26,Puckbuddies,3810,The Herd,3839,-29,43.0,5.6,51.4,4,8,Loss,-60,3749
07/30/26,The Herd,3839,Puckbuddies,3810,29,51.4,5.6,43.0,8,4,Win,60,3900
07/30/26,Fighting Narwhals,4078,Northwest Crabs,4458,-381,9.0,2.0,88.9,4,11,Loss,-15,4062
07/30/26,Northwest Crabs,4458,Fighting Narwhals,4078,381,88.9,2.0,9.0,11,4,Win,15,4474
07/30/26,The Mighty Geoducks,4041,Pheasants,4016,25,50.8,5.6,43.6,6,5,Win,37,4078
07/30/26,Pheasants,4016,The Mighty Geoducks,4041,-25,43.6,5.6,50.8,5,6,Loss,-37,3979
07/30/26,Top Cheddar,3143,Greasy Weasels,3317,-173,24.7,4.4,70.9,0,6,Loss,-39,3104
07/30/26,Greasy Weasels,3317,Top Cheddar,3143,173,70.9,4.4,24.7,6,0,Win,39,3356
07/30/26,ALTP,4516,Minner''s Minions,4601,-85,35.4,5.3,59.3,3,8,Loss,-53,4463
07/30/26,Minner''s Minions,4601,ALTP,4516,85,59.3,5.3,35.4,8,3,Win,53,4654
07/30/26,Shockers,3635,Goal Diggers,3729,-94,34.2,5.2,60.6,3,3,Tie,12,3647
07/30/26,Goal Diggers,3729,Shockers,3635,94,60.6,5.2,34.2,3,3,Tie,-12,3717
07/30/26,MMHC,3781,Eagles,4177,-396,8.3,1.9,89.8,3,12,Loss,-16,3766
07/30/26,Eagles,4177,MMHC,3781,396,89.8,1.9,8.3,12,3,Win,16,4193
08/02/26,Banana Guardians,796,Doom Clouds/Golden Mules,903,-107,32.5,5.1,62.4,1,5,Loss,-46,751
08/02/26,Doom Clouds/Golden Mules,903,Banana Guardians,796,107,62.4,5.1,32.5,5,1,Win,46,949
08/02/26,SEA Cucumbers,1554,Toe Dragons,1622,-68,37.7,5.4,56.9,1,3,Loss,-42,1512
08/02/26,Toe Dragons,1622,SEA Cucumbers,1554,68,56.9,5.4,37.7,3,1,Win,42,1664
08/02/26,Khaos,1569,Orange Crush,1653,-83,35.6,5.3,59.1,3,1,Win,72,1642
08/02/26,Orange Crush,1653,Khaos,1569,83,59.1,5.3,35.6,1,3,Loss,-72,1580
08/02/26,BLU Bombers,2012,Seattle Seals,1839,174,70.9,4.4,24.7,7,7,Tie,-16,1997
08/02/26,Seattle Seals,1839,BLU Bombers,2012,-174,24.7,4.4,70.9,7,7,Tie,16,1855
08/02/26,Blackouts,1828,Seal Team Sticks,1492,336,86.1,2.5,11.4,4,6,Loss,-97,1731
08/02/26,Seal Team Sticks,1492,Blackouts,1828,-336,11.4,2.5,86.1,6,4,Win,97,1589
08/02/26,Beer Dragons,1073,Ice Breakers,1303,-230,19.2,3.7,77.1,1,5,Loss,-27,1046
08/02/26,Ice Breakers,1303,Beer Dragons,1073,230,77.1,3.7,19.2,5,1,Win,27,1330
08/02/26,Blackbirds,1648,Mighty Moose,1557,91,60.2,5.2,34.5,2,0,Win,45,1693
08/02/26,Mighty Moose,1557,Blackbirds,1648,-91,34.5,5.2,60.2,0,2,Loss,-45,1512
08/02/26,Seattle Freeze,2049,Chucklepucks,2508,-459,5.9,1.4,92.7,5,8,Loss,-8,2041
08/02/26,Chucklepucks,2508,Seattle Freeze,2049,459,92.7,1.4,5.9,8,5,Win,8,2516
08/02/26,Raiders,2459,Wranglers,2500,-41,41.4,5.5,53.1,4,6,Loss,-47,2412
08/02/26,Wranglers,2500,Raiders,2459,41,53.1,5.5,41.4,6,4,Win,47,2546
08/02/26,Mudflaps,2575,Blades,2502,73,57.7,5.4,36.9,5,3,Win,48,2623
08/02/26,Blades,2502,Mudflaps,2575,-73,36.9,5.4,57.7,3,5,Loss,-48,2455
08/02/26,Pythons,1782,Purple Reign,1379,403,90.2,1.8,8.0,8,1,Win,17,1799
08/02/26,Purple Reign,1379,Pythons,1782,-403,8.0,1.8,90.2,1,8,Loss,-17,1362
08/02/26,Fluffy Bunnies,2040,Quacken,2250,-210,21.0,4.0,75.1,4,7,Loss,-28,2012
08/02/26,Quacken,2250,Fluffy Bunnies,2040,210,75.1,4.0,21.0,7,4,Win,28,2278
08/02/26,Iced Awesome,1808,Los Tigres,2008,-200,21.9,4.1,74.0,0,7,Loss,-37,1771
08/02/26,Los Tigres,2008,Iced Awesome,1808,200,74.0,4.1,21.9,7,0,Win,37,2045
08/02/26,Tropical Punchers,1080,Spicy Kittens HC-9,1055,25,50.8,5.6,43.6,2,2,Tie,-1,1079
08/02/26,Spicy Kittens HC-9,1055,Tropical Punchers,1080,-25,43.6,5.6,50.8,2,2,Tie,1,1055
08/02/26,Roughnecks Mobile Infantry,1872,Nordekes,1993,-121,30.8,5.0,64.2,3,1,Win,78,1950
08/02/26,Nordekes,1993,Roughnecks Mobile Infantry,1872,121,64.2,5.0,30.8,1,3,Loss,-78,1915
08/02/26,Mad Hat Tricks,1036,Redrum,650,386,89.3,2.0,8.8,6,0,Win,17,1053
08/02/26,Redrum,650,Mad Hat Tricks,1036,-386,8.8,2.0,89.3,0,6,Loss,-17,632
08/02/26,Seattle Slapshots,1746,Hungry Hatchlings,1507,240,78.1,3.6,18.3,7,4,Win,29,1775
08/02/26,Hungry Hatchlings,1507,Seattle Slapshots,1746,-240,18.3,3.6,78.1,4,7,Loss,-29,1478
08/02/26,Glow Sticks,1751,Spittin'' Llamas,1690,61,56.0,5.4,38.6,0,2,Loss,-63,1688
08/02/26,Spittin'' Llamas,1690,Glow Sticks,1751,-61,38.6,5.4,56.0,2,0,Win,63,1753
08/02/26,Birrds,2042,LKI,1876,166,70.0,4.5,25.5,7,3,Win,42,2084
08/02/26,LKI,1876,Birrds,2042,-166,25.5,4.5,70.0,3,7,Loss,-42,1833
08/02/26,Pond Pigeons,1732,Spicy Kittens HC-8,1624,109,62.6,5.1,32.3,5,5,Tie,-9,1723
08/02/26,Spicy Kittens HC-8,1624,Pond Pigeons,1732,-109,32.3,5.1,62.6,5,5,Tie,9,1633
08/02/26,Fighting Clams,1321,Yacht Flippers,1309,12,48.9,5.6,45.5,2,4,Loss,-55,1266
08/02/26,Yacht Flippers,1309,Fighting Clams,1321,-12,45.5,5.6,48.9,4,2,Win,55,1364
08/02/26,Trash Pandas 7/Coyotes,2391,Barrel Aged Brewzers,2405,-14,45.2,5.6,49.2,1,5,Loss,-64,2327
08/02/26,Barrel Aged Brewzers,2405,Trash Pandas 7/Coyotes,2391,14,49.2,5.6,45.2,5,1,Win,64,2468
08/02/26,Purple Puck Eaters,1199,Red Zeppelin,1157,42,53.2,5.5,41.3,4,1,Win,61,1260
08/02/26,Red Zeppelin,1157,Purple Puck Eaters,1199,-42,41.3,5.5,53.2,1,4,Loss,-61,1096
08/02/26,Gremlins Hockey,1064,Rainier Reindeers HC-9,1313,-249,17.5,3.5,79.0,2,4,Loss,-20,1044
08/02/26,Rainier Reindeers HC-9,1313,Gremlins Hockey,1064,249,79.0,3.5,17.5,4,2,Win,20,1333
08/02/26,Maelstrom,1083,The Axolotls,1226,-143,28.1,4.7,67.1,1,6,Loss,-42,1041
08/02/26,The Axolotls,1226,Maelstrom,1083,143,67.1,4.7,28.1,6,1,Win,42,1268
08/02/26,Rip-Its,1133,Galactic Penguins,812,320,85.0,2.6,12.3,2,3,Loss,-64,1069
08/02/26,Galactic Penguins,812,Rip-Its,1133,-320,12.3,2.6,85.0,3,2,Win,64,876
08/02/26,Seattle Dogs,1768,Lagooners,1894,-127,30.1,4.9,65.0,4,5,Loss,-23,1745
08/02/26,Lagooners,1894,Seattle Dogs,1768,127,65.0,4.9,30.1,5,4,Win,23,1917
08/02/26,Not Sure 6,2395,Hampton West Hockey Club,2344,52,54.6,5.5,39.9,3,11,Loss,-97,2298
08/02/26,Hampton West Hockey Club,2344,Not Sure 6,2395,-52,39.9,5.5,54.6,11,3,Win,97,2441
08/03/26,Rainier Reindeer HC-6,2562,Monarchs 6,2805,-243,18.0,3.6,78.4,3,4,Loss,-14,2548
08/03/26,Monarchs 6,2805,Rainier Reindeer HC-6,2562,243,78.4,3.6,18.0,4,3,Win,14,2818
08/03/26,TP6/Fossils,2483,Jokres,2658,-175,24.6,4.4,71.0,5,4,Win,57,2540
08/03/26,Jokres,2658,TP6/Fossils,2483,175,71.0,4.4,24.6,4,5,Loss,-57,2601
08/03/26,Black Katz,2751,Highlanders,2866,-116,31.4,5.0,63.6,5,3,Win,77,2828
08/03/26,Highlanders,2866,Black Katz,2751,116,63.6,5.0,31.4,3,5,Loss,-77,2789
08/03/26,Piranhas,2857,Stingers,3142,-285,14.7,3.0,82.2,6,1,Win,128,2985
08/03/26,Stingers,3142,Piranhas,2857,285,82.2,3.0,14.7,1,6,Loss,-128,3014
08/03/26,Flying Monkeys,2503,Monarchs 5,2498,5,47.9,5.6,46.5,5,3,Win,59,2562
08/03/26,Monarchs 5,2498,Flying Monkeys,2503,-5,46.5,5.6,47.9,3,5,Loss,-59,2439
08/03/26,Alpuckas,3128,Midnight Twist,2633,495,93.9,1.2,4.9,1,0,Win,5,3132
08/03/26,Midnight Twist,2633,Alpuckas,3128,-495,4.9,1.2,93.9,0,1,Loss,-5,2628
08/03/26,Real Bacon,2239,Trash Pandas Garbage Legacy,2233,5,48.0,5.6,46.4,5,1,Win,73,2312
08/03/26,Trash Pandas Garbage Legacy,2233,Real Bacon,2239,-5,46.4,5.6,48.0,1,5,Loss,-73,2160
08/03/26,Hackers,2208,Greenhorns,2582,-373,9.4,2.1,88.5,5,2,Win,119,2327
08/03/26,Greenhorns,2582,Hackers,2208,373,88.5,2.1,9.4,2,5,Loss,-119,2463
08/03/26,The Seals,3040,PussyCats,2688,352,87.2,2.3,10.5,7,1,Win,20,3060
08/03/26,PussyCats,2688,The Seals,3040,-352,10.5,2.3,87.2,1,7,Loss,-20,2668
08/04/26,Reapers,2899,Offspring,2891,8,48.4,5.6,46.0,3,6,Loss,-63,2835
08/04/26,Offspring,2891,Reapers,2899,-8,46.0,5.6,48.4,6,3,Win,63,2954
08/04/26,Dirty Couch Hockey Club,2741,Squids,2369,372,88.4,2.1,9.5,9,5,Win,16,2757
08/04/26,Squids,2369,Dirty Couch Hockey Club,2741,-372,9.5,2.1,88.4,5,9,Loss,-16,2353
08/04/26,Renegades,2656,Sockeyes,2895,-239,18.4,3.6,78.0,7,8,Loss,-14,2643
08/04/26,Sockeyes,2895,Renegades,2656,239,78.0,3.6,18.4,8,7,Win,14,2909
08/04/26,Dead Rabbits,3169,Not Sure 5,2835,334,86.0,2.5,11.5,6,2,Win,20,3189
08/04/26,Not Sure 5,2835,Dead Rabbits,3169,-334,11.5,2.5,86.0,2,6,Loss,-20,2816
08/04/26,Top Cheddar,3104,DevilFish,3410,-307,13.2,2.8,84.0,3,1,Win,98,3201
08/04/26,DevilFish,3410,Top Cheddar,3104,307,84.0,2.8,13.2,1,3,Loss,-98,3313
08/04/26,Boozin Cougs,4144,Puckbuddies,3749,394,89.7,1.9,8.4,5,6,Loss,-67,4076
08/04/26,Puckbuddies,3749,Boozin Cougs,4144,-394,8.4,1.9,89.7,6,5,Win,67,3817
08/04/26,Honey Badgers,2649,Seattle Warriors,2470,179,71.6,4.3,24.1,3,2,Win,21,2671
08/04/26,Seattle Warriors,2470,Honey Badgers,2649,-179,24.1,4.3,71.6,2,3,Loss,-21,2449
08/04/26,Brewzers OGB,2884,Icemen,2557,326,85.5,2.6,12.0,5,0,Win,22,2905
08/04/26,Icemen,2557,Brewzers OGB,2884,-326,12.0,2.6,85.5,0,5,Loss,-22,2535
08/04/26,Five Hole Fiends,3001,Yetis,2928,73,57.6,5.4,37.0,7,2,Win,64,3065
08/04/26,Yetis,2928,Five Hole Fiends,3001,-73,37.0,5.4,57.6,2,7,Loss,-64,2865
08/05/26,Night Owls,3306,Skateful Dead,3569,-263,16.4,3.3,80.3,2,2,Tie,25,3331
08/05/26,Skateful Dead,3569,Night Owls,3306,263,80.3,3.3,16.4,2,2,Tie,-25,3544
08/05/26,Buck Wild,3467,Screaming Eagles,3561,-93,34.3,5.2,60.5,4,6,Loss,-39,3429
08/05/26,Screaming Eagles,3561,Buck Wild,3467,93,60.5,5.2,34.3,6,4,Win,39,3599
08/05/26,Moose Knuckle,3072,Greasy Weasels,3356,-284,14.8,3.1,82.2,5,1,Win,120,3191
08/05/26,Greasy Weasels,3356,Moose Knuckle,3072,284,82.2,3.1,14.8,1,5,Loss,-120,3236
08/05/26,The Brigade,4194,Northwest Crabs,4474,-280,15.1,3.1,81.8,5,6,Loss,-11,4183
08/05/26,Northwest Crabs,4474,The Brigade,4194,280,81.8,3.1,15.1,6,5,Win,11,4485
08/05/26,Edible Arrangements,3430,Schilling Cider,3271,160,69.2,4.6,26.2,3,3,Tie,-14,3416
08/05/26,Schilling Cider,3271,Edible Arrangements,3430,-160,26.2,4.6,69.2,3,3,Tie,14,3285
08/05/26,Skeletons,3389,Wolves,3240,149,67.8,4.7,27.5,8,5,Win,42,3431
08/05/26,Wolves,3240,Skeletons,3389,-149,27.5,4.7,67.8,5,8,Loss,-42,3198
08/05/26,Seagulls,3192,Ice-O-Topes,2875,316,84.7,2.7,12.6,4,1,Win,20,3212
08/05/26,Ice-O-Topes,2875,Seagulls,3192,-316,12.6,2.7,84.7,1,4,Loss,-20,2855
08/05/26,Sasquatch,3731,Coconut Corgis,3439,293,82.9,3.0,14.2,4,0,Win,24,3755
08/05/26,Coconut Corgis,3439,Sasquatch,3731,-293,14.2,3.0,82.9,0,4,Loss,-24,3414
08/05/26,BSOD,2939,WKUTP-5,2955,-15,45.0,5.6,49.4,3,2,Win,41,2981
08/05/26,WKUTP-5,2955,BSOD,2939,15,49.4,5.6,45.0,2,3,Loss,-41,2913
08/05/26,Amigos,3100,Dumpster Fire,3251,-151,27.2,4.7,68.2,5,6,Loss,-20,3079
08/05/26,Dumpster Fire,3251,Amigos,3100,151,68.2,4.7,27.2,6,5,Win,20,3271
08/05/26,Mighty Mallards,3284,Hooligans,3261,23,50.5,5.6,43.9,2,1,Win,37,3321
08/05/26,Hooligans,3261,Mighty Mallards,3284,-23,43.9,5.6,50.5,1,2,Loss,-37,3224
08/05/26,Eagles,4193,The Herd,3900,293,82.9,3.0,14.1,7,7,Tie,-25,4168
08/05/26,The Herd,3900,Eagles,4193,-293,14.1,3.0,82.9,7,7,Tie,25,3924
08/06/26,MMHC,3766,Rhinos,3867,-102,33.2,5.1,61.7,3,11,Loss,-59,3706
08/06/26,Rhinos,3867,MMHC,3766,102,61.7,5.1,33.2,11,3,Win,59,3926
08/06/26,LLUA,3464,Kraken Up,3237,227,76.8,3.8,19.4,2,2,Tie,-20,3444
08/06/26,Kraken Up,3237,LLUA,3464,-227,19.4,3.8,76.8,2,2,Tie,20,3258
08/06/26,Shockers,3647,Chinooks,3557,90,60.1,5.2,34.7,5,3,Win,45,3692
08/06/26,Chinooks,3557,Shockers,3647,-90,34.7,5.2,60.1,3,5,Loss,-45,3512
08/06/26,Maple Bars,3406,Steelhead,3432,-25,43.6,5.6,50.9,4,4,Tie,5,3411
08/06/26,Steelhead,3432,Maple Bars,3406,25,50.9,5.6,43.6,4,4,Tie,-5,3427
08/06/26,Seattle Supernova,4192,NW Stars,4372,-180,24.0,4.3,71.7,3,6,Loss,-32,4161
08/06/26,NW Stars,4372,Seattle Supernova,4192,180,71.7,4.3,24.0,6,3,Win,32,4404
08/06/26,The Mighty Geoducks,4078,Mavericks,4035,42,53.3,5.5,41.2,5,6,Loss,-40,4038
08/06/26,Mavericks,4035,The Mighty Geoducks,4078,-42,41.2,5.5,53.3,6,5,Win,40,4075
08/06/26,ALTP,4463,Falcons,4232,231,77.2,3.7,19.1,6,6,Tie,-20,4443
08/06/26,Falcons,4232,ALTP,4463,-231,19.1,3.7,77.2,6,6,Tie,20,4253
08/06/26,Sabercats,3639,Goal Diggers,3717,-78,36.3,5.3,58.4,5,7,Loss,-41,3598
08/06/26,Goal Diggers,3717,Sabercats,3639,78,58.4,5.3,36.3,7,5,Win,41,3758
08/06/26,Chiefs,4190,Fighting Narwhals,4062,128,65.2,4.9,29.9,1,0,Win,26,4216
08/06/26,Fighting Narwhals,4062,Chiefs,4190,-128,29.9,4.9,65.2,0,1,Loss,-26,4036
08/06/26,ESB,4193,Minner''s Minions,4654,-461,5.9,1.4,92.7,3,13,Loss,-12,4182
08/06/26,Minner''s Minions,4654,ESB,4193,461,92.7,1.4,5.9,13,3,Win,12,4666
08/06/26,Red Dog,4022,Pheasants,3979,44,53.5,5.5,41.0,5,4,Win,35,4057
08/06/26,Pheasants,3979,Red Dog,4022,-44,41.0,5.5,53.5,4,5,Loss,-35,3944
08/09/26,Spittin'' Llamas,1753,Spicy Kittens HC-8,1633,120,64.1,5.0,30.9,8,1,Win,61,1813
08/09/26,Spicy Kittens HC-8,1633,Spittin'' Llamas,1753,-120,30.9,5.0,64.1,1,8,Loss,-61,1572
08/09/26,Yacht Flippers,1364,Orange Crush,1580,-216,20.5,3.9,75.7,1,8,Loss,-35,1330
08/09/26,Orange Crush,1580,Yacht Flippers,1364,216,75.7,3.9,20.5,8,1,Win,35,1615
08/09/26,Fluffy Bunnies,2012,LKI,1833,179,71.5,4.3,24.1,6,1,Win,43,2055
08/09/26,LKI,1833,Fluffy Bunnies,2012,-179,24.1,4.3,71.5,1,6,Loss,-43,1791
08/09/26,Hampton West Hockey Club,2441,Trash Pandas Garbage Legacy,2160,281,81.9,3.1,15.0,3,2,Win,14,2455
08/09/26,Trash Pandas Garbage Legacy,2160,Hampton West Hockey Club,2441,-281,15.0,3.1,81.9,2,3,Loss,-14,2147
08/09/26,Pythons,1799,Seattle Slapshots,1775,23,50.6,5.6,43.9,5,0,Win,74,1873
08/09/26,Seattle Slapshots,1775,Pythons,1799,-23,43.9,5.6,50.6,0,5,Loss,-74,1701
08/09/26,Blackouts,1731,Pond Pigeons,1723,8,48.3,5.6,46.1,2,2,Tie,1,1732
08/09/26,Pond Pigeons,1723,Blackouts,1731,-8,46.1,5.6,48.3,2,2,Tie,-1,1722
08/09/26,Galactic Penguins,876,The Axolotls,1268,-392,8.5,1.9,89.6,1,6,Loss,-13,863
08/09/26,The Axolotls,1268,Galactic Penguins,876,392,89.6,1.9,8.5,6,1,Win,13,1281
08/09/26,Rainier Reindeer HC-6,2548,Hackers,2327,221,76.2,3.8,20.0,5,1,Win,33,2582
08/09/26,Hackers,2327,Rainier Reindeer HC-6,2548,-221,20.0,3.8,76.2,1,5,Loss,-33,2294
08/09/26,Birrds,2084,Iced Awesome,1771,313,84.5,2.7,12.8,7,4,Win,20,2104
08/09/26,Iced Awesome,1771,Birrds,2084,-313,12.8,2.7,84.5,4,7,Loss,-20,1750
08/09/26,Roughnecks Mobile Infantry,1950,Seattle Seals,1855,95,60.8,5.2,34.0,1,4,Loss,-80,1870
08/09/26,Seattle Seals,1855,Roughnecks Mobile Infantry,1950,-95,34.0,5.2,60.8,4,1,Win,80,1934
08/09/26,Redrum,632,Maelstrom,1041,-409,7.8,1.8,90.4,0,7,Loss,-13,619
08/09/26,Maelstrom,1041,Redrum,632,409,90.4,1.8,7.8,7,0,Win,13,1054
08/09/26,Tropical Punchers,1079,Rainier Reindeers HC-9,1333,-253,17.2,3.4,79.4,2,2,Tie,25,1104
08/09/26,Rainier Reindeers HC-9,1333,Tropical Punchers,1079,253,79.4,3.4,17.2,2,2,Tie,-25,1308
08/09/26,Rip-Its,1069,Mad Hat Tricks,1053,16,49.5,5.6,44.9,4,3,Win,38,1107
08/09/26,Mad Hat Tricks,1053,Rip-Its,1069,-16,44.9,5.6,49.5,3,4,Loss,-38,1015
08/09/26,Mudflaps,2623,Trash Pandas 7/Coyotes,2327,296,83.1,2.9,14.0,4,1,Win,22,2645
08/09/26,Trash Pandas 7/Coyotes,2327,Mudflaps,2623,-296,14.0,2.9,83.1,1,4,Loss,-22,2305
08/09/26,Glow Sticks,1688,Seal Team Sticks,1589,99,61.3,5.2,33.6,3,0,Win,51,1738
08/09/26,Seal Team Sticks,1589,Glow Sticks,1688,-99,33.6,5.2,61.3,0,3,Loss,-51,1538
08/09/26,Fighting Clams,1266,Mighty Moose,1512,-246,17.7,3.5,78.7,1,9,Loss,-32,1234
08/09/26,Mighty Moose,1512,Fighting Clams,1266,246,78.7,3.5,17.7,9,1,Win,32,1544
08/09/26,Purple Puck Eaters,1260,Gremlins Hockey,1044,216,75.7,3.9,20.4,1,3,Loss,-85,1175
08/09/26,Gremlins Hockey,1044,Purple Puck Eaters,1260,-216,20.4,3.9,75.7,3,1,Win,85,1129
08/09/26,Ice Breakers,1330,Doom Clouds/Golden Mules,949,381,88.9,2.0,9.0,4,3,Win,8,1338
08/09/26,Doom Clouds/Golden Mules,949,Ice Breakers,1330,-381,9.0,2.0,88.9,3,4,Loss,-8,941
08/09/26,Not Sure 6,2298,Seattle Freeze,2041,257,79.7,3.4,16.9,2,2,Tie,-22,2276
08/09/26,Seattle Freeze,2041,Not Sure 6,2298,-257,16.9,3.4,79.7,2,2,Tie,22,2063
08/09/26,Beer Dragons,1046,Banana Guardians,751,295,83.1,2.9,14.0,4,1,Win,22,1068
08/09/26,Banana Guardians,751,Beer Dragons,1046,-295,14.0,2.9,83.1,1,4,Loss,-22,729
08/09/26,Purple Reign,1362,Toe Dragons,1664,-302,13.5,2.8,83.6,3,4,Loss,-10,1352
08/09/26,Toe Dragons,1664,Purple Reign,1362,302,83.6,2.8,13.5,4,3,Win,10,1674
08/09/26,Spicy Kittens HC-9,1055,Red Zeppelin,1096,-40,41.5,5.5,53.0,6,4,Win,66,1121
08/09/26,Red Zeppelin,1096,Spicy Kittens HC-9,1055,40,53.0,5.5,41.5,4,6,Loss,-66,1030
08/09/26,Hungry Hatchlings,1478,SEA Cucumbers,1512,-34,42.4,5.5,52.1,2,0,Win,65,1543
08/09/26,SEA Cucumbers,1512,Hungry Hatchlings,1478,34,52.1,5.5,42.4,0,2,Loss,-65,1447
08/09/26,Quacken,2278,Los Tigres,2045,232,77.4,3.7,18.9,4,8,Loss,-109,2169
08/09/26,Los Tigres,2045,Quacken,2278,-232,18.9,3.7,77.4,8,4,Win,109,2154
08/09/26,Nordekes,1915,Lagooners,1917,-2,46.9,5.6,47.5,6,3,Win,70,1984
08/09/26,Lagooners,1917,Nordekes,1915,2,47.5,5.6,46.9,3,6,Loss,-70,1847
08/09/26,Seattle Dogs,1745,BLU Bombers,1997,-251,17.3,3.5,79.2,5,4,Win,62,1807
08/09/26,BLU Bombers,1997,Seattle Dogs,1745,251,79.2,3.5,17.3,4,5,Loss,-62,1935
08/09/26,Blackbirds,1693,Khaos,1642,52,54.6,5.5,39.9,4,5,Loss,-41,1652
08/09/26,Khaos,1642,Blackbirds,1693,-52,39.9,5.5,54.6,5,4,Win,41,1683
08/09/26,Chucklepucks,2516,Real Bacon,2312,204,74.4,4.0,21.6,2,3,Loss,-56,2460
08/09/26,Real Bacon,2312,Chucklepucks,2516,-204,21.6,4.0,74.4,3,2,Win,56,2368
08/10/26,Squids,2353,Seattle Warriors,2449,-96,34.0,5.2,60.9,1,8,Loss,-57,2296
08/10/26,Seattle Warriors,2449,Squids,2353,96,60.9,5.2,34.0,8,1,Win,57,2506
08/10/26,The Seals,3060,Highlanders,2789,271,81.0,3.2,15.8,8,3,Win,28,3088
08/10/26,Highlanders,2789,The Seals,3060,-271,15.8,3.2,81.0,3,8,Loss,-28,2761
08/10/26,Dirty Couch Hockey Club,2757,Icemen,2535,222,76.3,3.8,19.9,4,4,Tie,-20,2738
08/10/26,Icemen,2535,Dirty Couch Hockey Club,2757,-222,19.9,3.8,76.3,4,4,Tie,20,2555
08/10/26,Alpuckas,3132,Piranhas,2985,147,67.6,4.7,27.6,2,2,Tie,-13,3119
08/10/26,Piranhas,2985,Alpuckas,3132,-147,27.6,4.7,67.6,2,2,Tie,13,2998
08/10/26,TP6/Fossils,2540,Greenhorns,2463,77,58.2,5.3,36.4,3,1,Win,47,2587
08/10/26,Greenhorns,2463,TP6/Fossils,2540,-77,36.4,5.3,58.2,1,3,Loss,-47,2416
08/10/26,Monarchs 6,2818,Jokres,2601,217,75.8,3.9,20.3,2,1,Win,18,2837
08/10/26,Jokres,2601,Monarchs 6,2818,-217,20.3,3.9,75.8,1,2,Loss,-18,2583
08/10/26,Blades,2455,Wranglers,2546,-91,34.5,5.2,60.3,5,5,Tie,12,2466
08/10/26,Wranglers,2546,Blades,2455,91,60.3,5.2,34.5,5,5,Tie,-12,2535
08/10/26,Barrel Aged Brewzers,2468,Raiders,2412,56,55.3,5.5,39.2,7,2,Win,67,2535
08/10/26,Raiders,2412,Barrel Aged Brewzers,2468,-56,39.2,5.5,55.3,2,7,Loss,-67,2345
08/10/26,Brewzers OGB,2905,Honey Badgers,2671,235,77.6,3.7,18.7,4,5,Loss,-58,2847
08/10/26,Honey Badgers,2671,Brewzers OGB,2905,-235,18.7,3.7,77.6,5,4,Win,58,2729
08/10/26,DevilFish,3313,Top Cheddar,3201,111,63.0,5.1,32.0,3,2,Win,28,3341
08/10/26,Top Cheddar,3201,DevilFish,3313,-111,32.0,5.1,63.0,2,3,Loss,-28,3174
08/10/26,Moose Knuckle,3191,Wolves,3198,-6,46.3,5.6,48.1,2,8,Loss,-74,3118
08/10/26,Wolves,3198,Moose Knuckle,3191,6,48.1,5.6,46.3,8,2,Win,74,3272
08/11/26,LLUA,3444,Schilling Cider,3285,159,69.2,4.6,26.3,4,1,Win,40,3485
08/11/26,Schilling Cider,3285,LLUA,3444,-159,26.3,4.6,69.2,1,4,Loss,-40,3244
08/11/26,Mighty Mallards,3321,Edible Arrangements,3416,-95,34.0,5.2,60.8,5,2,Win,87,3407
08/11/26,Edible Arrangements,3416,Mighty Mallards,3321,95,60.8,5.2,34.0,2,5,Loss,-87,3329
08/11/26,Steelhead,3427,Skateful Dead,3544,-117,31.3,5.0,63.7,2,1,Win,52,3478
08/11/26,Skateful Dead,3544,Steelhead,3427,117,63.7,5.0,31.3,1,2,Loss,-52,3492
08/11/26,Monarchs 5,2439,PussyCats,2668,-228,19.3,3.7,76.9,3,9,Loss,-31,2409
08/11/26,PussyCats,2668,Monarchs 5,2439,228,76.9,3.7,19.3,9,3,Win,31,2698
08/11/26,Flying Monkeys,2562,Black Katz,2828,-266,16.1,3.3,80.6,2,4,Loss,-18,2543
08/11/26,Black Katz,2828,Flying Monkeys,2562,266,80.6,3.3,16.1,4,2,Win,18,2846
08/11/26,Amigos,3079,BSOD,2981,99,61.3,5.2,33.6,2,3,Loss,-46,3033
08/11/26,BSOD,2981,Amigos,3079,-99,33.6,5.2,61.3,3,2,Win,46,3026
08/11/26,Not Sure 5,2816,WKUTP-5,2913,-98,33.7,5.2,61.1,2,10,Loss,-60,2756
08/11/26,WKUTP-5,2913,Not Sure 5,2816,98,61.1,5.2,33.7,10,2,Win,60,2973
08/12/26,Chinooks,3512,Sasquatch,3755,-243,18.0,3.6,78.4,3,7,Loss,-25,3487
08/12/26,Sasquatch,3755,Chinooks,3512,243,78.4,3.6,18.0,7,3,Win,25,3781
08/12/26,Eagles,4168,Puckbuddies,3817,351,87.2,2.3,10.5,9,7,Win,14,4183
08/12/26,Puckbuddies,3817,Eagles,4168,-351,10.5,2.3,87.2,7,9,Loss,-14,3802
08/12/26,The Brigade,4183,Fighting Narwhals,4036,147,67.6,4.7,27.7,10,2,Win,58,4241
08/12/26,Fighting Narwhals,4036,The Brigade,4183,-147,27.7,4.7,67.6,2,10,Loss,-58,3979
08/12/26,Sabercats,3598,Shockers,3692,-94,34.2,5.2,60.6,3,1,Win,74,3672
08/12/26,Shockers,3692,Sabercats,3598,94,60.6,5.2,34.2,1,3,Loss,-74,3618
08/12/26,Maple Bars,3411,Screaming Eagles,3599,-188,23.2,4.2,72.6,3,4,Loss,-17,3394
08/12/26,Screaming Eagles,3599,Maple Bars,3411,188,72.6,4.2,23.2,4,3,Win,17,3617
08/12/26,Red Dog,4057,Mavericks,4075,-18,44.6,5.6,49.8,2,4,Loss,-50,4007
08/12/26,Mavericks,4075,Red Dog,4057,18,49.8,5.6,44.6,4,2,Win,50,4126
08/12/26,Buck Wild,3429,Night Owls,3331,98,61.1,5.2,33.7,1,0,Win,29,3458
08/12/26,Night Owls,3331,Buck Wild,3429,-98,33.7,5.2,61.1,0,1,Loss,-29,3302
08/12/26,The Herd,3924,Rhinos,3926,-2,46.9,5.6,47.5,4,6,Loss,-53,3872
08/12/26,Rhinos,3926,The Herd,3924,2,47.5,5.6,46.9,6,4,Win,53,3979
08/12/26,Boozin Cougs,4076,MMHC,3706,370,88.3,2.1,9.6,0,1,Loss,-66,4010
08/12/26,MMHC,3706,Boozin Cougs,4076,-370,9.6,2.1,88.3,1,0,Win,66,3773
08/12/26,Kraken Up,3258,Hooligans,3224,34,52.1,5.5,42.4,8,6,Win,54,3311
08/12/26,Hooligans,3224,Kraken Up,3258,-34,42.4,5.5,52.1,6,8,Loss,-54,3170
08/12/26,Ice-O-Topes,2855,Offspring,2954,-99,33.6,5.2,61.2,4,3,Win,50,2905
08/12/26,Offspring,2954,Ice-O-Topes,2855,99,61.2,5.2,33.6,3,4,Loss,-50,2904
08/13/26,Pheasants,3944,Northwest Crabs,4485,-541,3.8,0.9,95.3,4,9,Loss,-6,3938
08/13/26,Northwest Crabs,4485,Pheasants,3944,541,95.3,0.9,3.8,9,4,Win,6,4491
08/13/26,ESB,4182,ALTP,4443,-261,16.6,3.3,80.1,3,8,Loss,-25,4157
08/13/26,ALTP,4443,ESB,4182,261,80.1,3.3,16.6,8,3,Win,25,4468
08/13/26,Goal Diggers,3758,Coconut Corgis,3414,344,86.6,2.4,11.0,9,2,Win,23,3781
08/13/26,Coconut Corgis,3414,Goal Diggers,3758,-344,11.0,2.4,86.6,2,9,Loss,-23,3392
08/13/26,NW Stars,4404,Minner''s Minions,4666,-262,16.5,3.3,80.2,4,10,Loss,-26,4378
08/13/26,Minner''s Minions,4666,NW Stars,4404,262,80.2,3.3,16.5,10,4,Win,26,4692
08/13/26,The Mighty Geoducks,4038,Chiefs,4216,-179,24.2,4.3,71.5,5,5,Tie,19,4057
08/13/26,Chiefs,4216,The Mighty Geoducks,4038,179,71.5,4.3,24.2,5,5,Tie,-19,4197
08/13/26,Seattle Supernova,4161,Falcons,4253,-92,34.5,5.2,60.3,3,7,Loss,-48,4112
08/13/26,Falcons,4253,Seattle Supernova,4161,92,60.3,5.2,34.5,7,3,Win,48,4301
08/13/26,Yetis,2865,Piranhas,2998,-133,29.3,4.8,65.9,6,3,Win,93,2958
08/13/26,Piranhas,2998,Yetis,2865,133,65.9,4.8,29.3,3,6,Loss,-93,2906
08/13/26,Seattle Warriors,2506,Icemen,2555,-49,40.2,5.5,54.3,5,2,Win,78,2585
08/13/26,Icemen,2555,Seattle Warriors,2506,49,54.3,5.5,40.2,2,5,Loss,-78,2477
08/13/26,Renegades,2643,Reapers,2835,-193,22.7,4.2,73.1,5,1,Win,109,2751
08/13/26,Reapers,2835,Renegades,2643,193,73.1,4.2,22.7,1,5,Loss,-109,2726
08/13/26,Midnight Twist,2628,Stingers,3014,-386,8.8,2.0,89.2,0,5,Loss,-13,2615
08/13/26,Stingers,3014,Midnight Twist,2628,386,89.2,2.0,8.8,5,0,Win,13,3027
08/13/26,Squids,2296,Dirty Couch Hockey Club,2738,-442,6.5,1.5,92.0,0,8,Loss,-12,2284
08/13/26,Dirty Couch Hockey Club,2738,Squids,2296,442,92.0,1.5,6.5,8,0,Win,12,2749
08/16/26,BLU Bombers,1935,Roughnecks Mobile Infantry,1870,65,56.5,5.4,38.1,2,3,Loss,-42,1892
08/16/26,Roughnecks Mobile Infantry,1870,BLU Bombers,1935,-65,38.1,5.4,56.5,3,2,Win,42,1912
08/16/26,Tropical Punchers,1104,Gremlins Hockey,1129,-25,43.6,5.6,50.8,9,1,Win,100,1204
08/16/26,Gremlins Hockey,1129,Tropical Punchers,1104,25,50.8,5.6,43.6,1,9,Loss,-100,1029
08/16/26,Quacken,2169,Iced Awesome,1750,419,90.9,1.7,7.4,4,8,Loss,-128,2041
08/16/26,Iced Awesome,1750,Quacken,2169,-419,7.4,1.7,90.9,8,4,Win,128,1878
08/16/26,Toe Dragons,1674,Seattle Slapshots,1701,-27,43.4,5.6,51.1,1,4,Loss,-57,1617
08/16/26,Seattle Slapshots,1701,Toe Dragons,1674,27,51.1,5.6,43.4,4,1,Win,57,1758
08/16/26,Fighting Clams,1234,Blackbirds,1652,-418,7.4,1.7,90.9,2,7,Loss,-11,1223
08/16/26,Blackbirds,1652,Fighting Clams,1234,418,90.9,1.7,7.4,7,2,Win,11,1663
08/16/26,Redrum,619,Rip-Its,1107,-488,5.1,1.2,93.7,1,9,Loss,-9,610
08/16/26,Rip-Its,1107,Redrum,619,488,93.7,1.2,5.1,9,1,Win,9,1116
08/16/26,Nordekes,1984,Seattle Dogs,1807,177,71.3,4.4,24.3,3,5,Loss,-80,1904
08/16/26,Seattle Dogs,1807,Nordekes,1984,-177,24.3,4.4,71.3,5,3,Win,80,1887
08/16/26,Glow Sticks,1738,Blackouts,1732,7,48.1,5.6,46.3,3,7,Loss,-68,1671
08/16/26,Blackouts,1732,Glow Sticks,1738,-7,46.3,5.6,48.1,7,3,Win,68,1800
08/16/26,Red Zeppelin,1030,Rainier Reindeers HC-9,1308,-278,15.2,3.1,81.7,2,2,Tie,26,1056
08/16/26,Rainier Reindeers HC-9,1308,Red Zeppelin,1030,278,81.7,3.1,15.2,2,2,Tie,-26,1282
08/16/26,Hungry Hatchlings,1543,Pythons,1873,-330,11.7,2.5,85.7,3,5,Loss,-13,1530
08/16/26,Pythons,1873,Hungry Hatchlings,1543,330,85.7,2.5,11.7,5,3,Win,13,1886
08/16/26,Galactic Penguins,863,Maelstrom,1054,-191,22.9,4.2,72.9,2,3,Loss,-17,846
08/16/26,Maelstrom,1054,Galactic Penguins,863,191,72.9,4.2,22.9,3,2,Win,17,1071
08/16/26,Yacht Flippers,1330,Khaos,1683,-353,10.4,2.3,87.3,2,6,Loss,-15,1315
08/16/26,Khaos,1683,Yacht Flippers,1330,353,87.3,2.3,10.4,6,2,Win,15,1697
08/16/26,Spittin'' Llamas,1813,Pond Pigeons,1722,92,60.3,5.2,34.5,3,6,Loss,-79,1734
08/16/26,Pond Pigeons,1722,Spittin'' Llamas,1813,-92,34.5,5.2,60.3,6,3,Win,79,1801
08/16/26,The Axolotls,1281,Mad Hat Tricks,1015,266,80.6,3.3,16.1,10,0,Win,38,1319
08/16/26,Mad Hat Tricks,1015,The Axolotls,1281,-266,16.1,3.3,80.6,0,10,Loss,-38,977
08/16/26,Orange Crush,1615,Mighty Moose,1544,71,57.3,5.4,37.3,2,3,Loss,-43,1572
08/16/26,Mighty Moose,1544,Orange Crush,1615,-71,37.3,5.4,57.3,3,2,Win,43,1587
08/16/26,Purple Reign,1352,SEA Cucumbers,1447,-95,34.1,5.2,60.7,1,3,Loss,-38,1314
08/16/26,SEA Cucumbers,1447,Purple Reign,1352,95,60.7,5.2,34.1,3,1,Win,38,1485
08/16/26,Lagooners,1847,Seattle Seals,1934,-87,35.1,5.3,59.6,6,9,Loss,-46,1801
08/16/26,Seattle Seals,1934,Lagooners,1847,87,59.6,5.3,35.1,9,6,Win,46,1980
08/16/26,Banana Guardians,729,Ice Breakers,1338,-610,2.6,0.6,96.8,1,12,Loss,-5,723
08/16/26,Ice Breakers,1338,Banana Guardians,729,610,96.8,0.6,2.6,12,1,Win,5,1343
08/16/26,Fluffy Bunnies,2055,Birrds,2104,-49,40.3,5.5,54.3,7,11,Loss,-57,1999
08/16/26,Birrds,2104,Fluffy Bunnies,2055,49,54.3,5.5,40.3,11,7,Win,57,2161
08/16/26,Doom Clouds/Golden Mules,941,Beer Dragons,1068,-128,30.0,4.9,65.1,2,5,Loss,-39,901
08/16/26,Beer Dragons,1068,Doom Clouds/Golden Mules,941,128,65.1,4.9,30.0,5,2,Win,39,1108
08/16/26,Trash Pandas Garbage Legacy,2147,Real Bacon,2368,-221,20.0,3.8,76.2,2,6,Loss,-28,2118
08/16/26,Real Bacon,2368,Trash Pandas Garbage Legacy,2147,221,76.2,3.8,20.0,6,2,Win,28,2396
08/16/26,Jokres,2583,Greenhorns,2416,167,70.2,4.5,25.4,2,0,Win,34,2617
08/16/26,Greenhorns,2416,Jokres,2583,-167,25.4,4.5,70.2,0,2,Loss,-34,2382
08/16/26,Trash Pandas 7/Coyotes,2305,Wranglers,2535,-229,19.2,3.7,77.0,1,6,Loss,-29,2276
08/16/26,Wranglers,2535,Trash Pandas 7/Coyotes,2305,229,77.0,3.7,19.2,6,1,Win,29,2563
08/16/26,Seattle Freeze,2063,Not Sure 6,2276,-212,20.8,3.9,75.3,4,5,Loss,-16,2048
08/16/26,Not Sure 6,2276,Seattle Freeze,2063,212,75.3,3.9,20.8,5,4,Win,16,2291
08/16/26,Hackers,2294,TP6/Fossils,2587,-293,14.2,3.0,82.9,0,2,Loss,-16,2278
08/16/26,TP6/Fossils,2587,Hackers,2294,293,82.9,3.0,14.2,2,0,Win,16,2603
08/16/26,Raiders,2345,Blades,2466,-121,30.7,5.0,64.3,2,5,Loss,-40,2305
08/16/26,Blades,2466,Raiders,2345,121,64.3,5.0,30.7,5,2,Win,40,2507
08/17/26,Ice-O-Topes,2905,Seagulls,3212,-306,13.2,2.8,84.0,8,3,Win,130,3035
08/17/26,Seagulls,3212,Ice-O-Topes,2905,306,84.0,2.8,13.2,3,8,Loss,-130,3082
08/17/26,Seattle Warriors,2585,Brewzers OGB,2847,-263,16.4,3.3,80.3,3,4,Loss,-12,2572
08/17/26,Brewzers OGB,2847,Seattle Warriors,2585,263,80.3,3.3,16.4,4,3,Win,12,2859
08/17/26,DevilFish,3341,Skeletons,3431,-90,34.7,5.2,60.1,2,4,Loss,-39,3302
08/17/26,Skeletons,3431,DevilFish,3341,90,60.1,5.2,34.7,4,2,Win,39,3470
08/17/26,BSOD,3026,Dumpster Fire,3271,-245,17.9,3.5,78.6,6,2,Win,116,3142
08/17/26,Dumpster Fire,3271,BSOD,3026,245,78.6,3.5,17.9,2,6,Loss,-116,3156
08/17/26,Yetis,2958,Alpuckas,3119,-161,26.0,4.5,69.4,5,2,Win,97,3055
08/17/26,Alpuckas,3119,Yetis,2958,161,69.4,4.5,26.0,2,5,Loss,-97,3022
08/17/26,Renegades,2751,Sockeyes,2909,-158,26.5,4.6,68.9,4,3,Win,55,2806
08/17/26,Sockeyes,2909,Renegades,2751,158,68.9,4.6,26.5,3,4,Loss,-55,2854
08/17/26,Dirty Couch Hockey Club,2749,Honey Badgers,2729,20,50.1,5.6,44.3,2,5,Loss,-66,2683
08/17/26,Honey Badgers,2729,Dirty Couch Hockey Club,2749,-20,44.3,5.6,50.1,5,2,Win,66,2795
08/17/26,Wolves,3272,Greasy Weasels,3236,35,52.3,5.5,42.1,8,2,Win,76,3348
08/17/26,Greasy Weasels,3236,Wolves,3272,-35,42.1,5.5,52.3,2,8,Loss,-76,3160
08/17/26,WKUTP-5,2973,Dead Rabbits,3189,-215,20.5,3.9,75.6,5,2,Win,104,3078
08/17/26,Dead Rabbits,3189,WKUTP-5,2973,215,75.6,3.9,20.5,2,5,Loss,-104,3084
08/17/26,Stingers,3027,Five Hole Fiends,3065,-37,41.9,5.5,52.6,3,4,Loss,-31,2996
08/17/26,Five Hole Fiends,3065,Stingers,3027,37,52.6,5.5,41.9,4,3,Win,31,3096
08/18/26,Los Tigres,2154,LKI,1791,363,87.9,2.2,9.9,2,3,Loss,-66,2088
08/18/26,LKI,1791,Los Tigres,2154,-363,9.9,2.2,87.9,3,2,Win,66,1857
08/18/26,Flying Monkeys,2543,PussyCats,2698,-155,26.8,4.6,68.6,1,2,Loss,-20,2523
08/18/26,PussyCats,2698,Flying Monkeys,2543,155,68.6,4.6,26.8,2,1,Win,20,2718
08/18/26,Monarchs 5,2409,Black Katz,2846,-437,6.7,1.5,91.8,0,7,Loss,-11,2397
08/18/26,Black Katz,2846,Monarchs 5,2409,437,91.8,1.5,6.7,7,0,Win,11,2857
08/18/26,Wranglers,2563,Barrel Aged Brewzers,2535,28,51.2,5.6,43.2,6,3,Win,64,2627
08/18/26,Barrel Aged Brewzers,2535,Wranglers,2563,-28,43.2,5.6,51.2,3,6,Loss,-64,2471
08/18/26,Jokres,2617,Monarchs 6,2837,-220,20.1,3.8,76.1,3,1,Win,90,2707
08/18/26,Monarchs 6,2837,Jokres,2617,220,76.1,3.8,20.1,1,3,Loss,-90,2747
08/18/26,Blades,2507,Mudflaps,2645,-139,28.7,4.8,66.6,1,0,Win,54,2560
08/18/26,Mudflaps,2645,Blades,2507,139,66.6,4.8,28.7,0,1,Loss,-54,2592
08/18/26,TP6/Fossils,2603,Rainier Reindeer HC-6,2582,21,50.2,5.6,44.2,3,2,Win,37,2640
08/18/26,Rainier Reindeer HC-6,2582,TP6/Fossils,2603,-21,44.2,5.6,50.2,2,3,Loss,-37,2545
08/19/26,Night Owls,3302,Steelhead,3478,-176,24.4,4.4,71.2,6,5,Win,57,3359
08/19/26,Steelhead,3478,Night Owls,3302,176,71.2,4.4,24.4,5,6,Loss,-57,3422
08/19/26,Sabercats,3672,Sasquatch,3781,-108,32.4,5.1,62.6,2,3,Loss,-24,3648
08/19/26,Sasquatch,3781,Sabercats,3672,108,62.6,5.1,32.4,3,2,Win,24,3805
08/19/26,Rhinos,3979,Puckbuddies,3802,177,71.3,4.4,24.3,7,3,Win,40,4020
08/19/26,Puckbuddies,3802,Rhinos,3979,-177,24.3,4.4,71.3,3,7,Loss,-40,3762
08/19/26,Hooligans,3170,Kraken Up,3311,-142,28.3,4.8,67.0,1,4,Loss,-37,3133
08/19/26,Kraken Up,3311,Hooligans,3170,142,67.0,4.8,28.3,4,1,Win,37,3349
08/19/26,Maple Bars,3394,Buck Wild,3458,-64,38.1,5.4,56.4,2,5,Loss,-50,3344
08/19/26,Buck Wild,3458,Maple Bars,3394,64,56.4,5.4,38.1,5,2,Win,50,3508
08/19/26,Coconut Corgis,3392,Shockers,3618,-226,19.5,3.8,76.7,2,3,Loss,-15,3377
08/19/26,Shockers,3618,Coconut Corgis,3392,226,76.7,3.8,19.5,3,2,Win,15,3633
08/19/26,MMHC,3773,The Herd,3872,-99,33.5,5.2,61.3,6,11,Loss,-50,3722
08/19/26,The Herd,3872,MMHC,3773,99,61.3,5.2,33.5,11,6,Win,50,3922
08/19/26,Schilling Cider,3244,Mighty Mallards,3407,-163,25.9,4.5,69.6,2,3,Loss,-19,3225
08/19/26,Mighty Mallards,3407,Schilling Cider,3244,163,69.6,4.5,25.9,3,2,Win,19,3427
08/20/26,Spicy Kittens HC-8,1572,Seal Team Sticks,1538,35,52.2,5.5,42.3,4,3,Win,36,1608
08/20/26,Seal Team Sticks,1538,Spicy Kittens HC-8,1572,-35,42.3,5.5,52.2,3,4,Loss,-36,1502
08/20/26,Spicy Kittens HC-9,1121,Purple Puck Eaters,1175,-54,39.6,5.5,55.0,3,8,Loss,-59,1062
08/20/26,Purple Puck Eaters,1175,Spicy Kittens HC-9,1121,54,55.0,5.5,39.6,8,3,Win,59,1234
08/20/26,Seattle Supernova,4112,Falcons,4301,-189,23.1,4.2,72.7,2,10,Loss,-41,4071
08/20/26,Falcons,4301,Seattle Supernova,4112,189,72.7,4.2,23.1,10,2,Win,41,4342
08/20/26,Fighting Narwhals,3979,Northwest Crabs,4491,-512,4.5,1.1,94.5,1,5,Loss,-6,3972
08/20/26,Northwest Crabs,4491,Fighting Narwhals,3979,512,94.5,1.1,4.5,5,1,Win,6,4497
08/20/26,ESB,4157,NW Stars,4378,-220,20.0,3.8,76.1,1,3,Loss,-23,4135
08/20/26,NW Stars,4378,ESB,4157,220,76.1,3.8,20.0,3,1,Win,23,4400
08/20/26,Red Dog,4007,Mavericks,4126,-118,31.1,5.0,63.9,1,5,Loss,-44,3963
08/20/26,Mavericks,4126,Red Dog,4007,118,63.9,5.0,31.1,5,1,Win,44,4169
08/20/26,Pheasants,3938,Chiefs,4197,-259,16.7,3.4,79.9,2,7,Loss,-25,3913
08/20/26,Chiefs,4197,Pheasants,3938,259,79.9,3.4,16.7,7,2,Win,25,4222
08/20/26,The Mighty Geoducks,4057,The Brigade,4241,-183,23.7,4.3,72.0,1,5,Loss,-33,4024
08/20/26,The Brigade,4241,The Mighty Geoducks,4057,183,72.0,4.3,23.7,5,1,Win,33,4274
08/23/26,LKI,1857,Fluffy Bunnies,1999,-142,28.3,4.8,67.0,3,7,Loss,-40,1817
08/23/26,Fluffy Bunnies,1999,LKI,1857,142,67.0,4.8,28.3,7,3,Win,40,2038
08/23/26,BLU Bombers,1892,Roughnecks Mobile Infantry,1912,-20,44.3,5.6,50.1,1,0,Win,42,1934
08/23/26,Roughnecks Mobile Infantry,1912,BLU Bombers,1892,20,50.1,5.6,44.3,0,1,Loss,-42,1870
08/23/26,Glow Sticks,1671,Spicy Kittens HC-8,1608,62,56.2,5.4,38.4,2,4,Loss,-63,1608
08/23/26,Spicy Kittens HC-8,1608,Glow Sticks,1671,-62,38.4,5.4,56.2,4,2,Win,63,1672
08/23/26,Hungry Hatchlings,1530,SEA Cucumbers,1485,44,53.6,5.5,40.9,0,5,Loss,-80,1449
08/23/26,SEA Cucumbers,1485,Hungry Hatchlings,1530,-44,40.9,5.5,53.6,5,0,Win,80,1566
08/23/26,Yacht Flippers,1315,Blackbirds,1663,-348,10.7,2.3,87.0,1,3,Loss,-12,1303
08/23/26,Blackbirds,1663,Yacht Flippers,1315,348,87.0,2.3,10.7,3,1,Win,12,1675
08/23/26,Red Zeppelin,1056,Spicy Kittens HC-9,1062,-6,46.3,5.6,48.1,8,4,Win,75,1131
08/23/26,Spicy Kittens HC-9,1062,Red Zeppelin,1056,6,48.1,5.6,46.3,4,8,Loss,-75,986
08/23/26,Banana Guardians,723,Ice Breakers,1343,-620,2.4,0.6,97.0,1,6,Loss,-4,720
08/23/26,Ice Breakers,1343,Banana Guardians,723,620,97.0,0.6,2.4,6,1,Win,4,1347
08/23/26,Galactic Penguins,846,Mad Hat Tricks,977,-131,29.6,4.9,65.5,7,1,Win,112,958
08/23/26,Mad Hat Tricks,977,Galactic Penguins,846,131,65.5,4.9,29.6,1,7,Loss,-112,865
08/23/26,Iced Awesome,1878,Los Tigres,2088,-210,21.0,4.0,75.0,4,5,Loss,-16,1863
08/23/26,Los Tigres,2088,Iced Awesome,1878,210,75.0,4.0,21.0,5,4,Win,16,2104
08/23/26,Seattle Seals,1980,Lagooners,1801,179,71.5,4.3,24.1,6,3,Win,37,2018
08/23/26,Lagooners,1801,Seattle Seals,1980,-179,24.1,4.3,71.5,3,6,Loss,-37,1764
08/23/26,Seal Team Sticks,1502,Pond Pigeons,1801,-299,13.8,2.9,83.4,2,3,Loss,-10,1492
08/23/26,Pond Pigeons,1801,Seal Team Sticks,1502,299,83.4,2.9,13.8,3,2,Win,10,1811
08/23/26,Purple Reign,1314,Toe Dragons,1617,-304,13.4,2.8,83.8,3,2,Win,65,1379
08/23/26,Toe Dragons,1617,Purple Reign,1314,304,83.8,2.8,13.4,2,3,Loss,-65,1552
08/23/26,Fighting Clams,1223,Orange Crush,1572,-348,10.7,2.3,87.0,4,6,Loss,-12,1211
08/23/26,Orange Crush,1572,Fighting Clams,1223,348,87.0,2.3,10.7,6,4,Win,12,1584
08/23/26,Gremlins Hockey,1029,Tropical Punchers,1204,-176,24.5,4.4,71.1,1,7,Loss,-39,990
08/23/26,Tropical Punchers,1204,Gremlins Hockey,1029,176,71.1,4.4,24.5,7,1,Win,39,1243
08/23/26,Doom Clouds/Golden Mules,901,Beer Dragons,1108,-206,21.4,4.0,74.6,4,3,Win,59,960
08/23/26,Beer Dragons,1108,Doom Clouds/Golden Mules,901,206,74.6,4.0,21.4,3,4,Loss,-59,1049
08/23/26,Redrum,610,Rip-Its,1116,-506,4.6,1.1,94.3,1,3,Loss,-5,605
08/23/26,Rip-Its,1116,Redrum,610,506,94.3,1.1,4.6,3,1,Win,5,1121
08/23/26,PussyCats,2718,The Seals,3088,-370,9.6,2.1,88.3,1,9,Loss,-17,2701
08/23/26,The Seals,3088,PussyCats,2718,370,88.3,2.1,9.6,9,1,Win,17,3106
08/23/26,Real Bacon,2396,Hampton West Hockey Club,2455,-59,38.9,5.4,55.7,0,3,Loss,-51,2345
08/23/26,Hampton West Hockey Club,2455,Real Bacon,2396,59,55.7,5.4,38.9,3,0,Win,51,2506
08/23/26,Black Katz,2857,Highlanders,2761,96,60.9,5.2,33.9,1,3,Loss,-69,2789
08/23/26,Highlanders,2761,Black Katz,2857,-96,33.9,5.2,60.9,3,1,Win,69,2829
08/23/26,Not Sure 6,2291,Chucklepucks,2460,-169,25.2,4.5,70.3,4,3,Win,56,2347
08/23/26,Chucklepucks,2460,Not Sure 6,2291,169,70.3,4.5,25.2,3,4,Loss,-56,2404
08/23/26,Blades,2560,Wranglers,2627,-67,37.7,5.4,56.9,1,4,Loss,-50,2511
08/23/26,Wranglers,2627,Blades,2560,67,56.9,5.4,37.7,4,1,Win,50,2677
08/23/26,Honey Badgers,2795,Brewzers OGB,2859,-65,38.1,5.4,56.5,5,6,Loss,-29,2766
08/23/26,Brewzers OGB,2859,Honey Badgers,2795,65,56.5,5.4,38.1,6,5,Win,29,2888
08/23/26,TP6/Fossils,2640,Jokres,2707,-67,37.8,5.4,56.8,1,6,Loss,-57,2583
08/23/26,Jokres,2707,TP6/Fossils,2640,67,56.8,5.4,37.8,6,1,Win,57,2763
08/24/26,Kraken Up,3349,LLUA,3485,-136,28.9,4.8,66.2,3,4,Loss,-22,3327
08/24/26,LLUA,3485,Kraken Up,3349,136,66.2,4.8,28.9,4,3,Win,22,3506
08/24/26,Mighty Mallards,3427,Edible Arrangements,3329,97,61.1,5.2,33.8,3,5,Loss,-69,3358
08/24/26,Edible Arrangements,3329,Mighty Mallards,3427,-97,33.8,5.2,61.1,5,3,Win,69,3398
08/24/26,Renegades,2806,Ice-O-Topes,3035,-229,19.2,3.7,77.0,1,3,Loss,-22,2785
08/24/26,Ice-O-Topes,3035,Renegades,2806,229,77.0,3.7,19.2,3,1,Win,22,3057
08/24/26,Wolves,3348,Skeletons,3470,-122,30.6,5.0,64.4,1,7,Loss,-49,3299
08/24/26,Skeletons,3470,Wolves,3348,122,64.4,5.0,30.6,7,1,Win,49,3519
08/24/26,Five Hole Fiends,3096,Yetis,3055,41,53.2,5.5,41.3,3,1,Win,53,3149
08/24/26,Yetis,3055,Five Hole Fiends,3096,-41,41.3,5.5,53.2,1,3,Loss,-53,3002
08/24/26,WKUTP-5,3078,BSOD,3142,-64,38.1,5.4,56.4,0,1,Loss,-29,3049
08/24/26,BSOD,3142,WKUTP-5,3078,64,56.4,5.4,38.1,1,0,Win,29,3171
08/25/26,Rhinos,4020,Boozin Cougs,4010,10,48.6,5.6,45.8,1,0,Win,39,4058
08/25/26,Boozin Cougs,4010,Rhinos,4020,-10,45.8,5.6,48.6,0,1,Loss,-39,3971
08/25/26,Fluffy Bunnies,2038,Quacken,2041,-3,46.8,5.6,47.6,4,0,Win,75,2113
08/25/26,Quacken,2041,Fluffy Bunnies,2038,3,47.6,5.6,46.8,0,4,Loss,-75,1966
08/25/26,BLU Bombers,1934,Nordekes,1904,30,51.5,5.6,42.9,5,3,Win,55,1989
08/25/26,Nordekes,1904,BLU Bombers,1934,-30,42.9,5.6,51.5,3,5,Loss,-55,1850
08/25/26,Falcons,4342,Minner''s Minions,4692,-350,10.6,2.3,87.1,6,5,Win,67,4409
08/25/26,Minner''s Minions,4692,Falcons,4342,350,87.1,2.3,10.6,5,6,Loss,-67,4625
08/25/26,Night Owls,3359,Screaming Eagles,3617,-258,16.8,3.4,79.8,2,3,Loss,-13,3346
08/25/26,Screaming Eagles,3617,Night Owls,3359,258,79.8,3.4,16.8,3,2,Win,13,3629
08/25/26,Sasquatch,3805,Goal Diggers,3781,24,50.7,5.6,43.7,3,1,Win,55,3860
08/25/26,Goal Diggers,3781,Sasquatch,3805,-24,43.7,5.6,50.7,1,3,Loss,-55,3725
08/25/26,The Herd,3922,Eagles,4183,-261,16.6,3.3,80.1,9,8,Win,63,3985
08/25/26,Eagles,4183,The Herd,3922,261,80.1,3.3,16.6,8,9,Loss,-63,4120
08/25/26,Buck Wild,3508,Skateful Dead,3492,16,49.5,5.6,44.9,4,0,Win,71,3579
08/25/26,Skateful Dead,3492,Buck Wild,3508,-16,44.9,5.6,49.5,0,4,Loss,-71,3421
08/25/26,Los Tigres,2104,Birrds,2161,-57,39.2,5.5,55.4,1,4,Loss,-51,2053
08/25/26,Birrds,2161,Los Tigres,2104,57,55.4,5.5,39.2,4,1,Win,51,2212
08/25/26,NW Stars,4400,ALTP,4468,-67,37.7,5.4,56.9,0,3,Loss,-49,4351
08/25/26,ALTP,4468,NW Stars,4400,67,56.9,5.4,37.7,3,0,Win,49,4517
08/25/26,Shockers,3633,Chinooks,3487,146,67.5,4.7,27.8,3,1,Win,37,3669
08/25/26,Chinooks,3487,Shockers,3633,-146,27.8,4.7,67.5,1,3,Loss,-37,3450
08/25/26,Mavericks,4169,Northwest Crabs,4497,-328,11.9,2.6,85.6,3,4,Loss,-9,4160
08/25/26,Northwest Crabs,4497,Mavericks,4169,328,85.6,2.6,11.9,4,3,Win,9,4506
08/25/26,The Brigade,4274,Chiefs,4222,52,54.7,5.5,39.9,4,3,Win,34,4308
08/25/26,Chiefs,4222,The Brigade,4274,-52,39.9,5.5,54.7,3,4,Loss,-34,4188
08/26/26,Spicy Kittens HC-8,1672,Blackouts,1800,-128,29.9,4.9,65.2,2,1,Win,53,1724
08/26/26,Blackouts,1800,Spicy Kittens HC-8,1672,128,65.2,4.9,29.9,1,2,Loss,-53,1747
08/26/26,Red Zeppelin,1131,Rainier Reindeers HC-9,1282,-151,27.3,4.7,68.1,2,5,Loss,-36,1096
08/26/26,Rainier Reindeers HC-9,1282,Red Zeppelin,1131,151,68.1,4.7,27.3,5,2,Win,36,1318
08/26/26,SEA Cucumbers,1566,Pythons,1886,-320,12.3,2.6,85.0,0,4,Loss,-17,1548
08/26/26,Pythons,1886,SEA Cucumbers,1566,320,85.0,2.6,12.3,4,0,Win,17,1903
08/26/26,Blackbirds,1675,Khaos,1697,-22,44.1,5.6,50.4,3,4,Loss,-33,1642
08/26/26,Khaos,1697,Blackbirds,1675,22,50.4,5.6,44.1,4,3,Win,33,1730
08/26/26,Galactic Penguins,958,The Axolotls,1319,-361,10.0,2.2,87.8,2,1,Win,67,1026
08/26/26,The Axolotls,1319,Galactic Penguins,958,361,87.8,2.2,10.0,1,2,Loss,-67,1252
08/26/26,Seattle Seals,2018,Seattle Dogs,1887,130,65.5,4.9,29.7,4,2,Win,39,2057
08/26/26,Seattle Dogs,1887,Seattle Seals,2018,-130,29.7,4.9,65.5,2,4,Loss,-39,1849
08/26/26,Orange Crush,1584,Mighty Moose,1587,-3,46.7,5.6,47.7,4,1,Win,70,1653
08/26/26,Mighty Moose,1587,Orange Crush,1584,3,47.7,5.6,46.7,1,4,Loss,-70,1517
08/26/26,Tropical Punchers,1243,Purple Puck Eaters,1234,9,48.5,5.6,45.9,5,6,Loss,-36,1207
08/26/26,Purple Puck Eaters,1234,Tropical Punchers,1243,-9,45.9,5.6,48.5,6,5,Win,36,1271
08/26/26,Pond Pigeons,1811,Spittin'' Llamas,1734,77,58.2,5.3,36.4,6,0,Win,67,1878
08/26/26,Spittin'' Llamas,1734,Pond Pigeons,1811,-77,36.4,5.3,58.2,0,6,Loss,-67,1668
08/26/26,Rip-Its,1121,Maelstrom,1071,50,54.4,5.5,40.2,8,0,Win,81,1202
08/26/26,Maelstrom,1071,Rip-Its,1121,-50,40.2,5.5,54.4,0,8,Loss,-81,990
08/26/26,Purple Reign,1379,Seattle Slapshots,1758,-379,9.1,2.0,88.9,1,4,Loss,-12,1367
08/26/26,Seattle Slapshots,1758,Purple Reign,1379,379,88.9,2.0,9.1,4,1,Win,12,1770
08/27/26,Buck Wild,3579,Screaming Eagles,3629,-50,40.1,5.5,54.4,5,4,Win,45,3624
08/27/26,Screaming Eagles,3629,Buck Wild,3579,50,54.4,5.5,40.1,4,5,Loss,-45,3584
08/27/26,Shockers,3669,Sasquatch,3860,-191,22.9,4.2,72.9,2,3,Loss,-17,3652
08/27/26,Sasquatch,3860,Shockers,3669,191,72.9,4.2,22.9,3,2,Win,17,3877
08/27/26,ALTP,4517,Falcons,4409,108,62.5,5.1,32.4,9,6,Win,49,4566
08/27/26,Falcons,4409,ALTP,4517,-108,32.4,5.1,62.5,6,9,Loss,-49,4360
08/27/26,The Herd,3985,Rhinos,4058,-74,36.9,5.4,57.8,1,7,Loss,-59,3926
08/27/26,Rhinos,4058,The Herd,3985,74,57.8,5.4,36.9,7,1,Win,59,4117
08/27/26,Edible Arrangements,3398,LLUA,3506,-108,32.4,5.1,62.6,0,3,Loss,-42,3356
08/27/26,LLUA,3506,Edible Arrangements,3398,108,62.6,5.1,32.4,3,0,Win,42,3549
08/27/26,The Brigade,4308,Northwest Crabs,4506,-198,22.2,4.1,73.7,3,4,Loss,-17,4291
08/27/26,Northwest Crabs,4506,The Brigade,4308,198,73.7,4.1,22.2,4,3,Win,17,4523
08/30/26,Doom Clouds/Golden Mules,960,Ice Breakers,1347,-387,8.8,2.0,89.3,0,7,Loss,-15,946
08/30/26,Ice Breakers,1347,Doom Clouds/Golden Mules,960,387,89.3,2.0,8.8,7,0,Win,15,1362
08/30/26,Highlanders,2829,The Seals,3106,-276,15.4,3.2,81.5,0,3,Loss,-20,2809
08/30/26,The Seals,3106,Highlanders,2829,276,81.5,3.2,15.4,3,0,Win,20,3126
08/30/26,Orange Crush,1653,Khaos,1730,-77,36.5,5.3,58.2,2,5,Loss,-48,1606
08/30/26,Khaos,1730,Orange Crush,1653,77,58.2,5.3,36.5,5,2,Win,48,1778
08/30/26,Purple Puck Eaters,1271,Rainier Reindeers HC-9,1318,-47,40.5,5.5,54.0,3,4,Loss,-30,1240
08/30/26,Rainier Reindeers HC-9,1318,Purple Puck Eaters,1271,47,54.0,5.5,40.5,4,3,Win,30,1348
08/30/26,Rip-Its,1202,Galactic Penguins,1026,176,71.2,4.4,24.4,3,1,Win,32,1235
08/30/26,Galactic Penguins,1026,Rip-Its,1202,-176,24.4,4.4,71.2,1,3,Loss,-32,994
08/30/26,Seattle Seals,2057,BLU Bombers,1989,68,57.0,5.4,37.7,4,2,Win,48,2105
08/30/26,BLU Bombers,1989,Seattle Seals,2057,-68,37.7,5.4,57.0,2,4,Loss,-48,1940
08/30/26,Birrds,2212,Fluffy Bunnies,2113,99,61.3,5.2,33.5,1,4,Loss,-80,2132
08/30/26,Fluffy Bunnies,2113,Birrds,2212,-99,33.5,5.2,61.3,4,1,Win,80,2194
08/30/26,Seattle Slapshots,1770,Pythons,1903,-133,29.3,4.8,65.9,2,1,Win,53,1823
08/30/26,Pythons,1903,Seattle Slapshots,1770,133,65.9,4.8,29.3,1,2,Loss,-53,1850
08/30/26,Not Sure 6,2347,Hampton West Hockey Club,2506,-158,26.4,4.6,69.0,1,3,Loss,-30,2318
08/30/26,Hampton West Hockey Club,2506,Not Sure 6,2347,158,69.0,4.6,26.4,3,1,Win,30,2535
08/30/26,Pond Pigeons,1878,Spicy Kittens HC-8,1724,154,68.4,4.6,26.9,1,2,Loss,-51,1826
08/30/26,Spicy Kittens HC-8,1724,Pond Pigeons,1878,-154,26.9,4.6,68.4,2,1,Win,51,1775
