,Date,Away Team,Away Score,Home Team,Home Score,Away Division,Home Division,Game Type,Game_ID,Away ELO Prior,Away EA,Away ELO Posterior,Away Delta,Home ELO Prior,Home EA,Home ELO Posterior,Home Delta
0,05/11/26,Monarchs 6,5,Wranglers,1,Division 6B,Division 6C,REG,05/11/26_Monarchs 6_@_Wranglers,2626,48.1,2703,77,2639,51.9,2562,-77
1,05/11/26,Rainier Reindeer HC-6,2,Dirty Couch Hockey Club,8,Division 6B,Division 6,REG,05/11/26_Rainier Reindeer HC-6_@_Dirty Couch Hockey Club,2665,37.3,2610,-55,2755,62.7,2810,55
2,05/11/26,Real Bacon,1,Greenhorns,4,Division 6D,Division 6B,REG,05/11/26_Real Bacon_@_Greenhorns,2391,35.1,2348,-43,2498,64.9,2541,43
3,05/11/26,Hackers,6,Honey Badgers,7,Division 6B,Division 6,REG,05/11/26_Hackers_@_Honey Badgers,2365,35.3,2340,-25,2470,64.7,2495,25
4,05/11/26,Jokres,1,Icemen,2,Division 6B,Division 6,REG,05/11/26_Jokres_@_Icemen,2733,84.0,2671,-62,2445,16.0,2507,62
5,05/11/26,Seattle Warriors,2,Flying Monkeys,3,Division 6A,Division 5D,REG,05/11/26_Seattle Warriors_@_Flying Monkeys,2635,48.4,2601,-34,2646,51.6,2680,34
6,05/11/26,Piranhas,4,Stingers,4,Division 5C,Division 5C,REG,05/11/26_Piranhas_@_Stingers,2916,26.0,2936,20,3098,74.0,3078,-20
7,05/11/26,Highlanders,3,Brewzers OGB,4,Division 5D,Division 6,REG,05/11/26_Highlanders_@_Brewzers OGB,2670,57.4,2629,-41,2618,42.6,2659,41
8,05/11/26,PussyCats,1,Midnight Twist,4,Division 5D,Division 5C,REG,05/11/26_PussyCats_@_Midnight Twist,2626,13.8,2610,-16,2944,86.2,2960,16
9,05/11/26,Squids,10,Monarchs 5,3,Division 6,Division 5D,REG,05/11/26_Squids_@_Monarchs 5,2706,70.7,2759,53,2553,29.3,2500,-53
10,05/11/26,Not Sure 6,5,Seattle Seals,0,Division 6D,Division 7B,REG,05/11/26_Not Sure 6_@_Seattle Seals,2354,94.1,2364,10,1873,5.9,1863,-10
11,05/11/26,Alpuckas,9,TP6/Fossils,2,Division 5C,Division 6B,REG,05/11/26_Alpuckas_@_TP6/Fossils,2997,91.1,3014,17,2593,8.9,2576,-17
12,05/11/26,Chucklepucks,7,Seattle Freeze,3,Division 6D,Division 6D,REG,05/11/26_Chucklepucks_@_Seattle Freeze,2466,80.3,2496,30,2222,19.7,2192,-30
13,05/11/26,Trash Pandas 7/Coyotes,3,Raiders,2,Division 6C,Division 6C,REG,05/11/26_Trash Pandas 7/Coyotes_@_Raiders,2553,64.5,2582,29,2449,35.5,2420,-29
14,05/11/26,Blades,5,Barrel Aged Brewzers,3,Division 6C,Division 6C,REG,05/11/26_Blades_@_Barrel Aged Brewzers,2356,33.0,2434,78,2479,67.0,2401,-78
15,05/11/26,Trash Pandas Garbage Legacy,3,Mudflaps,3,Division 6D,Division 6C,REG,05/11/26_Trash Pandas Garbage Legacy_@_Mudflaps,2211,41.2,2220,9,2273,58.8,2264,-9
16,05/12/26,BSOD,4,Not Sure 5,5,Division 5,Division 5,REG,05/12/26_BSOD_@_Not Sure 5,2945,22.1,2930,-15,3164,77.9,3179,15
17,05/12/26,The Seals,3,Black Katz,1,Division 5D,Division 5D,REG,05/12/26_The Seals_@_Black Katz,2852,59.2,2901,49,2787,40.8,2738,-49
18,05/12/26,Seagulls,5,Yetis,5,Division 5B,Division 5C,REG,05/12/26_Seagulls_@_Yetis,2839,25.0,2859,20,3030,75.0,3010,-20
19,05/12/26,Reapers,2,Renegades,7,Division 5B,Division 5B,REG,05/12/26_Reapers_@_Renegades,2867,38.5,2813,-54,2948,61.5,3002,54
20,05/12/26,WKUTP-5,7,Five Hole Fiends,4,Division 5,Division 5C,REG,05/12/26_WKUTP-5_@_Five Hole Fiends,3184,84.2,3207,23,2893,15.8,2870,-23
21,05/12/26,Skateful Dead,3,Chinooks,6,Division 4,Division 3B,REG,05/12/26_Skateful Dead_@_Chinooks,3364,28.0,3330,-34,3528,72.0,3562,34
22,05/13/26,Dumpster Fire,7,Ice-O-Topes,0,Division 5,Division 5B,REG,05/13/26_Dumpster Fire_@_Ice-O-Topes,3093,79.9,3130,37,2853,20.1,2816,-37
23,05/13/26,Skeletons,4,Dead Rabbits,2,Division 4C,Division 5,REG,05/13/26_Skeletons_@_Dead Rabbits,3386,75.3,3416,30,3192,24.7,3162,-30
24,05/13/26,Hooligans,3,Edible Arrangements,3,Division 4B,Division 4B,REG,05/13/26_Hooligans_@_Edible Arrangements,3420,76.3,3402,-18,3217,23.7,3235,18
25,05/13/26,Screaming Eagles,7,Kraken Up,2,Division 4,Division 4B,REG,05/13/26_Screaming Eagles_@_Kraken Up,3492,76.3,3531,39,3289,23.7,3250,-39
26,05/13/26,Buck Wild,5,Schilling Cider,5,Division 4,Division 4B,REG,05/13/26_Buck Wild_@_Schilling Cider,3509,83.7,3485,-24,3225,16.3,3249,24
27,05/13/26,Wolves,5,DevilFish,4,Division 4C,Division 4C,REG,05/13/26_Wolves_@_DevilFish,3290,55.7,3325,35,3250,44.3,3215,-35
28,05/13/26,Amigos,5,Top Cheddar,5,Division 5,Division 4C,REG,05/13/26_Amigos_@_Top Cheddar,3034,75.9,3016,-18,2835,24.1,2853,18
29,05/13/26,Offspring,1,Sockeyes,1,Division 5B,Division 5B,REG,05/13/26_Offspring_@_Sockeyes,2932,50.0,2934,2,2932,50.0,2930,-2
30,05/13/26,Greasy Weasels,2,Mighty Mallards,2,Division 4C,Division 4B,REG,05/13/26_Greasy Weasels_@_Mighty Mallards,3225,29.1,3242,17,3380,70.9,3363,-17
31,05/13/26,Coconut Corgis,13,Night Owls,5,Division 3B,Division 4,REG,05/13/26_Coconut Corgis_@_Night Owls,3461,47.1,3560,99,3481,52.9,3382,-99
32,05/14/26,Rhinos,3,Eagles,6,Division 3,Division 3,REG,05/14/26_Rhinos_@_Eagles,4008,57.0,3937,-71,3959,43.0,4030,71
33,05/14/26,LLUA,7,Moose Knuckle,1,Division 4B,Division 4C,REG,05/14/26_LLUA_@_Moose Knuckle,3399,64.3,3460,61,3297,35.7,3236,-61
34,05/14/26,The Mighty Geoducks,1,Pheasants,5,Division 2,Division 2,REG,05/14/26_The Mighty Geoducks_@_Pheasants,4203,75.1,4100,-103,4011,24.9,4114,103
35,05/14/26,Shockers,4,Maple Bars,2,Division 3B,Division 4,REG,05/14/26_Shockers_@_Maple Bars,3466,33.6,3543,77,3584,66.4,3507,-77
36,05/14/26,Fighting Narwhals,2,Chiefs,8,Division 2,Division 2,REG,05/14/26_Fighting Narwhals_@_Chiefs,4078,38.4,4021,-57,4160,61.6,4217,57
37,05/14/26,Seattle Supernova,0,Minner''s Minions,8,Division 1A,Division 1A,REG,05/14/26_Seattle Supernova_@_Minner''s Minions,4253,40.9,4185,-68,4317,59.1,4385,68
38,05/14/26,Falcons,8,ALTP,3,Division 1A,Division 1A,REG,05/14/26_Falcons_@_ALTP,4358,27.8,4470,112,4524,72.2,4412,-112
39,05/14/26,ESB,1,NW Stars,5,Division 1A,Division 1A,REG,05/14/26_ESB_@_NW Stars,4390,67.3,4299,-91,4265,32.7,4356,91
40,05/14/26,Sabercats,6,Goal Diggers,2,Division 3B,Division 3B,REG,05/14/26_Sabercats_@_Goal Diggers,3640,31.2,3740,100,3777,68.8,3677,-100
41,05/14/26,Puckbuddies,5,MMHC,2,Division 3,Division 3,REG,05/14/26_Puckbuddies_@_MMHC,3784,37.1,3870,86,3876,62.9,3790,-86
42,05/14/26,Steelhead,3,Boozin Cougs,13,Division 4,Division 3,REG,05/14/26_Steelhead_@_Boozin Cougs,3420,6.1,3409,-11,3894,93.9,3905,11
43,05/14/26,The Herd,6,Sasquatch,5,Division 3,Division 3B,REG,05/14/26_The Herd_@_Sasquatch,3776,50.6,3815,39,3772,49.4,3733,-39
44,05/14/26,Northwest Crabs,9,Red Dog,4,Division 2,Division 2,REG,05/14/26_Northwest Crabs_@_Red Dog,4314,80.2,4346,32,4071,19.8,4039,-32
45,05/14/26,Mavericks,5,The Brigade,2,Division 2,Division 2,REG,05/14/26_Mavericks_@_The Brigade,4103,45.4,4178,75,4135,54.6,4060,-75
46,05/17/26,Red Zeppelin,0,Khaos,9,Division 9B,Division 9A,REG,05/17/26_Red Zeppelin_@_Khaos,1283,36.7,1219,-64,1378,63.3,1442,64
47,05/17/26,Tropical Punchers,6,Spicy Kittens HC-9,2,Division 9B,Division 9B,REG,05/17/26_Tropical Punchers_@_Spicy Kittens HC-9,1226,48.3,1303,77,1238,51.7,1161,-77
48,05/17/26,Fighting Clams,5,Rainier Reindeers HC-9,5,Division 9,Division 9B,REG,05/17/26_Fighting Clams_@_Rainier Reindeers HC-9,1419,67.4,1408,-11,1293,32.6,1304,11
49,05/17/26,Barrel Aged Brewzers,7,Raiders,2,Division 6C,Division 6C,REG,05/17/26_Barrel Aged Brewzers_@_Raiders,2401,47.2,2484,83,2420,52.8,2337,-83
50,05/17/26,Blades,3,Trash Pandas 7/Coyotes,3,Division 6C,Division 6C,REG,05/17/26_Blades_@_Trash Pandas 7/Coyotes,2434,30.0,2451,17,2582,70.0,2565,-17
51,05/17/26,Yacht Flippers,5,Gremlins Hockey,0,Division 9,Division 9B,REG,05/17/26_Yacht Flippers_@_Gremlins Hockey,1381,42.6,1471,90,1433,57.4,1343,-90
52,05/17/26,Orange Crush,8,Purple Puck Eaters,0,Division 9,Division 9B,REG,05/17/26_Orange Crush_@_Purple Puck Eaters,1448,89.9,1468,20,1069,10.1,1049,-20
53,05/17/26,Beer Dragons,6,Banana Guardians,2,Division 10A,Division 10A,REG,05/17/26_Beer Dragons_@_Banana Guardians,860,32.7,958,98,985,67.3,887,-98
54,05/17/26,Purple Reign,3,Mighty Moose,0,Division 8B,Division 9,REG,05/17/26_Purple Reign_@_Mighty Moose,1352,37.1,1438,86,1444,62.9,1358,-86
55,05/17/26,Mudflaps,2,Seattle Freeze,4,Division 6C,Division 6D,REG,05/17/26_Mudflaps_@_Seattle Freeze,2264,60.3,2200,-64,2192,39.7,2257,65
56,05/17/26,Ice Breakers,5,Doom Clouds/Golden Mules,2,Division 10,Division 10A,REG,05/17/26_Ice Breakers_@_Doom Clouds/Golden Mules,985,50.0,1054,69,985,50.0,916,-69
57,05/17/26,Seattle Dogs,4,Pond Pigeons,3,Division 7B,Division 8A,REG,05/17/26_Seattle Dogs_@_Pond Pigeons,1764,57.1,1798,34,1714,42.9,1680,-34
58,05/17/26,Quacken,2,LKI,0,Division 7,Division 7A,REG,05/17/26_Quacken_@_LKI,1829,33.3,1907,78,1950,66.7,1872,-78
59,05/17/26,Not Sure 6,2,Fluffy Bunnies,1,Division 6D,Division 7,REG,05/17/26_Not Sure 6_@_Fluffy Bunnies,2364,77.1,2382,18,2153,22.9,2134,-19
60,05/17/26,Trash Pandas Garbage Legacy,2,Chucklepucks,5,Division 6D,Division 6D,REG,05/17/26_Trash Pandas Garbage Legacy_@_Chucklepucks,2220,16.9,2200,-20,2496,83.1,2516,20
61,05/17/26,Iced Awesome,4,Roughnecks Mobile Infantry,4,Division 7,Division 7B,REG,05/17/26_Iced Awesome_@_Roughnecks Mobile Infantry,1907,46.7,1912,5,1930,53.3,1925,-5
62,05/17/26,The Axolotls,1,Maelstrom,1,Division 10B,Division 10B,REG,05/17/26_The Axolotls_@_Maelstrom,1002,47.1,1006,4,1022,52.9,1018,-4
63,05/17/26,Hampton West Hockey Club,6,Seattle Seals,2,Division 6D,Division 7B,REG,05/17/26_Hampton West Hockey Club_@_Seattle Seals,2247,90.1,2262,15,1863,9.9,1848,-15
64,05/17/26,Toe Dragons,6,Pythons,2,Division 8B,Division 8B,REG,05/17/26_Toe Dragons_@_Pythons,1561,37.3,1653,92,1651,62.7,1559,-92
65,05/17/26,Los Tigres,6,Birrds,1,Division 7,Division 7,REG,05/17/26_Los Tigres_@_Birrds,2132,67.4,2185,53,2006,32.6,1953,-53
66,05/17/26,Seattle Slapshots,3,Blackbirds,4,Division 8B,Division 9A,REG,05/17/26_Seattle Slapshots_@_Blackbirds,1676,59.1,1634,-42,1612,40.9,1654,42
67,05/17/26,Hungry Hatchlings,3,SEA Cucumbers,1,Division 8B,Division 8B,REG,05/17/26_Hungry Hatchlings_@_SEA Cucumbers,1502,40.2,1572,70,1571,59.8,1501,-70
68,05/17/26,Blackouts,3,Seal Team Sticks,3,Division 8,Division 8,REG,05/17/26_Blackouts_@_Seal Team Sticks,1636,26.3,1655,19,1815,73.7,1796,-19
69,05/17/26,Spittin'' Llamas,4,Lagooners,5,Division 8,Division 7B,REG,05/17/26_Spittin'' Llamas_@_Lagooners,1658,12.8,1649,-9,1991,87.2,2000,9
70,05/17/26,Glow Sticks,2,BLU Bombers,5,Division 8,Division 7B,REG,05/17/26_Glow Sticks_@_BLU Bombers,1863,43.6,1809,-54,1908,56.4,1962,54
71,05/17/26,Nordekes,2,Spicy Kittens HC-8,2,Division 7B,Division 8,REG,05/17/26_Nordekes_@_Spicy Kittens HC-8,1756,56.4,1753,-3,1711,43.6,1714,3
72,05/18/26,PussyCats,8,Brewzers OGB,5,Division 5D,Division 6,REG,05/18/26_PussyCats_@_Brewzers OGB,2610,42.9,2688,78,2659,57.1,2581,-78
73,05/18/26,Seattle Warriors,5,Icemen,6,Division 6A,Division 6,REG,05/18/26_Seattle Warriors_@_Icemen,2601,63.2,2555,-46,2507,36.8,2552,45
74,05/18/26,Midnight Twist,3,Offspring,3,Division 5C,Division 5B,REG,05/18/26_Midnight Twist_@_Offspring,2960,53.8,2960,0,2934,46.2,2935,1
75,05/18/26,The Seals,5,Squids,1,Division 5D,Division 6,REG,05/18/26_The Seals_@_Squids,2901,69.3,2947,46,2759,30.7,2713,-46
76,05/18/26,TP6/Fossils,5,Jokres,4,Division 6B,Division 6B,REG,05/18/26_TP6/Fossils_@_Jokres,2576,36.7,2626,50,2671,63.3,2622,-49
77,05/18/26,Dirty Couch Hockey Club,3,Honey Badgers,5,Division 6,Division 6,REG,05/18/26_Dirty Couch Hockey Club_@_Honey Badgers,2810,86.0,2715,-95,2495,14.0,2590,95
78,05/18/26,Black Katz,4,Monarchs 5,2,Division 5D,Division 5D,REG,05/18/26_Black Katz_@_Monarchs 5,2738,79.8,2763,25,2500,20.2,2475,-25
79,05/18/26,Sockeyes,4,Piranhas,1,Division 5B,Division 5C,REG,05/18/26_Sockeyes_@_Piranhas,2930,49.2,3000,70,2936,50.8,2865,-71
80,05/18/26,Highlanders,4,Flying Monkeys,0,Division 5D,Division 5D,REG,05/18/26_Highlanders_@_Flying Monkeys,2629,42.7,2713,84,2680,57.3,2596,-84
81,05/18/26,Monarchs 6,1,Hackers,1,Division 6B,Division 6B,REG,05/18/26_Monarchs 6_@_Hackers,2703,89.0,2674,-29,2340,11.0,2369,29
82,05/18/26,Real Bacon,2,Wranglers,5,Division 6D,Division 6C,REG,05/18/26_Real Bacon_@_Wranglers,2348,22.6,2321,-27,2562,77.4,2589,27
83,05/18/26,Greenhorns,4,Rainier Reindeer HC-6,6,Division 6B,Division 6B,REG,05/18/26_Greenhorns_@_Rainier Reindeer HC-6,2541,40.2,2498,-43,2610,59.8,2652,42
84,05/19/26,Five Hole Fiends,3,Reapers,6,Division 5C,Division 5B,REG,05/19/26_Five Hole Fiends_@_Reapers,2870,58.2,2798,-72,2813,41.8,2886,73
85,05/19/26,Yetis,1,Alpuckas,4,Division 5C,Division 5C,REG,05/19/26_Yetis_@_Alpuckas,3010,49.4,2948,-62,3014,50.6,3075,61
86,05/19/26,Moose Knuckle,0,Edible Arrangements,3,Division 4C,Division 4B,REG,05/19/26_Moose Knuckle_@_Edible Arrangements,3236,50.1,3174,-62,3235,49.9,3297,62
87,05/19/26,LLUA,2,Greasy Weasels,2,Division 4B,Division 4C,REG,05/19/26_LLUA_@_Greasy Weasels,3460,77.8,3441,-19,3242,22.2,3262,20
88,05/19/26,Not Sure 5,0,Amigos,4,Division 5,Division 5,REG,05/19/26_Not Sure 5_@_Amigos,3179,71.9,3081,-98,3016,28.1,3114,98
89,05/19/26,BSOD,3,Top Cheddar,3,Division 5,Division 4C,REG,05/19/26_BSOD_@_Top Cheddar,2930,60.9,2924,-6,2853,39.1,2859,6
90,05/20/26,WKUTP-5,1,Dumpster Fire,0,Division 5,Division 5,REG,05/20/26_WKUTP-5_@_Dumpster Fire,3207,60.9,3238,31,3130,39.1,3099,-31
91,05/20/26,Skeletons,4,Wolves,5,Division 4C,Division 4C,REG,05/20/26_Skeletons_@_Wolves,3416,62.8,3371,-45,3325,37.2,3370,45
92,05/20/26,Hooligans,0,Mighty Mallards,4,Division 4B,Division 4B,REG,05/20/26_Hooligans_@_Mighty Mallards,3402,55.6,3327,-75,3363,44.4,3437,74
93,05/20/26,Mavericks,6,Red Dog,1,Division 2,Division 2,REG,05/20/26_Mavericks_@_Red Dog,4178,69.1,4228,50,4039,30.9,3989,-50
94,05/20/26,Chinooks,5,Coconut Corgis,2,Division 3B,Division 3B,REG,05/20/26_Chinooks_@_Coconut Corgis,3562,50.2,3631,69,3560,49.8,3491,-69
95,05/20/26,Boozin Cougs,8,Shockers,3,Division 3,Division 3B,REG,05/20/26_Boozin Cougs_@_Shockers,3905,88.9,3923,18,3543,11.1,3525,-18
96,05/20/26,Northwest Crabs,3,Fighting Narwhals,3,Division 2,Division 2,REG,05/20/26_Northwest Crabs_@_Fighting Narwhals,4346,86.7,4320,-26,4021,13.3,4048,27
97,05/20/26,Puckbuddies,5,Goal Diggers,3,Division 3,Division 3B,REG,05/20/26_Puckbuddies_@_Goal Diggers,3870,75.2,3900,30,3677,24.8,3647,-30
98,05/20/26,Schilling Cider,3,Kraken Up,8,Division 4B,Division 4B,REG,05/20/26_Schilling Cider_@_Kraken Up,3249,49.8,3179,-70,3250,50.2,3321,71
99,05/20/26,Ice-O-Topes,5,Renegades,7,Division 5B,Division 5B,REG,05/20/26_Ice-O-Topes_@_Renegades,2816,25.6,2790,-26,3002,74.4,3028,26
100,05/21/26,The Brigade,3,Chiefs,3,Division 2,Division 2,REG,05/21/26_The Brigade_@_Chiefs,4060,28.8,4077,17,4217,71.2,4199,-18
101,05/21/26,Night Owls,5,Screaming Eagles,10,Division 4,Division 4,REG,05/21/26_Night Owls_@_Screaming Eagles,3382,29.8,3341,-41,3531,70.2,3572,41
102,05/21/26,Minner''s Minions,9,ALTP,3,Division 1A,Division 1A,REG,05/21/26_Minner''s Minions_@_ALTP,4385,46.1,4475,90,4412,53.9,4322,-90
103,05/21/26,Falcons,5,NW Stars,7,Division 1A,Division 1A,REG,05/21/26_Falcons_@_NW Stars,4470,65.8,4399,-71,4356,34.2,4427,71
104,05/21/26,Dead Rabbits,2,DevilFish,2,Division 5,Division 4C,REG,05/21/26_Dead Rabbits_@_DevilFish,3162,42.5,3170,8,3215,57.5,3207,-8
105,05/21/26,Buck Wild,5,Skateful Dead,6,Division 4,Division 4,REG,05/21/26_Buck Wild_@_Skateful Dead,3485,70.9,3433,-52,3330,29.1,3382,52
106,05/21/26,Pheasants,12,MMHC,1,Division 2,Division 3,REG,05/21/26_Pheasants_@_MMHC,4114,86.6,4144,30,3790,13.4,3760,-30
107,05/21/26,Seattle Supernova,0,ESB,3,Division 1A,Division 1A,REG,05/21/26_Seattle Supernova_@_ESB,4185,34.2,4143,-42,4299,65.8,4340,41
108,05/21/26,Eagles,8,The Herd,3,Division 3,Division 3,REG,05/21/26_Eagles_@_The Herd,4030,77.5,4067,37,3815,22.5,3779,-36
109,05/21/26,Sasquatch,3,Sabercats,1,Division 3B,Division 3B,REG,05/21/26_Sasquatch_@_Sabercats,3733,49.0,3793,60,3740,51.0,3679,-61
110,05/21/26,The Mighty Geoducks,8,Rhinos,8,Division 2,Division 3,REG,05/21/26_The Mighty Geoducks_@_Rhinos,4100,71.9,4086,-14,3937,28.1,3952,15
111,05/21/26,Maple Bars,2,Steelhead,3,Division 4,Division 4,REG,05/21/26_Maple Bars_@_Steelhead,3507,63.7,3461,-46,3409,36.3,3455,46
112,05/21/26,Stingers,1,Seagulls,6,Division 5C,Division 5B,REG,05/21/26_Stingers_@_Seagulls,3078,77.9,2964,-114,2859,22.1,2973,114
113,05/26/26,Chiefs,2,The Mighty Geoducks,9,Division 2,Division 2,REG,05/26/26_Chiefs_@_The Mighty Geoducks,4199,65.8,4093,-106,4086,34.2,4192,106
114,05/26/26,Yetis,4,Midnight Twist,3,Division 5C,Division 5C,REG,05/26/26_Yetis_@_Midnight Twist,2948,48.4,2989,41,2960,51.6,2919,-41
115,05/26/26,Renegades,4,Five Hole Fiends,4,Division 5B,Division 5C,REG,05/26/26_Renegades_@_Five Hole Fiends,3028,79.0,3008,-20,2798,21.0,2818,20
116,05/26/26,Offspring,5,Seagulls,3,Division 5B,Division 5B,REG,05/26/26_Offspring_@_Seagulls,2935,44.5,3000,65,2973,55.5,2908,-65
117,05/26/26,BSOD,1,WKUTP-5,6,Division 5,Division 5,REG,05/26/26_BSOD_@_WKUTP-5,2924,14.1,2905,-19,3238,85.9,3257,19
118,05/26/26,Reapers,6,Stingers,4,Division 5B,Division 5C,REG,05/26/26_Reapers_@_Stingers,2886,38.9,2958,72,2964,61.1,2893,-71
119,05/27/26,Night Owls,7,Kraken Up,5,Division 4,Division 4B,REG,05/27/26_Night Owls_@_Kraken Up,3341,52.8,3397,56,3321,47.2,3265,-56
120,05/27/26,DevilFish,5,Amigos,0,Division 4C,Division 5,REG,05/27/26_DevilFish_@_Amigos,3207,63.1,3266,59,3114,36.9,3055,-59
121,05/27/26,Maple Bars,5,Coconut Corgis,7,Division 4,Division 3B,REG,05/27/26_Maple Bars_@_Coconut Corgis,3461,45.6,3413,-48,3491,54.4,3539,48
122,05/27/26,Steelhead,4,Chinooks,6,Division 4,Division 3B,REG,05/27/26_Steelhead_@_Chinooks,3455,26.7,3427,-28,3631,73.3,3658,27
123,05/27/26,Goal Diggers,3,Shockers,3,Division 3B,Division 3B,REG,05/27/26_Goal Diggers_@_Shockers,3647,66.8,3636,-11,3525,33.2,3536,11
124,05/27/26,Ice-O-Topes,3,Sockeyes,1,Division 5B,Division 5B,REG,05/27/26_Ice-O-Topes_@_Sockeyes,2790,22.9,2879,89,3000,77.1,2911,-89
125,05/27/26,Edible Arrangements,2,Mighty Mallards,2,Division 4B,Division 4B,REG,05/27/26_Edible Arrangements_@_Mighty Mallards,3297,30.9,3313,16,3437,69.1,3421,-16
126,05/27/26,The Herd,9,Sabercats,2,Division 3,Division 3B,REG,05/27/26_The Herd_@_Sabercats,3779,63.9,3844,65,3679,36.1,3614,-65
127,05/27/26,Moose Knuckle,7,Dead Rabbits,2,Division 4C,Division 5,REG,05/27/26_Moose Knuckle_@_Dead Rabbits,3174,50.6,3252,78,3170,49.4,3091,-79
128,05/27/26,Top Cheddar,7,Dumpster Fire,4,Division 4C,Division 5,REG,05/27/26_Top Cheddar_@_Dumpster Fire,2859,20.1,2966,107,3099,79.9,2991,-108
129,05/28/26,Pheasants,4,Eagles,7,Division 2,Division 3,REG,05/28/26_Pheasants_@_Eagles,4144,60.9,4068,-76,4067,39.1,4143,76
130,05/28/26,Greasy Weasels,3,Skeletons,1,Division 4C,Division 4C,REG,05/28/26_Greasy Weasels_@_Skeletons,3262,34.8,3338,76,3371,65.2,3295,-76
131,05/28/26,Boozin Cougs,4,Sasquatch,3,Division 3,Division 3B,REG,05/28/26_Boozin Cougs_@_Sasquatch,3923,67.8,3949,26,3793,32.2,3767,-26
132,05/28/26,Schilling Cider,2,Skateful Dead,8,Division 4B,Division 4,REG,05/28/26_Schilling Cider_@_Skateful Dead,3179,23.7,3144,-35,3382,76.3,3416,34
133,05/28/26,Northwest Crabs,3,Mavericks,1,Division 2,Division 2,REG,05/28/26_Northwest Crabs_@_Mavericks,4320,62.9,4365,45,4228,37.1,4184,-44
134,05/28/26,Minner''s Minions,13,Falcons,5,Division 1A,Division 1A,REG,05/28/26_Minner''s Minions_@_Falcons,4475,60.9,4550,75,4399,39.1,4324,-75
135,05/28/26,Wolves,6,Not Sure 5,1,Division 4C,Division 5,REG,05/28/26_Wolves_@_Not Sure 5,3370,84.1,3397,27,3081,15.9,3055,-26
136,05/28/26,Red Dog,3,The Brigade,6,Division 2,Division 2,REG,05/28/26_Red Dog_@_The Brigade,3989,37.5,3943,-46,4077,62.5,4123,46
137,05/28/26,ALTP,4,ESB,1,Division 1A,Division 1A,REG,05/28/26_ALTP_@_ESB,4322,47.3,4395,73,4340,52.7,4268,-72
138,05/28/26,Seattle Supernova,2,NW Stars,2,Division 1A,Division 1A,REG,05/28/26_Seattle Supernova_@_NW Stars,4143,16.3,4170,27,4427,83.7,4401,-26
139,05/28/26,Rhinos,7,Puckbuddies,4,Division 3,Division 3,REG,05/28/26_Rhinos_@_Puckbuddies,3952,57.3,4011,59,3900,42.7,3841,-59
140,05/28/26,Fighting Narwhals,0,MMHC,1,Division 2,Division 3,REG,05/28/26_Fighting Narwhals_@_MMHC,4048,84.0,3986,-62,3760,16.0,3821,61
141,05/28/26,Screaming Eagles,2,Buck Wild,1,Division 4,Division 4,REG,05/28/26_Screaming Eagles_@_Buck Wild,3572,68.9,3597,25,3433,31.1,3408,-25
142,05/28/26,Hooligans,4,LLUA,2,Division 4B,Division 4B,REG,05/28/26_Hooligans_@_LLUA,3327,34.3,3404,77,3441,65.7,3364,-77
143,05/31/26,Banana Guardians,1,Doom Clouds/Golden Mules,4,Division 10A,Division 10A,REG,05/31/26_Banana Guardians_@_Doom Clouds/Golden Mules,887,45.9,830,-57,916,54.1,972,56
144,05/31/26,Beer Dragons,2,Ice Breakers,2,Division 10A,Division 10,REG,05/31/26_Beer Dragons_@_Ice Breakers,958,36.5,970,12,1054,63.5,1042,-12
145,05/31/26,Yacht Flippers,2,Toe Dragons,4,Division 9,Division 8B,REG,05/31/26_Yacht Flippers_@_Toe Dragons,1471,26.0,1444,-27,1653,74.0,1680,27
146,05/31/26,Maelstrom,4,Rip-Its,4,Division 10B,Division 10B,REG,05/31/26_Maelstrom_@_Rip-Its,1018,51.1,1019,1,1010,48.9,1009,-1
147,05/31/26,Spittin'' Llamas,3,Seal Team Sticks,3,Division 8,Division 8,REG,05/31/26_Spittin'' Llamas_@_Seal Team Sticks,1649,30.1,1666,17,1796,69.9,1779,-17
148,05/31/26,Lagooners,4,Blackouts,2,Division 7B,Division 8,REG,05/31/26_Lagooners_@_Blackouts,2000,87.9,2015,15,1655,12.1,1640,-15
149,05/31/26,Glow Sticks,3,Spicy Kittens HC-8,3,Division 8,Division 8,REG,05/31/26_Glow Sticks_@_Spicy Kittens HC-8,1809,63.4,1801,-8,1714,36.6,1722,8
150,05/31/26,Pond Pigeons,0,Nordekes,5,Division 8A,Division 7B,REG,05/31/26_Pond Pigeons_@_Nordekes,1680,39.6,1624,-56,1753,60.4,1809,56
151,05/31/26,BLU Bombers,5,Seattle Dogs,3,Division 7B,Division 7B,REG,05/31/26_BLU Bombers_@_Seattle Dogs,1962,71.9,1996,34,1798,28.1,1764,-34
152,05/31/26,Los Tigres,3,Iced Awesome,2,Division 7,Division 7,REG,05/31/26_Los Tigres_@_Iced Awesome,2185,82.8,2199,14,1912,17.2,1897,-15
153,05/31/26,Galactic Penguins,14,Redrum,1,Division 10B,Division 10B,REG,05/31/26_Galactic Penguins_@_Redrum,1010,50.0,1129,119,1010,50.0,891,-119
154,05/31/26,Mad Hat Tricks,0,The Axolotls,1,Division 10B,Division 10B,REG,05/31/26_Mad Hat Tricks_@_The Axolotls,1124,66.3,1076,-48,1006,33.7,1054,48
155,05/31/26,Birrds,3,LKI,2,Division 7,Division 7A,REG,05/31/26_Birrds_@_LKI,1953,61.5,1984,31,1872,38.5,1841,-31
156,05/31/26,Spicy Kittens HC-9,1,Mighty Moose,8,Division 9B,Division 9,REG,05/31/26_Spicy Kittens HC-9_@_Mighty Moose,1161,24.4,1124,-37,1358,75.6,1396,38
157,05/31/26,Seattle Seals,0,Fluffy Bunnies,4,Division 7B,Division 7,REG,05/31/26_Seattle Seals_@_Fluffy Bunnies,1848,16.1,1827,-21,2134,83.9,2155,21
158,05/31/26,Red Zeppelin,1,Purple Reign,7,Division 9B,Division 8B,REG,05/31/26_Red Zeppelin_@_Purple Reign,1219,22.1,1187,-32,1438,77.9,1470,32
159,05/31/26,Tropical Punchers,0,Purple Puck Eaters,5,Division 9B,Division 9B,REG,05/31/26_Tropical Punchers_@_Purple Puck Eaters,1303,81.1,1184,-119,1049,18.9,1168,119
160,05/31/26,Gremlins Hockey,2,Rainier Reindeers HC-9,2,Division 9B,Division 9B,REG,05/31/26_Gremlins Hockey_@_Rainier Reindeers HC-9,1343,55.5,1341,-2,1304,44.5,1306,2
161,05/31/26,Orange Crush,4,Fighting Clams,4,Division 9,Division 9,REG,05/31/26_Orange Crush_@_Fighting Clams,1468,58.6,1463,-5,1408,41.4,1412,4
162,05/31/26,Not Sure 6,1,Hampton West Hockey Club,6,Division 6D,Division 6D,REG,05/31/26_Not Sure 6_@_Hampton West Hockey Club,2382,66.6,2286,-96,2262,33.4,2359,97
163,05/31/26,Khaos,2,Pythons,9,Division 9A,Division 8B,REG,05/31/26_Khaos_@_Pythons,1442,33.7,1389,-53,1559,66.3,1612,53
164,05/31/26,Raiders,2,Mudflaps,2,Division 6C,Division 6C,REG,05/31/26_Raiders_@_Mudflaps,2337,68.8,2325,-12,2200,31.2,2212,12
165,05/31/26,Trash Pandas Garbage Legacy,5,Seattle Freeze,3,Division 6D,Division 6D,REG,05/31/26_Trash Pandas Garbage Legacy_@_Seattle Freeze,2200,41.9,2268,68,2257,58.1,2188,-69
166,05/31/26,Hungry Hatchlings,5,Blackbirds,3,Division 8B,Division 9A,REG,05/31/26_Hungry Hatchlings_@_Blackbirds,1572,38.4,1645,73,1654,61.6,1582,-72
167,05/31/26,Roughnecks Mobile Infantry,3,Quacken,3,Division 7B,Division 7,REG,05/31/26_Roughnecks Mobile Infantry_@_Quacken,1925,52.7,1926,1,1907,47.3,1907,0
168,05/31/26,SEA Cucumbers,1,Seattle Slapshots,3,Division 8B,Division 8B,REG,05/31/26_SEA Cucumbers_@_Seattle Slapshots,1501,31.7,1468,-33,1634,68.3,1667,33
169,06/01/26,Piranhas,7,Black Katz,0,Division 5C,Division 5D,REG,06/01/26_Piranhas_@_Black Katz,2865,64.3,2930,65,2763,35.7,2698,-65
170,06/01/26,Real Bacon,3,Trash Pandas 7/Coyotes,4,Division 6D,Division 6C,REG,06/01/26_Real Bacon_@_Trash Pandas 7/Coyotes,2321,19.8,2308,-13,2565,80.2,2578,13
171,06/01/26,Monarchs 5,4,Flying Monkeys,4,Division 5D,Division 5D,REG,06/01/26_Monarchs 5_@_Flying Monkeys,2475,33.3,2489,14,2596,66.7,2581,-15
172,06/01/26,Hackers,3,Greenhorns,4,Division 6B,Division 6B,REG,06/01/26_Hackers_@_Greenhorns,2369,32.2,2347,-22,2498,67.8,2521,23
173,06/01/26,Wranglers,3,Blades,4,Division 6C,Division 6C,REG,06/01/26_Wranglers_@_Blades,2589,68.9,2539,-50,2451,31.1,2501,50
174,06/01/26,Monarchs 6,2,Rainier Reindeer HC-6,1,Division 6B,Division 6B,REG,06/01/26_Monarchs 6_@_Rainier Reindeer HC-6,2674,53.2,2712,38,2652,46.8,2615,-37
175,06/01/26,Chucklepucks,3,Barrel Aged Brewzers,7,Division 6D,Division 6C,REG,06/01/26_Chucklepucks_@_Barrel Aged Brewzers,2516,54.6,2443,-73,2484,45.4,2557,73
176,06/01/26,Brewzers OGB,5,Seattle Warriors,2,Division 6,Division 6A,REG,06/01/26_Brewzers OGB_@_Seattle Warriors,2581,53.6,2645,64,2555,46.4,2491,-64
177,06/01/26,Squids,7,PussyCats,8,Division 6,Division 5D,REG,06/01/26_Squids_@_PussyCats,2713,53.6,2675,-38,2688,46.4,2726,38
178,06/01/26,Jokres,2,Dirty Couch Hockey Club,0,Division 6B,Division 6,REG,06/01/26_Jokres_@_Dirty Couch Hockey Club,2622,36.9,2696,74,2715,63.1,2641,-74
179,06/02/26,Dumpster Fire,12,Reapers,2,Division 5,Division 5B,REG,06/02/26_Dumpster Fire_@_Reapers,2991,54.8,3086,95,2958,45.2,2863,-95
180,06/02/26,Alpuckas,4,Offspring,2,Division 5C,Division 5B,REG,06/02/26_Alpuckas_@_Offspring,3075,60.5,3122,47,3000,39.5,2953,-47
181,06/02/26,Renegades,4,BSOD,5,Division 5B,Division 5,REG,06/02/26_Renegades_@_BSOD,3008,64.4,2961,-47,2905,35.6,2951,46
182,06/02/26,Midnight Twist,2,The Seals,4,Division 5C,Division 5D,REG,06/02/26_Midnight Twist_@_The Seals,2919,45.9,2870,-49,2947,54.1,2996,49
183,06/02/26,Yetis,4,Stingers,3,Division 5C,Division 5C,REG,06/02/26_Yetis_@_Stingers,2989,63.6,3019,30,2893,36.4,2863,-30
184,06/02/26,TP6/Fossils,7,Honey Badgers,8,Division 6B,Division 6,REG,06/02/26_TP6/Fossils_@_Honey Badgers,2626,55.2,2587,-39,2590,44.8,2629,39
185,06/03/26,Sasquatch,1,Goal Diggers,6,Division 3B,Division 3B,REG,06/03/26_Sasquatch_@_Goal Diggers,3767,68.1,3669,-98,3636,31.9,3734,98
186,06/03/26,Highlanders,6,Icemen,4,Division 5D,Division 6,REG,06/03/26_Highlanders_@_Icemen,2713,71.7,2748,35,2552,28.3,2518,-34
187,06/03/26,Buck Wild,5,Kraken Up,3,Division 4,Division 4B,REG,06/03/26_Buck Wild_@_Kraken Up,3408,69.6,3445,37,3265,30.4,3228,-37
188,06/03/26,WKUTP-5,2,Top Cheddar,5,Division 5,Division 4C,REG,06/03/26_WKUTP-5_@_Top Cheddar,3257,84.2,3149,-108,2966,15.8,3075,109
189,06/03/26,Schilling Cider,5,Night Owls,7,Division 4B,Division 4,REG,06/03/26_Schilling Cider_@_Night Owls,3144,18.9,3125,-19,3397,81.1,3416,19
190,06/03/26,Sabercats,2,Shockers,4,Division 3B,Division 3B,REG,06/03/26_Sabercats_@_Shockers,3614,61.1,3548,-66,3536,38.9,3602,66
191,06/03/26,Amigos,3,Dead Rabbits,5,Division 5,Division 5,REG,06/03/26_Amigos_@_Dead Rabbits,3055,44.7,3007,-48,3091,55.3,3139,48
192,06/03/26,Edible Arrangements,7,Wolves,7,Division 4B,Division 4C,REG,06/03/26_Edible Arrangements_@_Wolves,3313,38.3,3324,11,3397,61.7,3386,-11
193,06/03/26,Ice-O-Topes,2,Five Hole Fiends,6,Division 5B,Division 5C,REG,06/03/26_Ice-O-Topes_@_Five Hole Fiends,2879,58.6,2800,-79,2818,41.4,2897,79
194,06/03/26,Seagulls,5,Sockeyes,1,Division 5B,Division 5B,REG,06/03/26_Seagulls_@_Sockeyes,2908,49.5,2983,75,2911,50.5,2836,-75
195,06/04/26,Pheasants,6,Chiefs,3,Division 2,Division 2,REG,06/04/26_Pheasants_@_Chiefs,4068,46.4,4142,74,4093,53.6,4019,-74
196,06/04/26,Hooligans,2,Greasy Weasels,1,Division 4B,Division 4C,REG,06/04/26_Hooligans_@_Greasy Weasels,3404,59.4,3437,33,3338,40.6,3306,-32
197,06/04/26,Screaming Eagles,5,Skateful Dead,5,Division 4,Division 4,REG,06/04/26_Screaming Eagles_@_Skateful Dead,3597,73.9,3581,-16,3416,26.1,3432,16
198,06/04/26,Puckbuddies,7,Rhinos,4,Division 3,Division 3,REG,06/04/26_Puckbuddies_@_Rhinos,3841,27.3,3939,98,4011,72.7,3913,-98
199,06/04/26,The Brigade,6,The Mighty Geoducks,9,Division 2,Division 2,REG,06/04/26_The Brigade_@_The Mighty Geoducks,4123,40.2,4074,-49,4192,59.8,4242,50
200,06/04/26,Mighty Mallards,4,LLUA,3,Division 4B,Division 4B,REG,06/04/26_Mighty Mallards_@_LLUA,3421,58.1,3454,33,3364,41.9,3330,-34
201,06/04/26,Steelhead,1,Coconut Corgis,7,Division 4,Division 3B,REG,06/04/26_Steelhead_@_Coconut Corgis,3427,34.4,3377,-50,3539,65.6,3590,51
202,06/04/26,MMHC,5,The Herd,6,Division 3,Division 3,REG,06/04/26_MMHC_@_The Herd,3821,46.8,3788,-33,3844,53.2,3877,33
203,06/04/26,DevilFish,8,Not Sure 5,3,Division 4C,Division 5,REG,06/04/26_DevilFish_@_Not Sure 5,3266,77.1,3304,38,3055,22.9,3018,-37
204,06/04/26,Boozin Cougs,11,Eagles,3,Division 3,Division 3,REG,06/04/26_Boozin Cougs_@_Eagles,3949,24.6,4087,138,4143,75.4,4005,-138
205,06/04/26,Maple Bars,5,Chinooks,7,Division 4,Division 3B,REG,06/04/26_Maple Bars_@_Chinooks,3413,19.5,3393,-20,3658,80.5,3678,20
206,06/04/26,Skeletons,5,Moose Knuckle,1,Division 4C,Division 4C,REG,06/04/26_Skeletons_@_Moose Knuckle,3295,56.1,3360,65,3252,43.9,3187,-65
207,06/07/26,SEA Cucumbers,3,Blackbirds,1,Division 8B,Division 9A,REG,06/07/26_SEA Cucumbers_@_Blackbirds,1468,34.1,1545,77,1582,65.9,1505,-77
208,06/07/26,Spittin'' Llamas,2,Blackouts,4,Division 8,Division 8,REG,06/07/26_Spittin'' Llamas_@_Blackouts,1666,53.7,1609,-57,1640,46.3,1698,58
209,06/07/26,Pond Pigeons,2,Spicy Kittens HC-8,1,Division 8A,Division 8,REG,06/07/26_Pond Pigeons_@_Spicy Kittens HC-8,1624,36.3,1674,50,1722,63.7,1672,-50
210,06/07/26,Seattle Slapshots,3,Pythons,3,Division 8B,Division 8B,REG,06/07/26_Seattle Slapshots_@_Pythons,1667,57.8,1663,-4,1612,42.2,1616,4
211,06/07/26,Lagooners,8,Seal Team Sticks,2,Division 7B,Division 8,REG,06/07/26_Lagooners_@_Seal Team Sticks,2015,79.5,2050,35,1779,20.5,1743,-36
212,06/07/26,Seattle Dogs,5,Glow Sticks,1,Division 7B,Division 8,REG,06/07/26_Seattle Dogs_@_Glow Sticks,1764,44.7,1846,82,1801,55.3,1720,-81
213,06/07/26,Nordekes,3,BLU Bombers,2,Division 7B,Division 7B,REG,06/07/26_Nordekes_@_BLU Bombers,1809,25.4,1866,57,1996,74.6,1938,-58
214,06/07/26,Roughnecks Mobile Infantry,3,LKI,4,Division 7B,Division 7A,REG,06/07/26_Roughnecks Mobile Infantry_@_LKI,1926,61.9,1881,-45,1841,38.1,1886,45
215,06/07/26,Seattle Freeze,2,Not Sure 6,1,Division 6D,Division 6D,REG,06/07/26_Seattle Freeze_@_Not Sure 6,2188,36.2,2238,50,2286,63.8,2236,-50
216,06/07/26,Fluffy Bunnies,0,Los Tigres,1,Division 7,Division 7,REG,06/07/26_Fluffy Bunnies_@_Los Tigres,2155,43.7,2124,-31,2199,56.3,2229,30
217,06/07/26,Seattle Seals,2,Iced Awesome,3,Division 7B,Division 7,REG,06/07/26_Seattle Seals_@_Iced Awesome,1827,40.0,1799,-28,1897,60.0,1925,28
218,06/07/26,Hungry Hatchlings,3,Toe Dragons,4,Division 8B,Division 8B,REG,06/07/26_Hungry Hatchlings_@_Toe Dragons,1645,45.0,1613,-32,1680,55.0,1711,31
219,06/07/26,Barrel Aged Brewzers,2,Mudflaps,2,Division 6C,Division 6C,REG,06/07/26_Barrel Aged Brewzers_@_Mudflaps,2557,88.0,2530,-27,2212,12.0,2239,27
220,06/07/26,Chucklepucks,2,Raiders,6,Division 6D,Division 6C,REG,06/07/26_Chucklepucks_@_Raiders,2443,66.4,2354,-89,2325,33.6,2415,90
221,06/07/26,Quacken,2,Birrds,2,Division 7,Division 7,REG,06/07/26_Quacken_@_Birrds,1907,39.0,1917,10,1984,61.0,1974,-10
222,06/07/26,Yacht Flippers,3,Fighting Clams,1,Division 9,Division 9,REG,06/07/26_Yacht Flippers_@_Fighting Clams,1444,54.6,1499,55,1412,45.4,1358,-54
223,06/07/26,Orange Crush,5,Rainier Reindeers HC-9,2,Division 9,Division 9B,REG,06/07/26_Orange Crush_@_Rainier Reindeers HC-9,1463,71.2,1504,41,1306,28.8,1265,-41
224,06/07/26,Wranglers,4,Trash Pandas 7/Coyotes,5,Division 6C,Division 6C,REG,06/07/26_Wranglers_@_Trash Pandas 7/Coyotes,2539,44.4,2508,-31,2578,55.6,2609,31
225,06/07/26,Real Bacon,2,Blades,5,Division 6D,Division 6C,REG,06/07/26_Real Bacon_@_Blades,2308,24.8,2278,-30,2501,75.2,2531,30
226,06/07/26,Redrum,1,Rip-Its,6,Division 10B,Division 10B,REG,06/07/26_Redrum_@_Rip-Its,891,33.7,844,-47,1009,66.3,1056,47
227,06/07/26,Maelstrom,0,Mad Hat Tricks,0,Division 10B,Division 10B,REG,06/07/26_Maelstrom_@_Mad Hat Tricks,1019,41.9,1027,8,1076,58.1,1068,-8
228,06/07/26,Monarchs 6,3,Greenhorns,2,Division 6B,Division 6B,REG,06/07/26_Monarchs 6_@_Greenhorns,2712,75.0,2732,20,2521,25.0,2500,-21
229,06/07/26,The Axolotls,2,Galactic Penguins,0,Division 10B,Division 10B,REG,06/07/26_The Axolotls_@_Galactic Penguins,1054,39.4,1125,71,1129,60.6,1058,-71
230,06/07/26,Gremlins Hockey,3,Khaos,4,Division 9B,Division 9A,REG,06/07/26_Gremlins Hockey_@_Khaos,1341,43.1,1310,-31,1389,56.9,1419,30
231,06/07/26,Trash Pandas Garbage Legacy,3,Hampton West Hockey Club,4,Division 6D,Division 6D,REG,06/07/26_Trash Pandas Garbage Legacy_@_Hampton West Hockey Club,2268,37.3,2242,-26,2359,62.7,2385,26
232,06/07/26,Ice Breakers,5,Banana Guardians,0,Division 10,Division 10A,REG,06/07/26_Ice Breakers_@_Banana Guardians,1042,77.2,1079,37,830,22.8,793,-37
233,06/07/26,Beer Dragons,0,Doom Clouds/Golden Mules,0,Division 10A,Division 10A,REG,06/07/26_Beer Dragons_@_Doom Clouds/Golden Mules,970,49.7,972,2,972,50.3,970,-2
234,06/07/26,Purple Reign,11,Purple Puck Eaters,1,Division 8B,Division 9B,REG,06/07/26_Purple Reign_@_Purple Puck Eaters,1470,85.0,1502,32,1168,15.0,1136,-32
235,06/07/26,Tropical Punchers,1,Mighty Moose,5,Division 9B,Division 9,REG,06/07/26_Tropical Punchers_@_Mighty Moose,1184,22.8,1154,-30,1396,77.2,1425,29
236,06/07/26,Red Zeppelin,4,Spicy Kittens HC-9,2,Division 9B,Division 9B,REG,06/07/26_Red Zeppelin_@_Spicy Kittens HC-9,1187,59.0,1236,49,1124,41.0,1075,-49
237,06/08/26,TP6/Fossils,4,Dirty Couch Hockey Club,8,Division 6B,Division 6,REG,06/08/26_TP6/Fossils_@_Dirty Couch Hockey Club,2587,42.2,2531,-56,2641,57.8,2697,56
238,06/08/26,Hackers,3,Rainier Reindeer HC-6,4,Division 6B,Division 6B,REG,06/08/26_Hackers_@_Rainier Reindeer HC-6,2347,17.6,2335,-12,2615,82.4,2627,12
239,06/08/26,Jokres,2,Honey Badgers,4,Division 6B,Division 6,REG,06/08/26_Jokres_@_Honey Badgers,2696,59.5,2632,-64,2629,40.5,2693,64
240,06/08/26,Midnight Twist,4,Piranhas,4,Division 5C,Division 5C,REG,06/08/26_Midnight Twist_@_Piranhas,2870,41.5,2879,9,2930,58.5,2921,-9
241,06/08/26,Flying Monkeys,3,Seattle Warriors,1,Division 5D,Division 6A,REG,06/08/26_Flying Monkeys_@_Seattle Warriors,2581,62.7,2626,45,2491,37.3,2446,-45
242,06/08/26,Brewzers OGB,7,Icemen,4,Division 6,Division 6,REG,06/08/26_Brewzers OGB_@_Icemen,2645,67.5,2691,46,2518,32.5,2472,-46
243,06/08/26,Highlanders,7,Monarchs 5,6,Division 5D,Division 5D,REG,06/08/26_Highlanders_@_Monarchs 5,2748,81.6,2763,15,2489,18.4,2474,-15
244,06/08/26,The Seals,1,PussyCats,0,Division 5D,Division 5D,REG,06/08/26_The Seals_@_PussyCats,2996,82.5,3010,14,2726,17.5,2712,-14
245,06/08/26,Squids,1,Black Katz,5,Division 6,Division 5D,REG,06/08/26_Squids_@_Black Katz,2675,46.6,2613,-62,2698,53.4,2760,62
246,06/08/26,Ice-O-Topes,2,Offspring,2,Division 5B,Division 5B,REG,06/08/26_Ice-O-Topes_@_Offspring,2800,29.3,2817,17,2953,70.7,2936,-17
247,06/08/26,Dumpster Fire,2,BSOD,3,Division 5,Division 5,REG,06/08/26_Dumpster Fire_@_BSOD,3086,68.5,3036,-50,2951,31.5,3001,50
248,06/09/26,Five Hole Fiends,4,Yetis,5,Division 5C,Division 5C,REG,06/09/26_Five Hole Fiends_@_Yetis,2897,33.1,2874,-23,3019,66.9,3042,23
249,06/09/26,Reapers,4,Seagulls,6,Division 5B,Division 5B,REG,06/09/26_Reapers_@_Seagulls,2863,33.5,2828,-35,2983,66.5,3018,35
250,06/09/26,Amigos,0,WKUTP-5,3,Division 5,Division 5,REG,06/09/26_Amigos_@_WKUTP-5,3007,30.8,2970,-37,3149,69.2,3186,37
251,06/09/26,Night Owls,8,Mighty Mallards,3,Division 4,Division 4B,REG,06/09/26_Night Owls_@_Mighty Mallards,3416,44.5,3504,88,3454,55.5,3367,-87
252,06/09/26,Alpuckas,5,Stingers,3,Division 5C,Division 5C,REG,06/09/26_Alpuckas_@_Stingers,3122,81.6,3145,23,2863,18.4,2841,-22
253,06/09/26,Not Sure 5,2,Top Cheddar,9,Division 5,Division 4C,REG,06/09/26_Not Sure 5_@_Top Cheddar,3018,41.9,2952,-66,3075,58.1,3141,66
254,06/10/26,Maple Bars,7,Buck Wild,2,Division 4,Division 4,REG,06/10/26_Maple Bars_@_Buck Wild,3393,42.5,3483,90,3445,57.5,3355,-90
255,06/10/26,Renegades,1,Sockeyes,9,Division 5B,Division 5B,REG,06/10/26_Renegades_@_Sockeyes,2961,67.3,2846,-115,2836,32.7,2952,116
256,06/10/26,Greasy Weasels,4,Moose Knuckle,0,Division 4C,Division 4C,REG,06/10/26_Greasy Weasels_@_Moose Knuckle,3306,66.5,3356,50,3187,33.5,3136,-51
257,06/10/26,Sabercats,6,Coconut Corgis,1,Division 3B,Division 3B,REG,06/10/26_Sabercats_@_Coconut Corgis,3548,44.0,3637,89,3590,56.0,3502,-88
258,06/10/26,MMHC,6,Goal Diggers,2,Division 3,Division 3B,REG,06/10/26_MMHC_@_Goal Diggers,3788,57.7,3852,64,3734,42.3,3671,-63
259,06/10/26,Wolves,7,Dead Rabbits,1,Division 4C,Division 5,REG,06/10/26_Wolves_@_Dead Rabbits,3386,80.6,3419,33,3139,19.4,3105,-34
260,06/10/26,Screaming Eagles,6,Schilling Cider,3,Division 4,Division 4B,REG,06/10/26_Screaming Eagles_@_Schilling Cider,3581,93.2,3590,9,3125,6.8,3115,-10
261,06/10/26,Shockers,2,Chinooks,4,Division 3B,Division 3B,REG,06/10/26_Shockers_@_Chinooks,3602,39.1,3561,-41,3678,60.9,3719,41
262,06/10/26,Puckbuddies,8,Sasquatch,3,Division 3,Division 3B,REG,06/10/26_Puckbuddies_@_Sasquatch,3939,82.6,3968,29,3669,17.4,3640,-29
263,06/11/26,Pheasants,6,Rhinos,1,Division 2,Division 3,REG,06/11/26_Pheasants_@_Rhinos,4142,78.9,4176,34,3913,21.1,3878,-35
264,06/11/26,Edible Arrangements,0,LLUA,3,Division 4B,Division 4B,REG,06/11/26_Edible Arrangements_@_LLUA,3324,49.1,3263,-61,3330,50.9,3391,61
265,06/11/26,Kraken Up,4,Hooligans,4,Division 4B,Division 4B,REG,06/11/26_Kraken Up_@_Hooligans,3228,23.1,3249,21,3437,76.9,3415,-22
266,06/11/26,Boozin Cougs,7,The Herd,4,Division 3,Division 3,REG,06/11/26_Boozin Cougs_@_The Herd,4087,77.0,4120,33,3877,23.0,3844,-33
267,06/11/26,Red Dog,2,Chiefs,7,Division 2,Division 2,REG,06/11/26_Red Dog_@_Chiefs,3943,39.3,3888,-55,4019,60.7,4073,54
268,06/11/26,Steelhead,8,Skateful Dead,4,Division 4,Division 4,REG,06/11/26_Steelhead_@_Skateful Dead,3377,42.0,3462,85,3432,58.0,3347,-85
269,06/11/26,Skeletons,4,DevilFish,4,Division 4C,Division 4C,REG,06/11/26_Skeletons_@_DevilFish,3360,58.1,3356,-4,3304,41.9,3308,4
270,06/11/26,ESB,1,Falcons,8,Division 1A,Division 1A,REG,06/11/26_ESB_@_Falcons,4268,41.9,4201,-67,4324,58.1,4390,66
271,06/11/26,The Brigade,4,Eagles,2,Division 2,Division 3,REG,06/11/26_The Brigade_@_Eagles,4074,59.7,4122,48,4005,40.3,3957,-48
272,06/11/26,Mavericks,7,Fighting Narwhals,2,Division 2,Division 2,REG,06/11/26_Mavericks_@_Fighting Narwhals,4184,75.8,4223,39,3986,24.2,3946,-40
273,06/11/26,The Mighty Geoducks,0,Northwest Crabs,1,Division 2,Division 2,REG,06/11/26_The Mighty Geoducks_@_Northwest Crabs,4242,33.0,4219,-23,4365,67.0,4387,22
274,06/11/26,Seattle Supernova,3,ALTP,3,Division 1A,Division 1A,REG,06/11/26_Seattle Supernova_@_ALTP,4170,21.5,4193,23,4395,78.5,4372,-23
275,06/11/26,NW Stars,3,Minner''s Minions,7,Division 1A,Division 1A,REG,06/11/26_NW Stars_@_Minner''s Minions,4401,29.8,4362,-39,4550,70.2,4588,38
276,06/14/26,Iced Awesome,0,Quacken,4,Division 7,Division 7,REG,06/14/26_Iced Awesome_@_Quacken,1925,51.2,1857,-68,1917,48.8,1985,68
277,06/14/26,Lagooners,1,BLU Bombers,1,Division 7B,Division 7B,REG,06/14/26_Lagooners_@_BLU Bombers,2050,65.6,2040,-10,1938,34.4,1948,10
278,06/14/26,Chucklepucks,3,Hampton West Hockey Club,1,Division 6D,Division 6D,REG,06/14/26_Chucklepucks_@_Hampton West Hockey Club,2354,45.6,2418,64,2385,54.4,2320,-65
279,06/14/26,Seattle Seals,2,LKI,6,Division 7B,Division 7A,REG,06/14/26_Seattle Seals_@_LKI,1799,37.8,1750,-49,1886,62.2,1935,49
280,06/14/26,Birrds,9,Roughnecks Mobile Infantry,2,Division 7,Division 7B,REG,06/14/26_Birrds_@_Roughnecks Mobile Infantry,1974,63.1,2041,67,1881,36.9,1814,-67
281,06/14/26,Trash Pandas 7/Coyotes,2,Barrel Aged Brewzers,3,Division 6C,Division 6C,REG,06/14/26_Trash Pandas 7/Coyotes_@_Barrel Aged Brewzers,2609,61.3,2565,-44,2530,38.7,2574,44
282,06/14/26,Seattle Freeze,2,Fluffy Bunnies,3,Division 6D,Division 7,REG,06/14/26_Seattle Freeze_@_Fluffy Bunnies,2238,65.8,2190,-48,2124,34.2,2172,48
283,06/14/26,Purple Reign,2,Fighting Clams,3,Division 8B,Division 9,REG,06/14/26_Purple Reign_@_Fighting Clams,1502,69.7,1452,-50,1358,30.3,1408,50
284,06/14/26,Pond Pigeons,1,Blackouts,2,Division 8A,Division 8,REG,06/14/26_Pond Pigeons_@_Blackouts,1674,46.6,1641,-33,1698,53.4,1731,33
285,06/14/26,Toe Dragons,0,SEA Cucumbers,2,Division 8B,Division 8B,REG,06/14/26_Toe Dragons_@_SEA Cucumbers,1711,72.3,1632,-79,1545,27.7,1623,78
286,06/14/26,Seattle Dogs,1,Nordekes,1,Division 7B,Division 7B,REG,06/14/26_Seattle Dogs_@_Nordekes,1846,47.1,1850,4,1866,52.9,1862,-4
287,06/14/26,Khaos,5,Tropical Punchers,1,Division 9A,Division 9B,REG,06/14/26_Khaos_@_Tropical Punchers,1419,82.1,1447,28,1154,17.9,1127,-27
288,06/14/26,Spicy Kittens HC-9,2,Beer Dragons,1,Division 9B,Division 10A,REG,06/14/26_Spicy Kittens HC-9_@_Beer Dragons,1075,64.3,1103,28,972,35.7,944,-28
289,06/14/26,Red Zeppelin,2,Ice Breakers,3,Division 9B,Division 10,REG,06/14/26_Red Zeppelin_@_Ice Breakers,1236,71.1,1185,-51,1079,28.9,1131,52
290,06/14/26,Doom Clouds/Golden Mules,9,Galactic Penguins,0,Division 10A,Division 10B,REG,06/14/26_Doom Clouds/Golden Mules_@_Galactic Penguins,970,37.6,1092,122,1058,62.4,936,-122
291,06/14/26,Pythons,2,Blackbirds,2,Division 8B,Division 9A,REG,06/14/26_Pythons_@_Blackbirds,1616,65.4,1606,-10,1505,34.6,1515,10
292,06/14/26,Mighty Moose,9,Gremlins Hockey,0,Division 9,Division 9B,REG,06/14/26_Mighty Moose_@_Gremlins Hockey,1425,65.9,1494,69,1310,34.1,1242,-68
293,06/14/26,Not Sure 6,6,Los Tigres,0,Division 6D,Division 7,REG,06/14/26_Not Sure 6_@_Los Tigres,2236,51.0,2319,83,2229,49.0,2147,-82
294,06/14/26,Blades,1,Mudflaps,1,Division 6C,Division 6C,REG,06/14/26_Blades_@_Mudflaps,2531,84.2,2506,-25,2239,15.8,2264,25
295,06/14/26,Wranglers,6,Raiders,0,Division 6C,Division 6C,REG,06/14/26_Wranglers_@_Raiders,2508,63.1,2571,63,2415,36.9,2352,-63
296,06/14/26,Hungry Hatchlings,3,Seattle Slapshots,7,Division 8B,Division 8B,REG,06/14/26_Hungry Hatchlings_@_Seattle Slapshots,1613,42.9,1557,-56,1663,57.1,1719,56
297,06/14/26,Rainier Reindeers HC-9,5,Purple Puck Eaters,1,Division 9B,Division 9B,REG,06/14/26_Rainier Reindeers HC-9_@_Purple Puck Eaters,1265,67.8,1314,49,1136,32.2,1087,-49
298,06/14/26,Real Bacon,3,Trash Pandas Garbage Legacy,0,Division 6D,Division 6D,REG,06/14/26_Real Bacon_@_Trash Pandas Garbage Legacy,2278,55.2,2340,62,2242,44.8,2180,-62
299,06/14/26,Spicy Kittens HC-8,4,Seal Team Sticks,0,Division 8,Division 8,REG,06/14/26_Spicy Kittens HC-8_@_Seal Team Sticks,1672,39.9,1760,88,1743,60.1,1655,-88
300,06/14/26,Glow Sticks,0,Spittin'' Llamas,3,Division 8,Division 8,REG,06/14/26_Glow Sticks_@_Spittin'' Llamas,1720,65.4,1637,-83,1609,34.6,1691,82
301,06/14/26,Banana Guardians,4,The Axolotls,1,Division 10A,Division 10B,REG,06/14/26_Banana Guardians_@_The Axolotls,793,12.9,909,116,1125,87.1,1009,-116
302,06/14/26,Mad Hat Tricks,5,Rip-Its,2,Division 10B,Division 10B,REG,06/14/26_Mad Hat Tricks_@_Rip-Its,1068,51.8,1135,67,1056,48.2,989,-67
303,06/14/26,Yacht Flippers,0,Orange Crush,1,Division 9,Division 9,REG,06/14/26_Yacht Flippers_@_Orange Crush,1499,49.2,1464,-35,1504,50.8,1539,35
304,06/14/26,Maelstrom,8,Redrum,0,Division 10B,Division 10B,REG,06/14/26_Maelstrom_@_Redrum,1027,74.1,1077,50,844,25.9,794,-50
305,06/15/26,Seattle Warriors,2,Monarchs 6,1,Division 6A,Division 6B,REG,06/15/26_Seattle Warriors_@_Monarchs 6,2446,16.2,2510,64,2732,83.8,2668,-64
306,06/15/26,Brewzers OGB,7,Squids,0,Division 6,Division 6,REG,06/15/26_Brewzers OGB_@_Squids,2691,61.0,2761,70,2613,39.0,2543,-70
307,06/15/26,Honey Badgers,5,Rainier Reindeer HC-6,5,Division 6,Division 6B,REG,06/15/26_Honey Badgers_@_Rainier Reindeer HC-6,2693,59.4,2688,-5,2627,40.6,2632,5
308,06/15/26,The Seals,13,Monarchs 5,2,Division 5D,Division 5D,REG,06/15/26_The Seals_@_Monarchs 5,3010,95.6,3020,10,2474,4.4,2464,-10
309,06/15/26,Black Katz,2,Highlanders,5,Division 5D,Division 5D,REG,06/15/26_Black Katz_@_Highlanders,2760,49.6,2699,-61,2763,50.4,2824,61
310,06/15/26,TP6/Fossils,4,Greenhorns,5,Division 6B,Division 6B,REG,06/15/26_TP6/Fossils_@_Greenhorns,2531,54.4,2492,-39,2500,45.6,2539,39
311,06/15/26,Stingers,5,Midnight Twist,1,Division 5C,Division 5C,REG,06/15/26_Stingers_@_Midnight Twist,2841,44.6,2923,82,2879,55.4,2797,-82
312,06/15/26,Alpuckas,1,Piranhas,2,Division 5C,Division 5C,REG,06/15/26_Alpuckas_@_Piranhas,3145,78.3,3087,-58,2921,21.7,2979,58
313,06/15/26,Dirty Couch Hockey Club,2,Icemen,0,Division 6,Division 6,REG,06/15/26_Dirty Couch Hockey Club_@_Icemen,2697,78.5,2723,26,2472,21.5,2446,-26
314,06/15/26,PussyCats,6,Flying Monkeys,2,Division 5D,Division 5D,REG,06/15/26_PussyCats_@_Flying Monkeys,2712,62.1,2769,57,2626,37.9,2569,-57
315,06/15/26,Jokres,5,Hackers,1,Division 6B,Division 6B,REG,06/15/26_Jokres_@_Hackers,2632,84.7,2655,23,2335,15.3,2311,-24
316,06/16/26,Renegades,8,Offspring,4,Division 5B,Division 5B,REG,06/16/26_Renegades_@_Offspring,2846,37.4,2938,92,2936,62.6,2844,-92
317,06/16/26,Reapers,5,Yetis,2,Division 5B,Division 5C,REG,06/16/26_Reapers_@_Yetis,2828,22.7,2933,105,3042,77.3,2937,-105
318,06/16/26,Ice-O-Topes,1,Seagulls,4,Division 5B,Division 5B,REG,06/16/26_Ice-O-Topes_@_Seagulls,2817,24.0,2788,-29,3018,76.0,3046,28
319,06/16/26,Sockeyes,3,Five Hole Fiends,9,Division 5B,Division 5C,REG,06/16/26_Sockeyes_@_Five Hole Fiends,2952,61.1,2859,-93,2874,38.9,2967,93
320,06/16/26,Not Sure 5,5,Dumpster Fire,9,Division 5,Division 5,REG,06/16/26_Not Sure 5_@_Dumpster Fire,2952,38.1,2902,-50,3036,61.9,3086,50
321,06/16/26,Dead Rabbits,3,WKUTP-5,3,Division 5,Division 5,REG,06/16/26_Dead Rabbits_@_WKUTP-5,3105,38.6,3115,10,3186,61.4,3175,-11
322,06/17/26,Top Cheddar,3,DevilFish,2,Division 4C,Division 4C,REG,06/17/26_Top Cheddar_@_DevilFish,3141,27.7,3197,56,3308,72.3,3252,-56
323,06/17/26,Kraken Up,10,Mighty Mallards,6,Division 4B,Division 4B,REG,06/17/26_Kraken Up_@_Mighty Mallards,3249,33.7,3346,97,3367,66.3,3270,-97
324,06/17/26,Moose Knuckle,6,Wolves,1,Division 4C,Division 4C,REG,06/17/26_Moose Knuckle_@_Wolves,3136,16.4,3264,128,3419,83.6,3292,-127
325,06/17/26,Amigos,3,BSOD,6,Division 5,Division 5,REG,06/17/26_Amigos_@_BSOD,2970,45.7,2914,-56,3001,54.3,3057,56
326,06/17/26,Edible Arrangements,6,Greasy Weasels,2,Division 4B,Division 4C,REG,06/17/26_Edible Arrangements_@_Greasy Weasels,3263,37.0,3356,93,3356,63.0,3264,-92
327,06/18/26,Chiefs,2,Northwest Crabs,3,Division 2,Division 2,REG,06/18/26_Chiefs_@_Northwest Crabs,4073,14.1,4064,-9,4387,85.9,4397,10
328,06/18/26,ALTP,8,NW Stars,5,Division 1,Division 1,REG,06/18/26_ALTP_@_NW Stars,4372,51.4,4439,67,4362,48.6,4295,-67
329,06/18/26,Steelhead,1,Screaming Eagles,4,Division 4A,Division 4A,REG,06/18/26_Steelhead_@_Screaming Eagles,3462,32.3,3423,-39,3590,67.7,3630,40
330,06/18/26,Schilling Cider,3,Hooligans,4,Division 4B,Division 4B,REG,06/18/26_Schilling Cider_@_Hooligans,3115,15.1,3105,-10,3415,84.9,3425,10
331,06/18/26,Red Dog,4,Fighting Narwhals,0,Division 2,Division 2,REG,06/18/26_Red Dog_@_Fighting Narwhals,3888,41.7,3974,86,3946,58.3,3860,-86
332,06/18/26,ESB,4,Minner''s Minions,13,Division 1,Division 1,REG,06/18/26_ESB_@_Minner''s Minions,4201,9.7,4185,-16,4588,90.3,4605,17
333,06/18/26,Seattle Supernova,6,Falcons,6,Division 1,Division 1,REG,06/18/26_Seattle Supernova_@_Falcons,4193,24.3,4213,20,4390,75.7,4369,-21
334,06/18/26,Maple Bars,3,Skateful Dead,3,Division 4A,Division 4A,REG,06/18/26_Maple Bars_@_Skateful Dead,3483,68.6,3471,-12,3347,31.4,3359,12
335,06/18/26,Buck Wild,2,Night Owls,2,Division 4A,Division 4A,REG,06/18/26_Buck Wild_@_Night Owls,3355,29.8,3372,17,3504,70.2,3487,-17
336,06/18/26,LLUA,5,Skeletons,3,Division 4B,Division 4C,REG,06/18/26_LLUA_@_Skeletons,3391,55.0,3445,54,3356,45.0,3303,-53
337,06/18/26,The Mighty Geoducks,1,Mavericks,7,Division 2,Division 2,REG,06/18/26_The Mighty Geoducks_@_Mavericks,4219,49.4,4144,-75,4223,50.6,4297,74
338,06/19/26,Purple Puck Eaters,3,Tropical Punchers,5,Division 9B,Division 9B,REG,06/19/26_Purple Puck Eaters_@_Tropical Punchers,1087,44.3,1041,-46,1127,55.7,1174,47
339,06/19/26,Khaos,5,Red Zeppelin,4,Division 9A,Division 9B,REG,06/19/26_Khaos_@_Red Zeppelin,1447,81.9,1462,15,1185,18.1,1170,-15
340,06/19/26,Rainier Reindeers HC-9,6,Spicy Kittens HC-9,3,Division 9B,Division 9B,REG,06/19/26_Rainier Reindeers HC-9_@_Spicy Kittens HC-9,1314,77.1,1347,33,1103,22.9,1071,-32
341,06/19/26,Gremlins Hockey,3,Fighting Clams,6,Division 9B,Division 9A,REG,06/19/26_Gremlins Hockey_@_Fighting Clams,1242,27.7,1208,-34,1408,72.3,1442,34
342,06/20/26,Mighty Moose,4,Yacht Flippers,3,Division 9A,Division 9A,REG,06/20/26_Mighty Moose_@_Yacht Flippers,1494,54.3,1530,36,1464,45.7,1427,-37
343,06/20/26,Blackbirds,2,Orange Crush,5,Division 9A,Division 9A,REG,06/20/26_Blackbirds_@_Orange Crush,1515,46.5,1457,-58,1539,53.5,1596,57
344,06/20/26,SEA Cucumbers,1,Pythons,3,Division 8B,Division 8B,REG,06/20/26_SEA Cucumbers_@_Pythons,1623,52.5,1568,-55,1606,47.5,1662,56
345,06/20/26,Toe Dragons,3,Hungry Hatchlings,2,Division 8B,Division 8B,REG,06/20/26_Toe Dragons_@_Hungry Hatchlings,1632,60.8,1664,32,1557,39.2,1525,-32
346,06/21/26,Jokres,4,Greenhorns,7,Division 6B,Division 6B,REG,06/21/26_Jokres_@_Greenhorns,2655,66.1,2572,-83,2539,33.9,2623,84
347,06/21/26,Seattle Slapshots,4,Purple Reign,3,Division 8B,Division 8B,REG,06/21/26_Seattle Slapshots_@_Purple Reign,1719,82.3,1734,15,1452,17.7,1437,-15
348,06/21/26,Raiders,2,Mudflaps,1,Division 6C,Division 6C,REG,06/21/26_Raiders_@_Mudflaps,2352,62.4,2382,30,2264,37.6,2234,-30
349,06/21/26,Trash Pandas Garbage Legacy,1,Chucklepucks,5,Division 6D,Division 6D,REG,06/21/26_Trash Pandas Garbage Legacy_@_Chucklepucks,2180,20.2,2154,-26,2418,79.8,2444,26
350,06/21/26,Beer Dragons,0,Ice Breakers,5,Division 10A,Division 10A,REG,06/21/26_Beer Dragons_@_Ice Breakers,944,25.4,909,-35,1131,74.6,1166,35
351,06/21/26,Los Tigres,1,Quacken,6,Division 7A,Division 7A,REG,06/21/26_Los Tigres_@_Quacken,2147,71.7,2043,-104,1985,28.3,2089,104
352,06/21/26,Honey Badgers,4,Dirty Couch Hockey Club,2,Division 6A,Division 6A,REG,06/21/26_Honey Badgers_@_Dirty Couch Hockey Club,2688,45.0,2753,65,2723,55.0,2658,-65
353,06/21/26,Seattle Dogs,4,BLU Bombers,4,Division 7B,Division 7B,REG,06/21/26_Seattle Dogs_@_BLU Bombers,1850,36.3,1862,12,1948,63.7,1936,-12
354,06/21/26,Birrds,5,Seattle Seals,5,Division 7A,Division 7B,REG,06/21/26_Birrds_@_Seattle Seals,2041,84.2,2016,-25,1750,15.8,1774,24
355,06/21/26,Pond Pigeons,6,Glow Sticks,2,Division 8A,Division 8A,REG,06/21/26_Pond Pigeons_@_Glow Sticks,1641,50.6,1715,74,1637,49.4,1564,-73
356,06/21/26,Banana Guardians,5,Doom Clouds/Golden Mules,6,Division 10A,Division 10A,REG,06/21/26_Banana Guardians_@_Doom Clouds/Golden Mules,909,25.9,891,-18,1092,74.1,1110,18
357,06/21/26,Mad Hat Tricks,2,Galactic Penguins,1,Division 10B,Division 10B,REG,06/21/26_Mad Hat Tricks_@_Galactic Penguins,1135,75.9,1155,20,936,24.1,916,-20
358,06/21/26,The Axolotls,8,Redrum,0,Division 10B,Division 10B,REG,06/21/26_The Axolotls_@_Redrum,1009,77.5,1053,44,794,22.5,751,-43
359,06/21/26,Seal Team Sticks,2,Spittin'' Llamas,5,Division 8A,Division 8A,REG,06/21/26_Seal Team Sticks_@_Spittin'' Llamas,1655,44.8,1600,-55,1691,55.2,1746,55
360,06/21/26,Hackers,2,Monarchs 6,6,Division 6B,Division 6B,REG,06/21/26_Hackers_@_Monarchs 6,2311,11.4,2297,-14,2668,88.6,2682,14
361,06/21/26,Roughnecks Mobile Infantry,5,Lagooners,5,Division 7B,Division 7B,REG,06/21/26_Roughnecks Mobile Infantry_@_Lagooners,1814,21.4,1837,23,2040,78.6,2018,-22
362,06/21/26,Maelstrom,2,Rip-Its,1,Division 10B,Division 10B,REG,06/21/26_Maelstrom_@_Rip-Its,1077,62.5,1107,30,989,37.5,958,-31
363,06/21/26,Brewzers OGB,6,Seattle Warriors,0,Division 6A,Division 6A,REG,06/21/26_Brewzers OGB_@_Seattle Warriors,2761,80.9,2794,33,2510,19.1,2477,-33
364,06/21/26,Real Bacon,2,Not Sure 6,5,Division 6D,Division 6D,REG,06/21/26_Real Bacon_@_Not Sure 6,2340,53.1,2274,-66,2319,46.9,2385,66
365,06/21/26,Seattle Freeze,3,Hampton West Hockey Club,4,Division 6D,Division 6D,REG,06/21/26_Seattle Freeze_@_Hampton West Hockey Club,2190,32.2,2168,-22,2320,67.8,2342,22
366,06/21/26,Blackouts,6,Spicy Kittens HC-8,7,Division 8A,Division 8A,REG,06/21/26_Blackouts_@_Spicy Kittens HC-8,1731,45.7,1698,-33,1760,54.3,1793,33
367,06/21/26,Nordekes,6,LKI,2,Division 7B,Division 7A,REG,06/21/26_Nordekes_@_LKI,1862,39.6,1951,89,1935,60.4,1846,-89
368,06/21/26,Trash Pandas 7/Coyotes,2,Blades,3,Division 6C,Division 6C,REG,06/21/26_Trash Pandas 7/Coyotes_@_Blades,2565,58.5,2524,-41,2506,41.5,2548,42
369,06/21/26,Iced Awesome,0,Fluffy Bunnies,7,Division 7A,Division 7A,REG,06/21/26_Iced Awesome_@_Fluffy Bunnies,1857,14.1,1836,-21,2172,85.9,2193,21
370,06/22/26,Alpuckas,4,Stingers,5,Division 5C,Division 5C,REG,06/22/26_Alpuckas_@_Stingers,3087,72.1,3035,-52,2923,27.9,2975,52
371,06/22/26,Wranglers,1,Barrel Aged Brewzers,3,Division 6C,Division 6C,REG,06/22/26_Wranglers_@_Barrel Aged Brewzers,2571,49.6,2518,-53,2574,50.4,2626,52
372,06/22/26,Highlanders,7,PussyCats,2,Division 5D,Division 5D,REG,06/22/26_Highlanders_@_PussyCats,2824,57.9,2892,68,2769,42.1,2702,-67
373,06/22/26,TP6/Fossils,3,Rainier Reindeer HC-6,5,Division 6B,Division 6B,REG,06/22/26_TP6/Fossils_@_Rainier Reindeer HC-6,2492,30.9,2460,-32,2632,69.1,2664,32
374,06/22/26,Icemen,7,Squids,5,Division 6A,Division 6A,REG,06/22/26_Icemen_@_Squids,2446,36.4,2520,74,2543,63.6,2468,-75
375,06/22/26,Flying Monkeys,2,The Seals,6,Division 5D,Division 5D,REG,06/22/26_Flying Monkeys_@_The Seals,2569,6.9,2560,-9,3020,93.1,3029,9
376,06/22/26,Midnight Twist,0,Five Hole Fiends,10,Division 5C,Division 5C,REG,06/22/26_Midnight Twist_@_Five Hole Fiends,2797,27.3,2747,-50,2967,72.7,3016,49
377,06/22/26,Piranhas,3,Yetis,3,Division 5C,Division 5C,REG,06/22/26_Piranhas_@_Yetis,2979,55.9,2976,-3,2937,44.1,2940,3
378,06/22/26,Black Katz,0,Monarchs 5,1,Division 5D,Division 5D,REG,06/22/26_Black Katz_@_Monarchs 5,2699,79.4,2640,-59,2464,20.6,2522,58
379,06/23/26,Amigos,6,Not Sure 5,7,Division 5A,Division 5A,REG,06/23/26_Amigos_@_Not Sure 5,2914,51.7,2877,-37,2902,48.3,2939,37
380,06/23/26,Dead Rabbits,9,BSOD,2,Division 5A,Division 5A,REG,06/23/26_Dead Rabbits_@_BSOD,3115,58.3,3190,75,3057,41.7,2982,-75
381,06/23/26,Renegades,1,Reapers,2,Division 5B,Division 5B,REG,06/23/26_Renegades_@_Reapers,2938,50.8,2902,-36,2933,49.2,2968,35
382,06/24/26,Shockers,2,Goal Diggers,3,Division 3B,Division 3B,REG,06/24/26_Shockers_@_Goal Diggers,3561,34.6,3537,-24,3671,65.4,3695,24
383,06/24/26,Dumpster Fire,3,WKUTP-5,3,Division 5A,Division 5A,REG,06/24/26_Dumpster Fire_@_WKUTP-5,3086,37.4,3097,11,3175,62.6,3164,-11
384,06/24/26,Top Cheddar,3,Greasy Weasels,7,Division 4C,Division 4C,REG,06/24/26_Top Cheddar_@_Greasy Weasels,3197,40.5,3144,-53,3264,59.5,3317,53
385,06/24/26,Seagulls,4,Offspring,2,Division 5B,Division 5B,REG,06/24/26_Seagulls_@_Offspring,3046,76.2,3075,29,2844,23.8,2815,-29
386,06/24/26,Wolves,7,DevilFish,4,Division 4C,Division 4C,REG,06/24/26_Wolves_@_DevilFish,3292,55.7,3353,61,3252,44.3,3190,-62
387,06/24/26,Sockeyes,6,Ice-O-Topes,2,Division 5B,Division 5B,REG,06/24/26_Sockeyes_@_Ice-O-Topes,2859,60.0,2919,60,2788,40.0,2728,-60
388,06/25/26,Puckbuddies,5,The Herd,7,Division 3A,Division 3A,REG,06/25/26_Puckbuddies_@_The Herd,3968,67.1,3895,-73,3844,32.9,3917,73
389,06/25/26,Boozin Cougs,5,Rhinos,2,Division 3A,Division 3A,REG,06/25/26_Boozin Cougs_@_Rhinos,4120,80.1,4148,28,3878,19.9,3850,-28
390,06/25/26,Red Dog,4,Mavericks,3,Division 2,Division 2,REG,06/25/26_Red Dog_@_Mavericks,3974,13.4,4040,66,4297,86.6,4231,-66
391,06/25/26,Sasquatch,3,Sabercats,2,Division 3B,Division 3B,REG,06/25/26_Sasquatch_@_Sabercats,3640,50.6,3680,40,3637,49.4,3597,-40
392,06/25/26,MMHC,5,Eagles,8,Division 3A,Division 3A,REG,06/25/26_MMHC_@_Eagles,3852,35.3,3809,-43,3957,64.7,4000,43
393,06/25/26,ALTP,10,Minner''s Minions,7,Division 1,Division 1,REG,06/25/26_ALTP_@_Minner''s Minions,4439,27.8,4537,98,4605,72.2,4507,-98
394,06/25/26,Moose Knuckle,3,Skeletons,4,Division 4C,Division 4C,REG,06/25/26_Moose Knuckle_@_Skeletons,3264,44.4,3232,-32,3303,55.6,3334,31
395,06/25/26,The Brigade,4,Fighting Narwhals,7,Division 2,Division 2,REG,06/25/26_The Brigade_@_Fighting Narwhals,4122,81.9,4017,-105,3860,18.1,3966,106
396,06/25/26,Coconut Corgis,5,Chinooks,11,Division 3B,Division 3B,REG,06/25/26_Coconut Corgis_@_Chinooks,3502,22.3,3470,-32,3719,77.7,3752,33
397,06/25/26,Pheasants,1,Northwest Crabs,3,Division 2,Division 2,REG,06/25/26_Pheasants_@_Northwest Crabs,4176,21.9,4154,-22,4397,78.1,4419,22
398,06/25/26,Falcons,5,NW Stars,6,Division 1,Division 1,REG,06/25/26_Falcons_@_NW Stars,4369,60.6,4326,-43,4295,39.4,4338,43
399,06/25/26,ESB,1,Seattle Supernova,1,Division 1,Division 1,REG,06/25/26_ESB_@_Seattle Supernova,4185,45.9,4190,5,4213,54.1,4208,-5
400,06/26/26,Pond Pigeons,0,Spicy Kittens HC-8,2,Division 8A,Division 8A,REG,06/26/26_Pond Pigeons_@_Spicy Kittens HC-8,1715,39.0,1674,-41,1793,61.0,1834,41
401,06/26/26,Glow Sticks,4,Spittin'' Llamas,1,Division 8A,Division 8A,REG,06/26/26_Glow Sticks_@_Spittin'' Llamas,1564,25.9,1664,100,1746,74.1,1646,-100
402,06/27/26,Seattle Dogs,4,Lagooners,1,Division 7B,Division 7B,REG,06/27/26_Seattle Dogs_@_Lagooners,1862,29.0,1958,96,2018,71.0,1921,-97
403,06/27/26,Blackouts,6,Seal Team Sticks,1,Division 8A,Division 8A,REG,06/27/26_Blackouts_@_Seal Team Sticks,1698,63.8,1757,59,1600,36.2,1542,-58
404,06/28/26,Rainier Reindeers HC-9,1,Khaos,2,Division 9B,Division 9A,REG,06/28/26_Rainier Reindeers HC-9_@_Khaos,1347,34.0,1323,-24,1462,66.0,1485,23
405,06/28/26,Fluffy Bunnies,1,Quacken,4,Division 7A,Division 7A,REG,06/28/26_Fluffy Bunnies_@_Quacken,2193,64.5,2112,-81,2089,35.5,2171,82
406,06/28/26,Mudflaps,3,Blades,1,Division 6C,Division 6C,REG,06/28/26_Mudflaps_@_Blades,2234,14.1,2332,98,2548,85.9,2450,-98
407,06/28/26,Purple Puck Eaters,8,Red Zeppelin,5,Division 9B,Division 9B,REG,06/28/26_Purple Puck Eaters_@_Red Zeppelin,1041,32.2,1133,92,1170,67.8,1078,-92
408,06/28/26,Maelstrom,2,The Axolotls,2,Division 10B,Division 10B,REG,06/28/26_Maelstrom_@_The Axolotls,1107,57.8,1103,-4,1053,42.2,1057,4
409,06/28/26,Highlanders,1,Black Katz,6,Division 5D,Division 5D,REG,06/28/26_Highlanders_@_Black Katz,2892,80.9,2773,-119,2640,19.1,2759,119
410,06/28/26,Roughnecks Mobile Infantry,4,Nordekes,3,Division 7B,Division 7B,REG,06/28/26_Roughnecks Mobile Infantry_@_Nordekes,1837,34.2,1888,51,1951,65.8,1899,-52
411,06/28/26,Fighting Clams,8,Yacht Flippers,2,Division 9A,Division 9A,REG,06/28/26_Fighting Clams_@_Yacht Flippers,1442,52.1,1523,81,1427,47.9,1347,-80
412,06/28/26,Not Sure 6,5,Hampton West Hockey Club,2,Division 6D,Division 6D,REG,06/28/26_Not Sure 6_@_Hampton West Hockey Club,2385,56.1,2446,61,2342,43.9,2281,-61
413,06/28/26,Tropical Punchers,4,Spicy Kittens HC-9,4,Division 9B,Division 9B,REG,06/28/26_Tropical Punchers_@_Spicy Kittens HC-9,1174,64.4,1165,-9,1071,35.6,1079,8
414,06/28/26,Hackers,2,Greenhorns,4,Division 6B,Division 6B,REG,06/28/26_Hackers_@_Greenhorns,2297,13.3,2283,-14,2623,86.7,2636,13
415,06/28/26,Real Bacon,0,Trash Pandas Garbage Legacy,4,Division 6D,Division 6D,REG,06/28/26_Real Bacon_@_Trash Pandas Garbage Legacy,2274,66.7,2184,-90,2154,33.3,2244,90
416,06/28/26,Gremlins Hockey,1,Orange Crush,4,Division 9B,Division 9A,REG,06/28/26_Gremlins Hockey_@_Orange Crush,1208,9.7,1197,-11,1596,90.3,1608,12
417,06/28/26,Hungry Hatchlings,0,Seattle Slapshots,8,Division 8B,Division 8B,REG,06/28/26_Hungry Hatchlings_@_Seattle Slapshots,1525,23.1,1487,-38,1734,76.9,1771,37
418,06/28/26,Birrds,7,LKI,5,Division 7A,Division 7A,REG,06/28/26_Birrds_@_LKI,2016,72.7,2049,33,1846,27.3,1813,-33
419,06/28/26,SEA Cucumbers,2,Toe Dragons,1,Division 8B,Division 8B,REG,06/28/26_SEA Cucumbers_@_Toe Dragons,1568,36.5,1617,49,1664,63.5,1614,-50
420,06/28/26,Beer Dragons,4,Banana Guardians,2,Division 10A,Division 10A,REG,06/28/26_Beer Dragons_@_Banana Guardians,909,52.5,965,56,891,47.5,835,-56
421,06/28/26,Rip-Its,5,Galactic Penguins,0,Division 10B,Division 10B,REG,06/28/26_Rip-Its_@_Galactic Penguins,958,56.1,1029,71,916,43.9,846,-70
422,06/28/26,Iced Awesome,5,Los Tigres,2,Division 7A,Division 7A,REG,06/28/26_Iced Awesome_@_Los Tigres,1836,23.3,1939,103,2043,76.7,1939,-104
423,06/28/26,Pythons,3,Purple Reign,1,Division 8B,Division 8B,REG,06/28/26_Pythons_@_Purple Reign,1662,78.5,1688,26,1437,21.5,1411,-26
424,06/28/26,Brewzers OGB,7,Icemen,3,Division 6A,Division 6A,REG,06/28/26_Brewzers OGB_@_Icemen,2794,82.9,2821,27,2520,17.1,2494,-26
425,06/28/26,Chucklepucks,4,Seattle Freeze,4,Division 6D,Division 6D,REG,06/28/26_Chucklepucks_@_Seattle Freeze,2444,83.0,2420,-24,2168,17.0,2192,24
426,06/28/26,Ice Breakers,8,Doom Clouds/Golden Mules,1,Division 10A,Division 10A,REG,06/28/26_Ice Breakers_@_Doom Clouds/Golden Mules,1166,58.0,1241,75,1110,42.0,1034,-76
427,06/28/26,Redrum,1,Mad Hat Tricks,4,Division 10B,Division 10B,REG,06/28/26_Redrum_@_Mad Hat Tricks,751,8.9,740,-11,1155,91.1,1165,10
428,06/28/26,Flying Monkeys,4,Monarchs 5,4,Division 5D,Division 5D,REG,06/28/26_Flying Monkeys_@_Monarchs 5,2560,55.5,2558,-2,2522,44.5,2524,2
429,06/28/26,Raiders,1,Wranglers,3,Division 6C,Division 6C,REG,06/28/26_Raiders_@_Wranglers,2382,31.3,2349,-33,2518,68.7,2551,33
430,06/28/26,Rainier Reindeer HC-6,1,Monarchs 6,3,Division 6B,Division 6B,REG,06/28/26_Rainier Reindeer HC-6_@_Monarchs 6,2664,47.3,2614,-50,2682,52.7,2732,50
431,06/28/26,Blackbirds,3,Mighty Moose,0,Division 9A,Division 9A,REG,06/28/26_Blackbirds_@_Mighty Moose,1457,39.7,1540,83,1530,60.3,1447,-83
432,06/28/26,Seattle Seals,5,BLU Bombers,4,Division 7B,Division 7B,REG,06/28/26_Seattle Seals_@_BLU Bombers,1774,28.3,1830,56,1936,71.7,1880,-56
433,06/28/26,Honey Badgers,4,Seattle Warriors,4,Division 6A,Division 6A,REG,06/28/26_Honey Badgers_@_Seattle Warriors,2753,83.1,2729,-24,2477,16.9,2500,23
434,06/29/26,Alpuckas,4,Piranhas,5,Division 5C,Division 5C,REG,06/29/26_Alpuckas_@_Piranhas,3035,58.4,2993,-42,2976,41.6,3018,42
435,06/29/26,BSOD,4,WKUTP-5,4,Division 5A,Division 5A,REG,06/29/26_BSOD_@_WKUTP-5,2982,26.0,3002,20,3164,74.0,3144,-20
436,06/29/26,Reapers,4,Offspring,4,Division 5B,Division 5B,REG,06/29/26_Reapers_@_Offspring,2968,70.8,2955,-13,2815,29.2,2829,14
437,06/29/26,The Seals,3,PussyCats,4,Division 5D,Division 5D,REG,06/29/26_The Seals_@_PussyCats,3029,86.8,2965,-64,2702,13.2,2766,64
438,06/29/26,Amigos,5,Dumpster Fire,9,Division 5A,Division 5A,REG,06/29/26_Amigos_@_Dumpster Fire,2877,22.0,2849,-28,3097,78.0,3126,29
439,06/29/26,Dirty Couch Hockey Club,7,Squids,4,Division 6A,Division 6A,REG,06/29/26_Dirty Couch Hockey Club_@_Squids,2658,74.9,2694,36,2468,25.1,2433,-35
440,06/29/26,TP6/Fossils,6,Jokres,4,Division 6B,Division 6B,REG,06/29/26_TP6/Fossils_@_Jokres,2460,34.5,2537,77,2572,65.5,2495,-77
441,06/29/26,Moose Knuckle,2,Greasy Weasels,5,Division 4C,Division 4C,REG,06/29/26_Moose Knuckle_@_Greasy Weasels,3232,38.1,3186,-46,3317,61.9,3363,46
442,06/29/26,Barrel Aged Brewzers,1,Trash Pandas 7/Coyotes,3,Division 6C,Division 6C,REG,06/29/26_Barrel Aged Brewzers_@_Trash Pandas 7/Coyotes,2626,64.3,2557,-69,2524,35.7,2593,69
443,06/29/26,Ice-O-Topes,0,Seagulls,2,Division 5B,Division 5B,REG,06/29/26_Ice-O-Topes_@_Seagulls,2728,11.9,2716,-12,3075,88.1,3088,13
444,06/30/26,Dead Rabbits,3,Not Sure 5,1,Division 5A,Division 5A,REG,06/30/26_Dead Rabbits_@_Not Sure 5,3190,81.0,3214,24,2939,19.0,2915,-24
445,06/30/26,Renegades,2,Sockeyes,7,Division 5B,Division 5B,REG,06/30/26_Renegades_@_Sockeyes,2902,47.6,2835,-67,2919,52.4,2986,67
446,06/30/26,Midnight Twist,2,Stingers,6,Division 5C,Division 5C,REG,06/30/26_Midnight Twist_@_Stingers,2747,21.2,2720,-27,2975,78.8,3002,27
447,06/30/26,LLUA,9,Kraken Up,8,Division 4B,Division 4B,REG,06/30/26_LLUA_@_Kraken Up,3445,63.8,3474,29,3346,36.2,3317,-29
448,06/30/26,Schilling Cider,5,Edible Arrangements,8,Division 4B,Division 4B,REG,06/30/26_Schilling Cider_@_Edible Arrangements,3105,19.1,3082,-23,3356,80.9,3378,22
449,06/30/26,Five Hole Fiends,4,Yetis,1,Division 5C,Division 5C,REG,06/30/26_Five Hole Fiends_@_Yetis,3016,60.8,3071,55,2940,39.2,2885,-55
450,07/01/26,DevilFish,7,Top Cheddar,2,Division 4C,Division 4C,REG,07/01/26_DevilFish_@_Top Cheddar,3190,56.6,3259,69,3144,43.4,3074,-70
451,07/01/26,Eagles,10,The Herd,4,Division 3A,Division 3A,REG,07/01/26_Eagles_@_The Herd,4000,61.8,4065,65,3917,38.2,3852,-65
452,07/01/26,Buck Wild,2,Screaming Eagles,4,Division 4A,Division 4A,REG,07/01/26_Buck Wild_@_Screaming Eagles,3372,18.5,3353,-19,3630,81.5,3648,18
453,07/01/26,Chinooks,1,Shockers,5,Division 3B,Division 3B,REG,07/01/26_Chinooks_@_Shockers,3752,77.5,3645,-107,3537,22.5,3643,106
454,07/01/26,Boozin Cougs,9,Puckbuddies,2,Division 3A,Division 3A,REG,07/01/26_Boozin Cougs_@_Puckbuddies,4148,81.1,4183,35,3895,18.9,3860,-35
455,07/01/26,Fighting Narwhals,7,Pheasants,5,Division 2,Division 2,REG,07/01/26_Fighting Narwhals_@_Pheasants,3966,25.3,4052,86,4154,74.7,4067,-87
456,07/01/26,Skeletons,5,Wolves,7,Division 4C,Division 4C,REG,07/01/26_Skeletons_@_Wolves,3334,47.2,3284,-50,3353,52.8,3403,50
457,07/02/26,Falcons,4,ALTP,5,Division 1,Division 1,REG,07/02/26_Falcons_@_ALTP,4326,22.9,4310,-16,4537,77.1,4553,16
458,07/02/26,Maple Bars,7,Steelhead,5,Division 4A,Division 4A,REG,07/02/26_Maple Bars_@_Steelhead,3471,56.9,3522,51,3423,43.1,3371,-52
459,07/02/26,MMHC,10,Rhinos,13,Division 3A,Division 3A,REG,07/02/26_MMHC_@_Rhinos,3809,44.1,3754,-55,3850,55.9,3904,54
460,07/02/26,Sasquatch,2,Coconut Corgis,6,Division 3B,Division 3B,REG,07/02/26_Sasquatch_@_Coconut Corgis,3680,77.0,3574,-106,3470,23.0,3575,105
461,07/02/26,ESB,5,Minner''s Minions,8,Division 1,Division 1,REG,07/02/26_ESB_@_Minner''s Minions,4190,13.9,4174,-16,4507,86.1,4524,17
462,07/02/26,Mighty Mallards,4,Hooligans,3,Division 4B,Division 4B,REG,07/02/26_Mighty Mallards_@_Hooligans,3270,29.1,3325,55,3425,70.9,3370,-55
463,07/02/26,Northwest Crabs,4,Mavericks,2,Division 2,Division 2,REG,07/02/26_Northwest Crabs_@_Mavericks,4419,74.7,4450,31,4231,25.3,4201,-30
464,07/02/26,Seattle Supernova,3,NW Stars,6,Division 1,Division 1,REG,07/02/26_Seattle Supernova_@_NW Stars,4208,32.1,4169,-39,4338,67.9,4377,39
465,07/02/26,Sabercats,2,Goal Diggers,3,Division 3B,Division 3B,REG,07/02/26_Sabercats_@_Goal Diggers,3597,36.3,3572,-25,3695,63.7,3720,25
466,07/02/26,Night Owls,2,Skateful Dead,7,Division 4A,Division 4A,REG,07/02/26_Night Owls_@_Skateful Dead,3487,67.5,3389,-98,3359,32.5,3457,98
467,07/02/26,Chiefs,6,The Brigade,1,Division 2,Division 2,REG,07/02/26_Chiefs_@_The Brigade,4064,56.7,4133,69,4017,43.3,3948,-69
468,07/02/26,Red Dog,8,The Mighty Geoducks,7,Division 2,Division 2,REG,07/02/26_Red Dog_@_The Mighty Geoducks,4040,35.4,4090,50,4144,64.6,4094,-50
469,07/05/26,Hampton West Hockey Club,7,Trash Pandas Garbage Legacy,0,Division 6D,Division 6D,REG,07/05/26_Hampton West Hockey Club_@_Trash Pandas Garbage Legacy,2281,55.3,2361,80,2244,44.7,2164,-80
470,07/05/26,Chucklepucks,4,Real Bacon,1,Division 6D,Division 6D,REG,07/05/26_Chucklepucks_@_Real Bacon,2420,79.6,2449,29,2184,20.4,2155,-29
471,07/05/26,Gremlins Hockey,2,Blackbirds,13,Division 9B,Division 9A,REG,07/05/26_Gremlins Hockey_@_Blackbirds,1197,12.2,1174,-23,1540,87.8,1563,23
472,07/05/26,Monarchs 6,3,Jokres,3,Division 6B,Division 6B,REG,07/05/26_Monarchs 6_@_Jokres,2732,79.7,2712,-20,2495,20.3,2516,21
473,07/05/26,Spicy Kittens HC-9,6,Red Zeppelin,2,Division 9B,Division 9B,REG,07/05/26_Spicy Kittens HC-9_@_Red Zeppelin,1079,50.3,1153,74,1078,49.7,1004,-74
474,07/05/26,Pond Pigeons,5,Blackouts,3,Division 8A,Division 8A,REG,07/05/26_Pond Pigeons_@_Blackouts,1674,38.3,1746,72,1757,61.7,1684,-73
475,07/05/26,Yacht Flippers,0,Orange Crush,1,Division 9A,Division 9A,REG,07/05/26_Yacht Flippers_@_Orange Crush,1347,18.2,1334,-13,1608,81.8,1620,12
476,07/05/26,Fluffy Bunnies,8,LKI,0,Division 7A,Division 7A,REG,07/05/26_Fluffy Bunnies_@_LKI,2112,84.8,2141,29,1813,15.2,1784,-29
477,07/05/26,Redrum,2,Maelstrom,3,Division 10B,Division 10B,REG,07/05/26_Redrum_@_Maelstrom,740,11.0,733,-7,1103,89.0,1111,8
478,07/05/26,Nordekes,7,Lagooners,4,Division 7B,Division 7B,REG,07/05/26_Nordekes_@_Lagooners,1899,46.8,1973,74,1921,53.2,1848,-73
479,07/05/26,BLU Bombers,9,Seattle Dogs,0,Division 7B,Division 7B,REG,07/05/26_BLU Bombers_@_Seattle Dogs,1880,38.9,2000,120,1958,61.1,1839,-119
480,07/05/26,Glow Sticks,7,Seal Team Sticks,1,Division 8A,Division 8A,REG,07/05/26_Glow Sticks_@_Seal Team Sticks,1664,66.9,1721,57,1542,33.1,1485,-57
481,07/05/26,Hungry Hatchlings,6,SEA Cucumbers,3,Division 8B,Division 8B,REG,07/05/26_Hungry Hatchlings_@_SEA Cucumbers,1487,32.2,1580,93,1617,67.8,1525,-92
482,07/05/26,Doom Clouds/Golden Mules,2,Beer Dragons,3,Division 10A,Division 10A,REG,07/05/26_Doom Clouds/Golden Mules_@_Beer Dragons,1034,59.8,991,-43,965,40.2,1008,43
483,07/05/26,Rip-Its,4,Mad Hat Tricks,3,Division 10B,Division 10B,REG,07/05/26_Rip-Its_@_Mad Hat Tricks,1029,31.3,1082,53,1165,68.7,1112,-53
484,07/05/26,Barrel Aged Brewzers,4,Raiders,4,Division 6C,Division 6C,REG,07/05/26_Barrel Aged Brewzers_@_Raiders,2557,76.7,2538,-19,2349,23.3,2368,19
485,07/05/26,Galactic Penguins,0,The Axolotls,3,Division 10B,Division 10B,REG,07/05/26_Galactic Penguins_@_The Axolotls,846,22.9,819,-27,1057,77.1,1084,27
486,07/05/26,Banana Guardians,1,Ice Breakers,9,Division 10A,Division 10A,REG,07/05/26_Banana Guardians_@_Ice Breakers,835,8.8,821,-14,1241,91.2,1255,14
487,07/05/26,Fighting Clams,0,Mighty Moose,2,Division 9A,Division 9A,REG,07/05/26_Fighting Clams_@_Mighty Moose,1523,60.7,1457,-66,1447,39.3,1513,66
488,07/05/26,Mudflaps,5,Trash Pandas 7/Coyotes,2,Division 6C,Division 6C,REG,07/05/26_Mudflaps_@_Trash Pandas 7/Coyotes,2332,18.2,2442,110,2593,81.8,2484,-109
489,07/05/26,Purple Puck Eaters,2,Khaos,8,Division 9B,Division 9A,REG,07/05/26_Purple Puck Eaters_@_Khaos,1133,11.6,1116,-17,1485,88.4,1502,17
490,07/05/26,Not Sure 6,10,Seattle Freeze,3,Division 6D,Division 6D,REG,07/05/26_Not Sure 6_@_Seattle Freeze,2446,81.2,2481,35,2192,18.8,2157,-35
491,07/05/26,Tropical Punchers,1,Rainier Reindeers HC-9,4,Division 9B,Division 9B,REG,07/05/26_Tropical Punchers_@_Rainier Reindeers HC-9,1165,28.7,1130,-35,1323,71.3,1358,35
492,07/05/26,Spittin'' Llamas,6,Spicy Kittens HC-8,3,Division 8A,Division 8A,REG,07/05/26_Spittin'' Llamas_@_Spicy Kittens HC-8,1646,25.4,1747,101,1834,74.6,1733,-101
493,07/05/26,Rainier Reindeer HC-6,9,Hackers,4,Division 6B,Division 6B,REG,07/05/26_Rainier Reindeer HC-6_@_Hackers,2614,87.0,2635,21,2283,13.0,2262,-21
494,07/05/26,Roughnecks Mobile Infantry,4,Seattle Seals,2,Division 7B,Division 7B,REG,07/05/26_Roughnecks Mobile Infantry_@_Seattle Seals,1888,58.3,1938,50,1830,41.7,1780,-50
495,07/05/26,Pythons,4,Seattle Slapshots,3,Division 8B,Division 8B,REG,07/05/26_Pythons_@_Seattle Slapshots,1688,38.3,1737,49,1771,61.7,1723,-48
496,07/05/26,Purple Reign,1,Toe Dragons,5,Division 8B,Division 8B,REG,07/05/26_Purple Reign_@_Toe Dragons,1411,23.7,1381,-30,1614,76.3,1645,31
497,07/05/26,Iced Awesome,3,Birrds,5,Division 7A,Division 7A,REG,07/05/26_Iced Awesome_@_Birrds,1939,34.6,1903,-36,2049,65.4,2086,37
498,07/05/26,Quacken,5,Los Tigres,2,Division 7A,Division 7A,REG,07/05/26_Quacken_@_Los Tigres,2171,79.1,2200,29,1939,20.9,1910,-29
499,07/06/26,Honey Badgers,5,Brewzers OGB,6,Division 6A,Division 6A,REG,07/06/26_Honey Badgers_@_Brewzers OGB,2729,37.2,2703,-26,2821,62.8,2847,26
500,07/06/26,Midnight Twist,0,Alpuckas,1,Division 5C,Division 5C,REG,07/06/26_Midnight Twist_@_Alpuckas,2720,17.2,2708,-12,2993,82.8,3005,12
501,07/06/26,Yetis,1,Stingers,5,Division 5C,Division 5C,REG,07/06/26_Yetis_@_Stingers,2885,33.7,2841,-44,3002,66.3,3046,44
502,07/06/26,Greenhorns,2,TP6/Fossils,3,Division 6B,Division 6B,REG,07/06/26_Greenhorns_@_TP6/Fossils,2636,63.9,2590,-46,2537,36.1,2583,46
503,07/06/26,Squids,4,Seattle Warriors,4,Division 6A,Division 6A,REG,07/06/26_Squids_@_Seattle Warriors,2433,40.4,2442,9,2500,59.6,2491,-9
504,07/06/26,Blades,3,Wranglers,4,Division 6C,Division 6C,REG,07/06/26_Blades_@_Wranglers,2450,35.8,2425,-25,2551,64.2,2576,25
505,07/06/26,Five Hole Fiends,5,Piranhas,3,Division 5C,Division 5C,REG,07/06/26_Five Hole Fiends_@_Piranhas,3071,57.6,3122,51,3018,42.4,2967,-51
506,07/06/26,Flying Monkeys,3,Black Katz,3,Division 5D,Division 5D,REG,07/06/26_Flying Monkeys_@_Black Katz,2558,23.9,2579,21,2759,76.1,2738,-21
507,07/06/26,Dirty Couch Hockey Club,0,Icemen,3,Division 6A,Division 6A,REG,07/06/26_Dirty Couch Hockey Club_@_Icemen,2694,76.0,2597,-97,2494,24.0,2591,97
508,07/06/26,The Seals,6,Highlanders,2,Division 5D,Division 5D,REG,07/06/26_The Seals_@_Highlanders,2965,75.1,3003,38,2773,24.9,2735,-38
509,07/07/26,Reapers,4,Seagulls,6,Division 5B,Division 5B,REG,07/07/26_Reapers_@_Seagulls,2955,31.8,2922,-33,3088,68.2,3121,33
510,07/07/26,PussyCats,6,Monarchs 5,7,Division 5D,Division 5D,REG,07/07/26_PussyCats_@_Monarchs 5,2766,80.1,2707,-59,2524,19.9,2583,59
511,07/07/26,Greasy Weasels,5,Wolves,1,Division 4C,Division 4C,REG,07/07/26_Greasy Weasels_@_Wolves,3363,44.3,3446,83,3403,55.7,3321,-82
512,07/07/26,WKUTP-5,4,Not Sure 5,0,Division 5A,Division 5A,REG,07/07/26_WKUTP-5_@_Not Sure 5,3144,78.9,3176,32,2915,21.1,2883,-32
513,07/07/26,Edible Arrangements,5,Mighty Mallards,4,Division 4B,Division 4B,REG,07/07/26_Edible Arrangements_@_Mighty Mallards,3378,57.6,3412,34,3325,42.4,3291,-34
514,07/08/26,Chiefs,7,Red Dog,4,Division 2,Division 2,REG,07/08/26_Chiefs_@_Red Dog,4133,56.1,4194,61,4090,43.9,4029,-61
515,07/08/26,Sabercats,2,Shockers,3,Division 3B,Division 3B,REG,07/08/26_Sabercats_@_Shockers,3572,40.0,3544,-28,3643,60.0,3671,28
516,07/08/26,MMHC,3,Boozin Cougs,13,Division 3A,Division 3A,REG,07/08/26_MMHC_@_Boozin Cougs,3754,7.8,3741,-13,4183,92.2,4197,14
517,07/08/26,Offspring,5,Sockeyes,4,Division 5B,Division 5B,REG,07/08/26_Offspring_@_Sockeyes,2829,28.8,2884,55,2986,71.2,2931,-55
518,07/08/26,Screaming Eagles,5,Maple Bars,1,Division 4A,Division 4A,REG,07/08/26_Screaming Eagles_@_Maple Bars,3648,67.4,3698,50,3522,32.6,3473,-49
519,07/08/26,Dead Rabbits,2,Amigos,4,Division 5A,Division 5A,REG,07/08/26_Dead Rabbits_@_Amigos,3214,89.1,3115,-99,2849,10.9,2948,99
520,07/08/26,Kraken Up,5,Hooligans,1,Division 4B,Division 4B,REG,07/08/26_Kraken Up_@_Hooligans,3317,42.4,3402,85,3370,57.6,3286,-84
521,07/08/26,Ice-O-Topes,7,Renegades,1,Division 5B,Division 5B,REG,07/08/26_Ice-O-Topes_@_Renegades,2716,33.6,2826,110,2835,66.4,2725,-110
522,07/08/26,Moose Knuckle,6,Top Cheddar,5,Division 4C,Division 4C,REG,07/08/26_Moose Knuckle_@_Top Cheddar,3186,65.5,3214,28,3074,34.5,3047,-27
523,07/08/26,BSOD,1,Dumpster Fire,4,Division 5A,Division 5A,REG,07/08/26_BSOD_@_Dumpster Fire,3002,32.9,2962,-40,3126,67.1,3166,40
524,07/08/26,Night Owls,1,Buck Wild,4,Division 4A,Division 4A,REG,07/08/26_Night Owls_@_Buck Wild,3389,55.2,3320,-69,3353,44.8,3422,69
525,07/09/26,NW Stars,4,Minner''s Minions,9,Division 1,Division 1,REG,07/09/26_NW Stars_@_Minner''s Minions,4377,30.1,4336,-41,4524,69.9,4565,41
526,07/09/26,Mavericks,2,Fighting Narwhals,4,Division 2,Division 2,REG,07/09/26_Mavericks_@_Fighting Narwhals,4201,70.2,4124,-77,4052,29.8,4128,76
527,07/09/26,Sasquatch,12,Chinooks,8,Division 3B,Division 3B,REG,07/09/26_Sasquatch_@_Chinooks,3574,39.9,3662,88,3645,60.1,3557,-88
528,07/09/26,Eagles,5,Puckbuddies,4,Division 3A,Division 3A,REG,07/09/26_Eagles_@_Puckbuddies,4065,76.5,4084,19,3860,23.5,3841,-19
529,07/09/26,Seattle Supernova,5,Falcons,3,Division 1,Division 1,REG,07/09/26_Seattle Supernova_@_Falcons,4169,30.8,4250,81,4310,69.2,4230,-80
530,07/09/26,Northwest Crabs,14,The Mighty Geoducks,2,Division 2,Division 2,REG,07/09/26_Northwest Crabs_@_The Mighty Geoducks,4450,88.6,4477,27,4094,11.4,4067,-27
531,07/09/26,The Herd,5,Rhinos,7,Division 3A,Division 3A,REG,07/09/26_The Herd_@_Rhinos,3852,42.5,3807,-45,3904,57.5,3949,45
532,07/09/26,DevilFish,2,Skeletons,4,Division 4C,Division 4C,REG,07/09/26_DevilFish_@_Skeletons,3259,46.4,3210,-49,3284,53.6,3333,49
533,07/09/26,LLUA,8,Schilling Cider,2,Division 4B,Division 4B,REG,07/09/26_LLUA_@_Schilling Cider,3474,90.5,3491,17,3082,9.5,3065,-17
534,07/09/26,Pheasants,2,The Brigade,5,Division 2,Division 2,REG,07/09/26_Pheasants_@_The Brigade,4067,66.5,3983,-84,3948,33.5,4032,84
535,07/09/26,ESB,8,ALTP,5,Division 1,Division 1,REG,07/09/26_ESB_@_ALTP,4174,10.1,4293,119,4553,89.9,4433,-120
536,07/09/26,Goal Diggers,2,Coconut Corgis,2,Division 3B,Division 3B,REG,07/09/26_Goal Diggers_@_Coconut Corgis,3720,69.8,3707,-13,3575,30.2,3588,13
537,07/09/26,Steelhead,6,Skateful Dead,6,Division 4A,Division 4A,REG,07/09/26_Steelhead_@_Skateful Dead,3371,37.9,3382,11,3457,62.1,3446,-11
538,07/12/26,Los Tigres,4,LKI,4,Division 7A,Division 7A,REG,07/12/26_Los Tigres_@_LKI,1910,67.4,1898,-12,1784,32.6,1795,11
539,07/12/26,Quacken,1,Iced Awesome,1,Division 7A,Division 7A,REG,07/12/26_Quacken_@_Iced Awesome,2200,84.7,2176,-24,1903,15.3,1928,25
540,07/12/26,Nordekes,6,Seattle Dogs,3,Division 7B,Division 7B,REG,07/12/26_Nordekes_@_Seattle Dogs,1973,68.4,2017,44,1839,31.6,1794,-45
541,07/12/26,Spicy Kittens HC-9,3,Purple Puck Eaters,5,Division 9B,Division 9B,REG,07/12/26_Spicy Kittens HC-9_@_Purple Puck Eaters,1153,55.3,1094,-59,1116,44.7,1175,59
542,07/12/26,Pythons,9,Hungry Hatchlings,1,Division 8B,Division 8B,REG,07/12/26_Pythons_@_Hungry Hatchlings,1737,71.2,1792,55,1580,28.8,1524,-56
543,07/12/26,Doom Clouds/Golden Mules,1,Banana Guardians,1,Division 10A,Division 10A,REG,07/12/26_Doom Clouds/Golden Mules_@_Banana Guardians,991,72.8,976,-15,821,27.2,836,15
544,07/12/26,Fluffy Bunnies,2,Birrds,5,Division 7A,Division 7A,REG,07/12/26_Fluffy Bunnies_@_Birrds,2141,58.0,2069,-72,2086,42.0,2158,72
545,07/12/26,Purple Reign,1,SEA Cucumbers,5,Division 8B,Division 8B,REG,07/12/26_Purple Reign_@_SEA Cucumbers,1381,30.4,1341,-40,1525,69.6,1564,39
546,07/12/26,Orange Crush,2,Mighty Moose,2,Division 9A,Division 9A,REG,07/12/26_Orange Crush_@_Mighty Moose,1620,65.0,1611,-9,1513,35.0,1522,9
547,07/12/26,Hampton West Hockey Club,5,Real Bacon,5,Division 6D,Division 6D,REG,07/12/26_Hampton West Hockey Club_@_Real Bacon,2361,76.6,2343,-18,2155,23.4,2173,18
548,07/12/26,Beer Dragons,1,Ice Breakers,2,Division 10A,Division 10A,REG,07/12/26_Beer Dragons_@_Ice Breakers,1008,19.4,995,-13,1255,80.6,1269,14
549,07/12/26,Not Sure 6,3,Chucklepucks,3,Division 6D,Division 6D,REG,07/12/26_Not Sure 6_@_Chucklepucks,2481,54.5,2480,-1,2449,45.5,2451,2
550,07/12/26,BLU Bombers,2,Roughnecks Mobile Infantry,3,Division 7B,Division 7B,REG,07/12/26_BLU Bombers_@_Roughnecks Mobile Infantry,2000,58.7,1958,-42,1938,41.3,1980,42
551,07/12/26,Lagooners,7,Seattle Seals,5,Division 7B,Division 7B,REG,07/12/26_Lagooners_@_Seattle Seals,1848,59.7,1896,48,1780,40.3,1732,-48
552,07/12/26,Fighting Clams,0,Blackbirds,8,Division 9A,Division 9A,REG,07/12/26_Fighting Clams_@_Blackbirds,1457,35.3,1399,-58,1563,64.7,1621,58
553,07/12/26,Galactic Penguins,1,Maelstrom,2,Division 10B,Division 10B,REG,07/12/26_Galactic Penguins_@_Maelstrom,819,15.7,808,-11,1111,84.3,1122,11
554,07/12/26,Toe Dragons,0,Seattle Slapshots,6,Division 8B,Division 8B,REG,07/12/26_Toe Dragons_@_Seattle Slapshots,1645,38.9,1587,-58,1723,61.1,1781,58
555,07/12/26,Rainier Reindeer HC-6,3,Greenhorns,6,Division 6B,Division 6B,REG,07/12/26_Rainier Reindeer HC-6_@_Greenhorns,2635,56.4,2565,-70,2590,43.6,2661,71
556,07/12/26,Glow Sticks,4,Blackouts,4,Division 8A,Division 8A,REG,07/12/26_Glow Sticks_@_Blackouts,1721,55.2,1719,-2,1684,44.8,1686,2
557,07/12/26,Red Zeppelin,0,Rainier Reindeers HC-9,1,Division 9B,Division 9B,REG,07/12/26_Red Zeppelin_@_Rainier Reindeers HC-9,1004,11.5,996,-8,1358,88.5,1366,8
558,07/12/26,Monarchs 6,5,TP6/Fossils,2,Division 6B,Division 6B,REG,07/12/26_Monarchs 6_@_TP6/Fossils,2712,67.7,2757,45,2583,32.3,2537,-46
559,07/12/26,Rip-Its,10,Redrum,0,Division 10B,Division 10B,REG,07/12/26_Rip-Its_@_Redrum,1082,88.2,1107,25,733,11.8,707,-26
560,07/12/26,Trash Pandas Garbage Legacy,3,Seattle Freeze,2,Division 6D,Division 6D,REG,07/12/26_Trash Pandas Garbage Legacy_@_Seattle Freeze,2164,51.0,2203,39,2157,49.0,2118,-39
561,07/12/26,Mudflaps,2,Barrel Aged Brewzers,3,Division 6C,Division 6C,REG,07/12/26_Mudflaps_@_Barrel Aged Brewzers,2442,36.4,2416,-26,2538,63.6,2564,26
562,07/12/26,Spicy Kittens HC-8,3,Seal Team Sticks,1,Division 8A,Division 8A,REG,07/12/26_Spicy Kittens HC-8_@_Seal Team Sticks,1733,80.6,1757,24,1485,19.4,1461,-24
563,07/12/26,Blades,2,Raiders,4,Division 6C,Division 6C,REG,07/12/26_Blades_@_Raiders,2425,58.1,2362,-63,2368,41.9,2430,62
564,07/12/26,Yacht Flippers,4,Gremlins Hockey,3,Division 9A,Division 9B,REG,07/12/26_Yacht Flippers_@_Gremlins Hockey,1334,71.5,1357,23,1174,28.5,1151,-23
565,07/12/26,The Axolotls,5,Mad Hat Tricks,1,Division 10B,Division 10B,REG,07/12/26_The Axolotls_@_Mad Hat Tricks,1084,46.0,1164,80,1112,54.0,1032,-80
566,07/12/26,Khaos,6,Tropical Punchers,0,Division 9A,Division 9B,REG,07/12/26_Khaos_@_Tropical Punchers,1502,89.5,1520,18,1130,10.5,1112,-18
567,07/12/26,Spittin'' Llamas,4,Pond Pigeons,4,Division 8A,Division 8A,REG,07/12/26_Spittin'' Llamas_@_Pond Pigeons,1747,50.1,1749,2,1746,49.9,1744,-2
568,07/13/26,Black Katz,2,The Seals,5,Division 5D,Division 5D,REG,07/13/26_Black Katz_@_The Seals,2738,17.9,2717,-21,3003,82.1,3024,21
569,07/13/26,Reapers,6,Ice-O-Topes,3,Division 5B,Division 5B,REG,07/13/26_Reapers_@_Ice-O-Topes,2922,63.4,2973,51,2826,36.6,2775,-51
570,07/13/26,Yetis,5,Midnight Twist,4,Division 5C,Division 5C,REG,07/13/26_Yetis_@_Midnight Twist,2841,68.2,2867,26,2708,31.8,2683,-25
571,07/13/26,Stingers,7,Piranhas,1,Division 5C,Division 5C,REG,07/13/26_Stingers_@_Piranhas,3046,61.2,3112,66,2967,38.8,2901,-66
572,07/13/26,PussyCats,7,Flying Monkeys,5,Division 5D,Division 5D,REG,07/13/26_PussyCats_@_Flying Monkeys,2707,67.6,2746,39,2579,32.4,2540,-39
573,07/13/26,Squids,2,Honey Badgers,4,Division 6A,Division 6A,REG,07/13/26_Squids_@_Honey Badgers,2442,18.2,2423,-19,2703,81.8,2722,19
574,07/13/26,Dirty Couch Hockey Club,2,Brewzers OGB,3,Division 6A,Division 6A,REG,07/13/26_Dirty Couch Hockey Club_@_Brewzers OGB,2597,19.2,2584,-13,2847,80.8,2860,13
575,07/13/26,Jokres,5,Hackers,1,Division 6B,Division 6B,REG,07/13/26_Jokres_@_Hackers,2516,81.2,2545,29,2262,18.8,2233,-29
576,07/13/26,Wranglers,2,Trash Pandas 7/Coyotes,4,Division 6C,Division 6C,REG,07/13/26_Wranglers_@_Trash Pandas 7/Coyotes,2576,63.0,2508,-68,2484,37.0,2552,68
577,07/13/26,Monarchs 5,2,Highlanders,8,Division 5D,Division 5D,REG,07/13/26_Monarchs 5_@_Highlanders,2583,29.5,2540,-43,2735,70.5,2778,43
578,07/13/26,Seattle Warriors,7,Icemen,6,Division 6A,Division 6A,REG,07/13/26_Seattle Warriors_@_Icemen,2491,36.0,2541,50,2591,64.0,2541,-50
579,07/14/26,Edible Arrangements,6,LLUA,2,Division 4B,Division 4B,REG,07/14/26_Edible Arrangements_@_LLUA,3412,38.9,3502,90,3491,61.1,3401,-90
580,07/14/26,Kraken Up,1,Mighty Mallards,5,Division 4B,Division 4B,REG,07/14/26_Kraken Up_@_Mighty Mallards,3402,65.4,3314,-88,3291,34.6,3380,89
581,07/14/26,Moose Knuckle,1,DevilFish,3,Division 4C,Division 4C,REG,07/14/26_Moose Knuckle_@_DevilFish,3214,50.5,3160,-54,3210,49.5,3264,54
582,07/14/26,Wolves,4,Top Cheddar,8,Division 4C,Division 4C,REG,07/14/26_Wolves_@_Top Cheddar,3321,82.9,3207,-114,3047,17.1,3161,114
583,07/14/26,Sockeyes,1,Seagulls,8,Division 5B,Division 5B,REG,07/14/26_Sockeyes_@_Seagulls,2931,25.1,2892,-39,3121,74.9,3159,38
584,07/14/26,WKUTP-5,2,Dead Rabbits,5,Division 5A,Division 5A,REG,07/14/26_WKUTP-5_@_Dead Rabbits,3176,58.8,3103,-73,3115,41.2,3188,73
585,07/15/26,Pheasants,1,Chiefs,8,Division 2,Division 2,REG,07/15/26_Pheasants_@_Chiefs,3983,22.9,3948,-35,4194,77.1,4229,35
586,07/15/26,Not Sure 5,1,Dumpster Fire,6,Division 5A,Division 5A,REG,07/15/26_Not Sure 5_@_Dumpster Fire,2883,16.4,2861,-22,3166,83.6,3188,22
587,07/15/26,Greasy Weasels,2,Skeletons,2,Division 4C,Division 4C,REG,07/15/26_Greasy Weasels_@_Skeletons,3446,65.7,3436,-10,3333,34.3,3343,10
588,07/15/26,BSOD,3,Amigos,5,Division 5A,Division 5A,REG,07/15/26_BSOD_@_Amigos,2962,52.0,2906,-56,2948,48.0,3003,55
589,07/15/26,The Herd,12,MMHC,8,Division 3A,Division 3A,REG,07/15/26_The Herd_@_MMHC,3807,59.4,3868,61,3741,40.6,3680,-61
590,07/15/26,Buck Wild,3,Maple Bars,1,Division 4A,Division 4A,REG,07/15/26_Buck Wild_@_Maple Bars,3422,42.7,3489,67,3473,57.3,3405,-68
591,07/15/26,Fighting Narwhals,7,The Mighty Geoducks,7,Division 2,Division 2,REG,07/15/26_Fighting Narwhals_@_The Mighty Geoducks,4128,58.7,4124,-4,4067,41.3,4072,5
592,07/15/26,Five Hole Fiends,1,Alpuckas,8,Division 5C,Division 5C,REG,07/15/26_Five Hole Fiends_@_Alpuckas,3122,66.2,3014,-108,3005,33.8,3113,108
593,07/15/26,Coconut Corgis,0,Shockers,2,Division 3B,Division 3B,REG,07/15/26_Coconut Corgis_@_Shockers,3588,38.3,3548,-40,3671,61.7,3711,40
594,07/15/26,Offspring,11,Renegades,7,Division 5B,Division 5B,REG,07/15/26_Offspring_@_Renegades,2884,71.4,2927,43,2725,28.6,2681,-44
595,07/15/26,Chinooks,5,Sabercats,7,Division 3B,Division 3B,REG,07/15/26_Chinooks_@_Sabercats,3557,51.9,3502,-55,3544,48.1,3599,55
596,07/16/26,Eagles,9,Boozin Cougs,1,Division 3A,Division 3A,REG,07/16/26_Eagles_@_Boozin Cougs,4084,34.4,4206,122,4197,65.6,4075,-122
597,07/16/26,Steelhead,4,Night Owls,4,Division 4A,Division 4A,REG,07/16/26_Steelhead_@_Night Owls,3382,58.8,3378,-4,3320,41.2,3325,5
598,07/16/26,Goal Diggers,3,Sasquatch,3,Division 3B,Division 3B,REG,07/16/26_Goal Diggers_@_Sasquatch,3707,56.4,3705,-2,3662,43.6,3665,3
599,07/16/26,Mavericks,3,The Brigade,7,Division 2,Division 2,REG,07/16/26_Mavericks_@_The Brigade,4124,63.0,4039,-85,4032,37.0,4117,85
600,07/16/26,Skateful Dead,5,Screaming Eagles,10,Division 4A,Division 4A,REG,07/16/26_Skateful Dead_@_Screaming Eagles,3446,19.0,3420,-26,3698,81.0,3724,26
601,07/16/26,Hooligans,2,Schilling Cider,5,Division 4B,Division 4B,REG,07/16/26_Hooligans_@_Schilling Cider,3286,78.0,3186,-100,3065,22.0,3165,100
602,07/16/26,Rhinos,3,Puckbuddies,5,Division 3A,Division 3A,REG,07/16/26_Rhinos_@_Puckbuddies,3949,65.0,3879,-70,3841,35.0,3911,70
603,07/16/26,ALTP,5,Seattle Supernova,1,Division 1,Division 1,REG,07/16/26_ALTP_@_Seattle Supernova,4433,74.2,4473,40,4250,25.8,4211,-39
604,07/16/26,NW Stars,4,ESB,3,Division 1,Division 1,REG,07/16/26_NW Stars_@_ESB,4336,56.1,4371,35,4293,43.9,4258,-35
605,07/16/26,Northwest Crabs,5,Red Dog,4,Division 2,Division 2,REG,07/16/26_Northwest Crabs_@_Red Dog,4477,93.0,4483,6,4029,7.0,4023,-6
606,07/16/26,Minner''s Minions,6,Falcons,2,Division 1,Division 1,REG,07/16/26_Minner''s Minions_@_Falcons,4565,87.3,4585,20,4230,12.7,4210,-20
607,07/19/26,Spicy Kittens HC-9,3,Khaos,7,Division 9B,Division 9A,REG,07/19/26_Spicy Kittens HC-9_@_Khaos,1094,7.9,1084,-10,1520,92.1,1530,10
608,07/19/26,Seattle Freeze,5,Real Bacon,7,Division 6D,Division 6D,REG,07/19/26_Seattle Freeze_@_Real Bacon,2118,42.1,2074,-44,2173,57.9,2218,45
609,07/19/26,Trash Pandas Garbage Legacy,4,Not Sure 6,3,Division 6D,Division 6D,REG,07/19/26_Trash Pandas Garbage Legacy_@_Not Sure 6,2203,16.9,2266,63,2480,83.1,2416,-64
610,07/19/26,Banana Guardians,2,Beer Dragons,4,Division 10A,Division 10A,REG,07/19/26_Banana Guardians_@_Beer Dragons,836,28.6,807,-29,995,71.4,1025,30
611,07/19/26,Mighty Moose,6,Gremlins Hockey,2,Division 9A,Division 9B,REG,07/19/26_Mighty Moose_@_Gremlins Hockey,1522,89.4,1538,16,1151,10.6,1135,-16
612,07/19/26,Trash Pandas 7/Coyotes,0,Raiders,7,Division 6C,Division 6C,REG,07/19/26_Trash Pandas 7/Coyotes_@_Raiders,2552,66.8,2443,-109,2430,33.2,2539,109
613,07/19/26,Hampton West Hockey Club,4,Chucklepucks,5,Division 6D,Division 6D,REG,07/19/26_Hampton West Hockey Club_@_Chucklepucks,2343,34.9,2318,-25,2451,65.1,2475,24
614,07/19/26,Birrds,5,Quacken,9,Division 7A,Division 7A,REG,07/19/26_Birrds_@_Quacken,2158,47.5,2095,-63,2176,52.5,2238,62
615,07/19/26,Seattle Slapshots,6,SEA Cucumbers,1,Division 8B,Division 8B,REG,07/19/26_Seattle Slapshots_@_SEA Cucumbers,1781,77.7,1817,36,1564,22.3,1528,-36
616,07/19/26,Blackbirds,5,Yacht Flippers,0,Division 9A,Division 9A,REG,07/19/26_Blackbirds_@_Yacht Flippers,1621,82.0,1650,29,1357,18.0,1328,-29
617,07/19/26,Nordekes,4,BLU Bombers,4,Division 7B,Division 7B,REG,07/19/26_Nordekes_@_BLU Bombers,2017,58.5,2013,-4,1958,41.5,1962,4
618,07/19/26,Wranglers,1,Mudflaps,4,Division 6C,Division 6C,REG,07/19/26_Wranglers_@_Mudflaps,2508,62.9,2429,-79,2416,37.1,2495,79
619,07/19/26,Spicy Kittens HC-8,1,Glow Sticks,7,Division 8A,Division 8A,REG,07/19/26_Spicy Kittens HC-8_@_Glow Sticks,1757,55.4,1673,-84,1719,44.6,1803,84
620,07/19/26,Blackouts,5,Spittin'' Llamas,0,Division 8A,Division 8A,REG,07/19/26_Blackouts_@_Spittin'' Llamas,1686,41.0,1779,93,1749,59.0,1657,-92
621,07/19/26,Los Tigres,4,Fluffy Bunnies,3,Division 7A,Division 7A,REG,07/19/26_Los Tigres_@_Fluffy Bunnies,1898,27.3,1955,57,2069,72.7,2013,-56
622,07/19/26,LKI,4,Iced Awesome,1,Division 7A,Division 7A,REG,07/19/26_LKI_@_Iced Awesome,1795,31.7,1888,93,1928,68.3,1835,-93
623,07/19/26,Seattle Seals,7,Seattle Dogs,3,Division 7B,Division 7B,REG,07/19/26_Seattle Seals_@_Seattle Dogs,1732,41.1,1818,86,1794,58.9,1708,-86
624,07/19/26,The Axolotls,4,Rip-Its,1,Division 10B,Division 10B,REG,07/19/26_The Axolotls_@_Rip-Its,1164,58.1,1223,59,1107,41.9,1049,-58
625,07/19/26,Toe Dragons,0,Pythons,1,Division 8B,Division 8B,REG,07/19/26_Toe Dragons_@_Pythons,1587,23.5,1571,-16,1792,76.5,1808,16
626,07/19/26,Purple Reign,1,Hungry Hatchlings,5,Division 8B,Division 8B,REG,07/19/26_Purple Reign_@_Hungry Hatchlings,1341,25.9,1308,-33,1524,74.1,1558,34
627,07/19/26,Red Zeppelin,4,Tropical Punchers,1,Division 9B,Division 9B,REG,07/19/26_Red Zeppelin_@_Tropical Punchers,996,33.9,1086,90,1112,66.1,1022,-90
628,07/19/26,Greenhorns,1,Monarchs 6,4,Division 6B,Division 6B,REG,07/19/26_Greenhorns_@_Monarchs 6,2661,36.5,2616,-45,2757,63.5,2802,45
629,07/19/26,Seal Team Sticks,3,Pond Pigeons,2,Division 8A,Division 8A,REG,07/19/26_Seal Team Sticks_@_Pond Pigeons,1461,16.4,1525,64,1744,83.6,1680,-64
630,07/19/26,Mad Hat Tricks,1,Maelstrom,4,Division 10B,Division 10B,REG,07/19/26_Mad Hat Tricks_@_Maelstrom,1032,37.4,986,-46,1122,62.6,1167,45
631,07/19/26,Lagooners,3,Roughnecks Mobile Infantry,2,Division 7B,Division 7B,REG,07/19/26_Lagooners_@_Roughnecks Mobile Infantry,1896,38.1,1945,49,1980,61.9,1932,-48
632,07/19/26,Ice Breakers,5,Doom Clouds/Golden Mules,1,Division 10A,Division 10A,REG,07/19/26_Ice Breakers_@_Doom Clouds/Golden Mules,1269,84.4,1293,24,976,15.6,952,-24
633,07/19/26,Rainier Reindeers HC-9,1,Purple Puck Eaters,3,Division 9B,Division 9B,REG,07/19/26_Rainier Reindeers HC-9_@_Purple Puck Eaters,1366,74.9,1284,-82,1175,25.1,1257,82
634,07/19/26,Orange Crush,9,Fighting Clams,3,Division 9A,Division 9A,REG,07/19/26_Orange Crush_@_Fighting Clams,1611,77.2,1650,39,1399,22.8,1360,-39
635,07/19/26,Galactic Penguins,6,Redrum,2,Division 10B,Division 10B,REG,07/19/26_Galactic Penguins_@_Redrum,808,64.1,862,54,707,35.9,653,-54
636,07/20/26,Seagulls,6,Renegades,2,Division 5B,Division 5B,REG,07/20/26_Seagulls_@_Renegades,3159,94.0,3169,10,2681,6.0,2672,-9
637,07/20/26,Offspring,1,Ice-O-Topes,1,Division 5B,Division 5B,REG,07/20/26_Offspring_@_Ice-O-Topes,2927,70.7,2914,-13,2775,29.3,2788,13
638,07/20/26,Seattle Warriors,2,Dirty Couch Hockey Club,6,Division 6A,Division 6A,REG,07/20/26_Seattle Warriors_@_Dirty Couch Hockey Club,2541,43.9,2483,-58,2584,56.1,2641,57
639,07/20/26,Jokres,5,Rainier Reindeer HC-6,1,Division 6B,Division 6B,REG,07/20/26_Jokres_@_Rainier Reindeer HC-6,2545,47.2,2623,78,2565,52.8,2486,-79
640,07/20/26,Stingers,3,Five Hole Fiends,2,Division 5C,Division 5C,REG,07/20/26_Stingers_@_Five Hole Fiends,3112,63.7,3141,29,3014,36.3,2985,-29
641,07/20/26,Highlanders,7,Flying Monkeys,3,Division 5D,Division 5D,REG,07/20/26_Highlanders_@_Flying Monkeys,2778,79.7,2809,31,2540,20.3,2509,-31
642,07/20/26,Icemen,3,Honey Badgers,5,Division 6A,Division 6A,REG,07/20/26_Icemen_@_Honey Badgers,2541,26.1,2514,-27,2722,73.9,2749,27
643,07/20/26,Brewzers OGB,8,Squids,5,Division 6A,Division 6A,REG,07/20/26_Brewzers OGB_@_Squids,2860,92.5,2870,10,2423,7.5,2412,-11
644,07/20/26,Piranhas,4,Midnight Twist,0,Division 5C,Division 5C,REG,07/20/26_Piranhas_@_Midnight Twist,2901,77.8,2935,34,2683,22.2,2649,-34
645,07/20/26,Alpuckas,3,Yetis,2,Division 5C,Division 5C,REG,07/20/26_Alpuckas_@_Yetis,3113,80.5,3128,15,2867,19.5,2851,-16
646,07/21/26,Monarchs 5,2,The Seals,10,Division 5D,Division 5D,REG,07/21/26_Monarchs 5_@_The Seals,2540,5.8,2531,-9,3024,94.2,3033,9
647,07/21/26,Hackers,1,TP6/Fossils,7,Division 6B,Division 6B,REG,07/21/26_Hackers_@_TP6/Fossils,2233,14.8,2212,-21,2537,85.2,2559,22
648,07/21/26,PussyCats,4,Black Katz,4,Division 5D,Division 5D,REG,07/21/26_PussyCats_@_Black Katz,2746,54.2,2745,-1,2717,45.8,2718,1
649,07/21/26,Wolves,9,Moose Knuckle,6,Division 4C,Division 4C,REG,07/21/26_Wolves_@_Moose Knuckle,3207,56.7,3267,60,3160,43.3,3100,-60
650,07/21/26,Blades,5,Barrel Aged Brewzers,3,Division 6C,Division 6C,REG,07/21/26_Blades_@_Barrel Aged Brewzers,2362,23.9,2450,88,2564,76.1,2476,-88
651,07/21/26,Sockeyes,4,Reapers,0,Division 5B,Division 5B,REG,07/21/26_Sockeyes_@_Reapers,2892,38.5,2982,90,2973,61.5,2883,-90
652,07/21/26,Kraken Up,4,Edible Arrangements,7,Division 4B,Division 4B,REG,07/21/26_Kraken Up_@_Edible Arrangements,3314,25.3,3283,-31,3502,74.7,3532,30
653,07/21/26,Not Sure 5,5,BSOD,8,Division 5A,Division 5A,REG,07/21/26_Not Sure 5_@_BSOD,2861,43.5,2807,-54,2906,56.5,2960,54
654,07/22/26,Coconut Corgis,2,Sabercats,3,Division 3B,Division 3B,REG,07/22/26_Coconut Corgis_@_Sabercats,3548,42.7,3518,-30,3599,57.3,3629,30
655,07/22/26,Skateful Dead,7,Maple Bars,0,Division 4A,Division 4A,REG,07/22/26_Skateful Dead_@_Maple Bars,3420,52.1,3506,86,3405,47.9,3320,-85
656,07/22/26,Schilling Cider,4,Mighty Mallards,3,Division 4B,Division 4B,REG,07/22/26_Schilling Cider_@_Mighty Mallards,3165,22.5,3225,60,3380,77.5,3320,-60
657,07/22/26,Screaming Eagles,2,Night Owls,3,Division 4A,Division 4A,REG,07/22/26_Screaming Eagles_@_Night Owls,3724,90.9,3656,-68,3325,9.1,3392,67
658,07/22/26,Chinooks,3,Goal Diggers,5,Division 3B,Division 3B,REG,07/22/26_Chinooks_@_Goal Diggers,3502,23.7,3477,-25,3705,76.3,3729,24
659,07/22/26,Fighting Narwhals,5,Red Dog,6,Division 2,Division 2,REG,07/22/26_Fighting Narwhals_@_Red Dog,4124,64.1,4078,-46,4023,35.9,4069,46
660,07/22/26,Top Cheddar,1,Skeletons,2,Division 4C,Division 4C,REG,07/22/26_Top Cheddar_@_Skeletons,3161,26.0,3143,-18,3343,74.0,3361,18
661,07/22/26,Dumpster Fire,5,Dead Rabbits,4,Division 5A,Division 5A,REG,07/22/26_Dumpster Fire_@_Dead Rabbits,3188,49.9,3228,40,3188,50.1,3149,-39
662,07/22/26,Shockers,3,Sasquatch,7,Division 3B,Division 3B,REG,07/22/26_Shockers_@_Sasquatch,3711,56.5,3635,-76,3665,43.5,3741,76
663,07/22/26,Amigos,10,WKUTP-5,1,Division 5A,Division 5A,REG,07/22/26_Amigos_@_WKUTP-5,3003,36.1,3128,125,3103,63.9,2978,-125
664,07/23/26,Hooligans,2,LLUA,5,Division 4B,Division 4B,REG,07/23/26_Hooligans_@_LLUA,3186,22.4,3159,-27,3401,77.6,3428,27
665,07/23/26,The Mighty Geoducks,4,The Brigade,5,Division 2,Division 2,REG,07/23/26_The Mighty Geoducks_@_The Brigade,4072,43.5,4041,-31,4117,56.5,4147,30
666,07/23/26,Puckbuddies,5,MMHC,8,Division 3A,Division 3A,REG,07/23/26_Puckbuddies_@_MMHC,3911,79.1,3810,-101,3680,20.9,3781,101
667,07/23/26,Falcons,8,ESB,6,Division 1,Division 1,REG,07/23/26_Falcons_@_ESB,4210,43.2,4277,67,4258,56.8,4191,-67
668,07/23/26,Rhinos,3,Eagles,3,Division 3A,Division 3A,REG,07/23/26_Rhinos_@_Eagles,3879,13.2,3907,28,4206,86.8,4177,-29
669,07/23/26,Greasy Weasels,0,DevilFish,7,Division 4C,Division 4C,REG,07/23/26_Greasy Weasels_@_DevilFish,3436,72.9,3317,-119,3264,27.1,3383,119
670,07/23/26,Buck Wild,4,Steelhead,2,Division 4A,Division 4A,REG,07/23/26_Buck Wild_@_Steelhead,3489,65.5,3531,42,3378,34.5,3336,-42
671,07/23/26,NW Stars,2,ALTP,5,Division 1,Division 1,REG,07/23/26_NW Stars_@_ALTP,4371,35.7,4327,-44,4473,64.3,4516,43
672,07/23/26,Minner''s Minions,7,Seattle Supernova,3,Division 1,Division 1,REG,07/23/26_Minner''s Minions_@_Seattle Supernova,4585,89.6,4601,16,4211,10.4,4195,-16
673,07/23/26,Chiefs,4,Northwest Crabs,4,Division 2,Division 2,REG,07/23/26_Chiefs_@_Northwest Crabs,4229,18.8,4254,25,4483,81.2,4458,-25
674,07/23/26,Boozin Cougs,11,The Herd,9,Division 3A,Division 3A,REG,07/23/26_Boozin Cougs_@_The Herd,4075,76.8,4104,29,3868,23.2,3839,-29
675,07/23/26,Mavericks,7,Pheasants,9,Division 2,Division 2,REG,07/23/26_Mavericks_@_Pheasants,4039,62.9,3972,-67,3948,37.1,4016,68
676,07/26/26,Maelstrom,0,Rip-Its,3,Division 10B,Division 10B,REG,07/26/26_Maelstrom_@_Rip-Its,1167,66.4,1083,-84,1049,33.6,1133,84
677,07/26/26,Ice Breakers,8,Banana Guardians,2,Division 10A,Division 10A,REG,07/26/26_Ice Breakers_@_Banana Guardians,1293,94.3,1303,10,807,5.7,796,-11
678,07/26/26,Spicy Kittens HC-8,0,Blackouts,5,Division 8A,Division 8A,REG,07/26/26_Spicy Kittens HC-8_@_Blackouts,1673,35.2,1624,-49,1779,64.8,1828,49
679,07/26/26,LKI,2,Quacken,4,Division 7A,Division 7A,REG,07/26/26_LKI_@_Quacken,1888,11.7,1876,-12,2238,88.3,2250,12
680,07/26/26,Lagooners,2,BLU Bombers,4,Division 7B,Division 7B,REG,07/26/26_Lagooners_@_BLU Bombers,1945,47.5,1894,-51,1962,52.5,2012,50
681,07/26/26,Seattle Freeze,6,Hampton West Hockey Club,10,Division 6D,Division 6D,REG,07/26/26_Seattle Freeze_@_Hampton West Hockey Club,2074,19.7,2049,-25,2318,80.3,2344,26
682,07/26/26,Purple Puck Eaters,2,Tropical Punchers,3,Division 9B,Division 9B,REG,07/26/26_Purple Puck Eaters_@_Tropical Punchers,1257,79.5,1199,-58,1022,20.5,1080,58
683,07/26/26,Redrum,2,The Axolotls,4,Division 10B,Division 10B,REG,07/26/26_Redrum_@_The Axolotls,653,3.6,650,-3,1223,96.4,1226,3
684,07/26/26,Real Bacon,4,Not Sure 6,4,Division 6D,Division 6D,REG,07/26/26_Real Bacon_@_Not Sure 6,2218,24.2,2239,21,2416,75.8,2395,-21
685,07/26/26,Los Tigres,3,Birrds,2,Division 7A,Division 7A,REG,07/26/26_Los Tigres_@_Birrds,1955,30.8,2008,53,2095,69.2,2042,-53
686,07/26/26,Mad Hat Tricks,4,Galactic Penguins,0,Division 10B,Division 10B,REG,07/26/26_Mad Hat Tricks_@_Galactic Penguins,986,67.2,1036,50,862,32.8,812,-50
687,07/26/26,Gremlins Hockey,0,Red Zeppelin,3,Division 9B,Division 9B,REG,07/26/26_Gremlins Hockey_@_Red Zeppelin,1135,57.0,1064,-71,1086,43.0,1157,71
688,07/26/26,Trash Pandas 7/Coyotes,3,Blades,5,Division 6C,Division 6C,REG,07/26/26_Trash Pandas 7/Coyotes_@_Blades,2443,48.9,2391,-52,2450,51.1,2502,52
689,07/26/26,Rainier Reindeers HC-9,3,Spicy Kittens HC-9,1,Division 9B,Division 9B,REG,07/26/26_Rainier Reindeers HC-9_@_Spicy Kittens HC-9,1284,75.9,1313,29,1084,24.1,1055,-29
690,07/26/26,Chucklepucks,5,Trash Pandas Garbage Legacy,2,Division 6D,Division 6D,REG,07/26/26_Chucklepucks_@_Trash Pandas Garbage Legacy,2475,76.9,2508,33,2266,23.1,2233,-33
691,07/26/26,Orange Crush,1,Blackbirds,1,Division 9A,Division 9A,REG,07/26/26_Orange Crush_@_Blackbirds,1650,50.0,1653,3,1650,50.0,1648,-2
692,07/26/26,Mighty Moose,4,Yacht Flippers,3,Division 9A,Division 9A,REG,07/26/26_Mighty Moose_@_Yacht Flippers,1538,77.1,1557,19,1328,22.9,1309,-19
693,07/26/26,Raiders,1,Mudflaps,6,Division 6C,Division 6C,REG,07/26/26_Raiders_@_Mudflaps,2539,56.2,2459,-80,2495,43.8,2575,80
694,07/26/26,Hungry Hatchlings,1,Toe Dragons,3,Division 8B,Division 8B,REG,07/26/26_Hungry Hatchlings_@_Toe Dragons,1558,48.1,1507,-51,1571,51.9,1622,51
695,07/26/26,Iced Awesome,1,Fluffy Bunnies,3,Division 7A,Division 7A,REG,07/26/26_Iced Awesome_@_Fluffy Bunnies,1835,26.5,1808,-27,2013,73.5,2040,27
696,07/26/26,Seal Team Sticks,5,Spittin'' Llamas,7,Division 8A,Division 8A,REG,07/26/26_Seal Team Sticks_@_Spittin'' Llamas,1525,31.9,1492,-33,1657,68.1,1690,33
697,07/26/26,Seattle Slapshots,2,Purple Reign,3,Division 8B,Division 8B,REG,07/26/26_Seattle Slapshots_@_Purple Reign,1817,94.9,1746,-71,1308,5.1,1379,71
698,07/26/26,Doom Clouds/Golden Mules,5,Beer Dragons,8,Division 10A,Division 10A,REG,07/26/26_Doom Clouds/Golden Mules_@_Beer Dragons,952,39.7,903,-49,1025,60.3,1073,48
699,07/26/26,Seattle Seals,2,Nordekes,2,Division 7B,Division 7B,REG,07/26/26_Seattle Seals_@_Nordekes,1818,24.6,1839,21,2013,75.4,1993,-20
700,07/26/26,Pond Pigeons,2,Glow Sticks,1,Division 8A,Division 8A,REG,07/26/26_Pond Pigeons_@_Glow Sticks,1680,33.1,1732,52,1803,66.9,1751,-52
701,07/26/26,SEA Cucumbers,1,Pythons,1,Division 8B,Division 8B,REG,07/26/26_SEA Cucumbers_@_Pythons,1528,16.6,1554,26,1808,83.4,1782,-26
702,07/26/26,Khaos,6,Fighting Clams,3,Division 9A,Division 9A,REG,07/26/26_Khaos_@_Fighting Clams,1530,72.8,1569,39,1360,27.2,1321,-39
703,07/26/26,Seattle Dogs,4,Roughnecks Mobile Infantry,3,Division 7B,Division 7B,REG,07/26/26_Seattle Dogs_@_Roughnecks Mobile Infantry,1708,21.6,1768,60,1932,78.4,1872,-60
704,07/27/26,Stingers,6,Alpuckas,6,Division 5C,Division 5C,REG,07/27/26_Stingers_@_Alpuckas,3141,51.9,3142,1,3128,48.1,3128,0
705,07/27/26,Hackers,2,Monarchs 6,4,Division 6B,Division 6B,REG,07/27/26_Hackers_@_Monarchs 6,2212,3.2,2208,-4,2802,96.8,2805,3
706,07/27/26,Honey Badgers,1,Dirty Couch Hockey Club,7,Division 6A,Division 6A,REG,07/27/26_Honey Badgers_@_Dirty Couch Hockey Club,2749,65.0,2649,-100,2641,35.0,2741,100
707,07/27/26,Highlanders,5,PussyCats,2,Division 5D,Division 5D,REG,07/27/26_Highlanders_@_PussyCats,2809,59.1,2866,57,2745,40.9,2688,-57
708,07/27/26,TP6/Fossils,1,Rainier Reindeer HC-6,4,Division 6B,Division 6B,REG,07/27/26_TP6/Fossils_@_Rainier Reindeer HC-6,2559,60.2,2483,-76,2486,39.8,2562,76
709,07/27/26,Greenhorns,7,Jokres,8,Division 6B,Division 6B,REG,07/27/26_Greenhorns_@_Jokres,2616,49.0,2582,-34,2623,51.0,2658,35
710,07/27/26,Renegades,5,Reapers,6,Division 5B,Division 5B,REG,07/27/26_Renegades_@_Reapers,2672,22.9,2656,-16,2883,77.1,2899,16
711,07/27/26,Piranhas,2,Yetis,5,Division 5C,Division 5C,REG,07/27/26_Piranhas_@_Yetis,2935,61.9,2857,-78,2851,38.1,2928,77
712,07/27/26,Seattle Warriors,5,Brewzers OGB,10,Division 6A,Division 6A,REG,07/27/26_Seattle Warriors_@_Brewzers OGB,2483,9.7,2470,-13,2870,90.3,2884,14
713,07/27/26,Ice-O-Topes,5,Sockeyes,3,Division 5B,Division 5B,REG,07/27/26_Ice-O-Topes_@_Sockeyes,2788,24.7,2875,87,2982,75.3,2895,-87
714,07/28/26,Barrel Aged Brewzers,2,Wranglers,5,Division 6C,Division 6C,REG,07/28/26_Barrel Aged Brewzers_@_Wranglers,2476,56.7,2405,-71,2429,43.3,2500,71
715,07/28/26,Schilling Cider,6,Kraken Up,5,Division 4B,Division 4B,REG,07/28/26_Schilling Cider_@_Kraken Up,3225,41.7,3271,46,3283,58.3,3237,-46
716,07/28/26,Midnight Twist,2,Five Hole Fiends,6,Division 5C,Division 5C,REG,07/28/26_Midnight Twist_@_Five Hole Fiends,2649,12.6,2633,-16,2985,87.4,3001,16
717,07/28/26,Flying Monkeys,1,The Seals,6,Division 5D,Division 5D,REG,07/28/26_Flying Monkeys_@_The Seals,2509,4.7,2503,-6,3033,95.3,3040,7
718,07/28/26,Icemen,7,Squids,5,Division 6A,Division 6A,REG,07/28/26_Icemen_@_Squids,2514,64.2,2557,43,2412,35.8,2369,-43
719,07/28/26,Monarchs 5,1,Black Katz,5,Division 5D,Division 5D,REG,07/28/26_Monarchs 5_@_Black Katz,2531,25.4,2498,-33,2718,74.6,2751,33
720,07/28/26,Screaming Eagles,1,Steelhead,3,Division 4A,Division 4A,REG,07/28/26_Screaming Eagles_@_Steelhead,3656,86.3,3561,-95,3336,13.7,3432,96
721,07/28/26,DevilFish,8,Wolves,7,Division 4C,Division 4C,REG,07/28/26_DevilFish_@_Wolves,3383,66.1,3410,27,3267,33.9,3240,-27
722,07/29/26,Rhinos,2,Boozin Cougs,10,Division 3A,Division 3A,REG,07/29/26_Rhinos_@_Boozin Cougs,3907,24.4,3867,-40,4104,75.6,4144,40
723,07/29/26,Sasquatch,2,Sabercats,2,Division 3B,Division 3B,REG,07/29/26_Sasquatch_@_Sabercats,3741,65.5,3731,-10,3629,34.5,3639,10
724,07/29/26,Night Owls,1,Maple Bars,6,Division 4A,Division 4A,REG,07/29/26_Night Owls_@_Maple Bars,3392,60.3,3306,-86,3320,39.7,3406,86
725,07/29/26,Seagulls,4,Offspring,2,Division 5B,Division 5B,REG,07/29/26_Seagulls_@_Offspring,3169,81.3,3192,23,2914,18.7,2891,-23
726,07/29/26,Skateful Dead,5,Buck Wild,3,Division 4A,Division 4A,REG,07/29/26_Skateful Dead_@_Buck Wild,3506,46.4,3569,63,3531,53.6,3467,-64
727,07/29/26,Hooligans,4,Edible Arrangements,2,Division 4B,Division 4B,REG,07/29/26_Hooligans_@_Edible Arrangements,3159,10.4,3261,102,3532,89.6,3430,-102
728,07/29/26,The Brigade,4,Red Dog,2,Division 2,Division 2,REG,07/29/26_The Brigade_@_Red Dog,4147,61.1,4194,47,4069,38.9,4022,-47
729,07/29/26,Skeletons,5,Moose Knuckle,1,Division 4C,Division 4C,REG,07/29/26_Skeletons_@_Moose Knuckle,3361,81.8,3389,28,3100,18.2,3072,-28
730,07/29/26,Coconut Corgis,4,Chinooks,9,Division 3B,Division 3B,REG,07/29/26_Coconut Corgis_@_Chinooks,3518,55.8,3439,-79,3477,44.2,3557,80
731,07/29/26,Dumpster Fire,4,WKUTP-5,2,Division 5A,Division 5A,REG,07/29/26_Dumpster Fire_@_WKUTP-5,3228,80.8,3251,23,2978,19.2,2955,-23
732,07/29/26,Dead Rabbits,4,BSOD,3,Division 5A,Division 5A,REG,07/29/26_Dead Rabbits_@_BSOD,3149,74.8,3169,20,2960,25.2,2939,-21
733,07/30/26,Mavericks,3,Chiefs,2,Division 2,Division 2,REG,07/30/26_Mavericks_@_Chiefs,3972,16.4,4035,63,4254,83.6,4190,-64
734,07/30/26,Not Sure 5,6,Amigos,6,Division 5A,Division 5A,REG,07/30/26_Not Sure 5_@_Amigos,2807,13.6,2835,28,3128,86.4,3100,-28
735,07/30/26,Falcons,1,NW Stars,3,Division 1,Division 1,REG,07/30/26_Falcons_@_NW Stars,4277,42.9,4232,-45,4327,57.1,4372,45
736,07/30/26,Mighty Mallards,3,LLUA,5,Division 4B,Division 4B,REG,07/30/26_Mighty Mallards_@_LLUA,3320,35.0,3284,-36,3428,65.0,3464,36
737,07/30/26,ESB,2,Seattle Supernova,2,Division 1,Division 1,REG,07/30/26_ESB_@_Seattle Supernova,4191,49.5,4193,2,4195,50.5,4192,-3
738,07/30/26,Puckbuddies,4,The Herd,8,Division 3A,Division 3A,REG,07/30/26_Puckbuddies_@_The Herd,3810,45.8,3749,-61,3839,54.2,3900,61
739,07/30/26,Fighting Narwhals,4,Northwest Crabs,11,Division 2,Division 2,REG,07/30/26_Fighting Narwhals_@_Northwest Crabs,4078,10.0,4062,-16,4458,90.0,4474,16
740,07/30/26,The Mighty Geoducks,6,Pheasants,5,Division 2,Division 2,REG,07/30/26_The Mighty Geoducks_@_Pheasants,4041,53.6,4078,37,4016,46.4,3979,-37
741,07/30/26,Top Cheddar,0,Greasy Weasels,6,Division 4C,Division 4C,REG,07/30/26_Top Cheddar_@_Greasy Weasels,3143,26.9,3104,-39,3317,73.1,3356,39
742,07/30/26,ALTP,3,Minner''s Minions,8,Division 1,Division 1,REG,07/30/26_ALTP_@_Minner''s Minions,4516,38.1,4463,-53,4601,61.9,4654,53
743,07/30/26,Shockers,3,Goal Diggers,3,Division 3B,Division 3B,REG,07/30/26_Shockers_@_Goal Diggers,3635,36.8,3647,12,3729,63.2,3717,-12
744,07/30/26,MMHC,3,Eagles,12,Division 3A,Division 3A,REG,07/30/26_MMHC_@_Eagles,3781,9.3,3766,-15,4177,90.7,4193,16
745,08/02/26,Banana Guardians,1,Doom Clouds/Golden Mules,5,Division 10A,Division 10A,REG,08/02/26_Banana Guardians_@_Doom Clouds/Golden Mules,796,35.1,751,-45,903,64.9,949,46
746,08/02/26,SEA Cucumbers,1,Toe Dragons,3,Division 8B,Division 8B,REG,08/02/26_SEA Cucumbers_@_Toe Dragons,1554,40.4,1512,-42,1622,59.6,1664,42
747,08/02/26,Khaos,3,Orange Crush,1,Division 9A,Division 9A,REG,08/02/26_Khaos_@_Orange Crush,1569,38.2,1642,73,1653,61.8,1580,-73
748,08/02/26,BLU Bombers,7,Seattle Seals,7,Division 7B,Division 7B,REG,08/02/26_BLU Bombers_@_Seattle Seals,2012,73.1,1997,-15,1839,26.9,1855,16
749,08/02/26,Blackouts,4,Seal Team Sticks,6,Division 8A,Division 8A,REG,08/02/26_Blackouts_@_Seal Team Sticks,1828,87.3,1731,-97,1492,12.7,1589,97
750,08/02/26,Beer Dragons,1,Ice Breakers,5,Division 10A,Division 10A,REG,08/02/26_Beer Dragons_@_Ice Breakers,1073,21.0,1046,-27,1303,79.0,1330,27
751,08/02/26,Blackbirds,2,Mighty Moose,0,Division 9A,Division 9A,REG,08/02/26_Blackbirds_@_Mighty Moose,1648,62.9,1693,45,1557,37.1,1512,-45
752,08/02/26,Seattle Freeze,5,Chucklepucks,8,Division 6D,Division 6D,REG,08/02/26_Seattle Freeze_@_Chucklepucks,2049,6.6,2041,-8,2508,93.4,2516,8
753,08/02/26,Raiders,4,Wranglers,6,Division 6C,Division 6C,REG,08/02/26_Raiders_@_Wranglers,2459,44.1,2412,-47,2500,55.9,2546,46
754,08/02/26,Mudflaps,5,Blades,3,Division 6C,Division 6C,REG,08/02/26_Mudflaps_@_Blades,2575,60.4,2623,48,2502,39.6,2455,-47
755,08/02/26,Pythons,8,Purple Reign,1,Division 8B,Division 8B,REG,08/02/26_Pythons_@_Purple Reign,1782,91.1,1799,17,1379,8.9,1362,-17
756,08/02/26,Fluffy Bunnies,4,Quacken,7,Division 7A,Division 7A,REG,08/02/26_Fluffy Bunnies_@_Quacken,2040,23.0,2012,-28,2250,77.0,2278,28
757,08/02/26,Iced Awesome,0,Los Tigres,7,Division 7A,Division 7A,REG,08/02/26_Iced Awesome_@_Los Tigres,1808,24.0,1771,-37,2008,76.0,2045,37
758,08/02/26,Tropical Punchers,2,Spicy Kittens HC-9,2,Division 9B,Division 9B,REG,08/02/26_Tropical Punchers_@_Spicy Kittens HC-9,1080,53.6,1079,-1,1055,46.4,1055,0
759,08/02/26,Roughnecks Mobile Infantry,3,Nordekes,1,Division 7B,Division 7B,REG,08/02/26_Roughnecks Mobile Infantry_@_Nordekes,1872,33.3,1950,78,1993,66.7,1915,-78
760,08/02/26,Mad Hat Tricks,6,Redrum,0,Division 10B,Division 10B,REG,08/02/26_Mad Hat Tricks_@_Redrum,1036,90.2,1053,17,650,9.8,632,-18
761,08/02/26,Seattle Slapshots,7,Hungry Hatchlings,4,Division 8B,Division 8B,REG,08/02/26_Seattle Slapshots_@_Hungry Hatchlings,1746,79.9,1775,29,1507,20.1,1478,-29
762,08/02/26,Glow Sticks,0,Spittin'' Llamas,2,Division 8A,Division 8A,REG,08/02/26_Glow Sticks_@_Spittin'' Llamas,1751,58.7,1688,-63,1690,41.3,1753,63
763,08/02/26,Birrds,7,LKI,3,Division 7A,Division 7A,REG,08/02/26_Birrds_@_LKI,2042,72.2,2084,42,1876,27.8,1833,-43
764,08/02/26,Pond Pigeons,5,Spicy Kittens HC-8,5,Division 8A,Division 8A,REG,08/02/26_Pond Pigeons_@_Spicy Kittens HC-8,1732,65.2,1723,-9,1624,34.8,1633,9
765,08/02/26,Fighting Clams,2,Yacht Flippers,4,Division 9A,Division 9A,REG,08/02/26_Fighting Clams_@_Yacht Flippers,1321,51.7,1266,-55,1309,48.3,1364,55
766,08/02/26,Trash Pandas 7/Coyotes,1,Barrel Aged Brewzers,5,Division 6C,Division 6C,REG,08/02/26_Trash Pandas 7/Coyotes_@_Barrel Aged Brewzers,2391,48.0,2327,-64,2405,52.0,2468,63
767,08/02/26,Purple Puck Eaters,4,Red Zeppelin,1,Division 9B,Division 9B,REG,08/02/26_Purple Puck Eaters_@_Red Zeppelin,1199,56.0,1260,61,1157,44.0,1096,-61
768,08/02/26,Gremlins Hockey,2,Rainier Reindeers HC-9,4,Division 9B,Division 9B,REG,08/02/26_Gremlins Hockey_@_Rainier Reindeers HC-9,1064,19.2,1044,-20,1313,80.8,1333,20
769,08/02/26,Maelstrom,1,The Axolotls,6,Division 10B,Division 10B,REG,08/02/26_Maelstrom_@_The Axolotls,1083,30.5,1041,-42,1226,69.5,1268,42
770,08/02/26,Rip-Its,2,Galactic Penguins,3,Division 10B,Division 10B,REG,08/02/26_Rip-Its_@_Galactic Penguins,1133,86.3,1069,-64,812,13.7,876,64
771,08/02/26,Seattle Dogs,4,Lagooners,5,Division 7B,Division 7B,REG,08/02/26_Seattle Dogs_@_Lagooners,1768,32.5,1745,-23,1894,67.5,1917,23
772,08/02/26,Not Sure 6,3,Hampton West Hockey Club,11,Division 6D,Division 6D,REG,08/02/26_Not Sure 6_@_Hampton West Hockey Club,2395,57.4,2298,-97,2344,42.6,2441,97
773,08/03/26,Rainier Reindeer HC-6,3,Monarchs 6,4,Division 6B,Division 6B,REG,08/03/26_Rainier Reindeer HC-6_@_Monarchs 6,2562,19.8,2548,-14,2805,80.2,2818,13
774,08/03/26,TP6/Fossils,5,Jokres,4,Division 6B,Division 6B,REG,08/03/26_TP6/Fossils_@_Jokres,2483,26.8,2540,57,2658,73.2,2601,-57
775,08/03/26,Black Katz,5,Highlanders,3,Division 5D,Division 5D,REG,08/03/26_Black Katz_@_Highlanders,2751,33.9,2828,77,2866,66.1,2789,-77
776,08/03/26,Piranhas,6,Stingers,1,Division 5C,Division 5C,REG,08/03/26_Piranhas_@_Stingers,2857,16.2,2985,128,3142,83.8,3014,-128
777,08/03/26,Flying Monkeys,5,Monarchs 5,3,Division 5D,Division 5D,REG,08/03/26_Flying Monkeys_@_Monarchs 5,2503,50.7,2562,59,2498,49.3,2439,-59
778,08/03/26,Alpuckas,1,Midnight Twist,0,Division 5C,Division 5C,REG,08/03/26_Alpuckas_@_Midnight Twist,3128,94.5,3132,4,2633,5.5,2628,-5
779,08/03/26,Real Bacon,5,Trash Pandas Garbage Legacy,1,Division 6D,Division 6D,REG,08/03/26_Real Bacon_@_Trash Pandas Garbage Legacy,2239,50.8,2312,73,2233,49.2,2160,-73
780,08/03/26,Hackers,5,Greenhorns,2,Division 6B,Division 6B,REG,08/03/26_Hackers_@_Greenhorns,2208,10.5,2327,119,2582,89.5,2463,-119
781,08/03/26,The Seals,7,PussyCats,1,Division 5D,Division 5D,REG,08/03/26_The Seals_@_PussyCats,3040,88.3,3060,20,2688,11.7,2668,-20
782,08/04/26,Reapers,3,Offspring,6,Division 5B,Division 5B,REG,08/04/26_Reapers_@_Offspring,2899,51.2,2835,-64,2891,48.8,2954,63
783,08/04/26,Dirty Couch Hockey Club,9,Squids,5,Division 6A,Division 6A,REG,08/04/26_Dirty Couch Hockey Club_@_Squids,2741,89.5,2757,16,2369,10.5,2353,-16
784,08/04/26,Renegades,7,Sockeyes,8,Division 5B,Division 5B,REG,08/04/26_Renegades_@_Sockeyes,2656,20.2,2643,-13,2895,79.8,2909,14
785,08/04/26,Dead Rabbits,6,Not Sure 5,2,Division 5A,Division 5A,REG,08/04/26_Dead Rabbits_@_Not Sure 5,3169,87.2,3189,20,2835,12.8,2816,-19
786,08/04/26,Top Cheddar,3,DevilFish,1,Division 4C,Division 4C,REG,08/04/26_Top Cheddar_@_DevilFish,3104,14.6,3201,97,3410,85.4,3313,-97
787,08/04/26,Boozin Cougs,5,Puckbuddies,6,Division 3A,Division 3A,REG,08/04/26_Boozin Cougs_@_Puckbuddies,4144,90.6,4076,-68,3749,9.4,3817,68
788,08/04/26,Honey Badgers,3,Seattle Warriors,2,Division 6A,Division 6A,REG,08/04/26_Honey Badgers_@_Seattle Warriors,2649,73.7,2671,22,2470,26.3,2449,-21
789,08/04/26,Brewzers OGB,5,Icemen,0,Division 6A,Division 6A,REG,08/04/26_Brewzers OGB_@_Icemen,2884,86.7,2905,21,2557,13.3,2535,-22
790,08/04/26,Five Hole Fiends,7,Yetis,2,Division 5C,Division 5C,REG,08/04/26_Five Hole Fiends_@_Yetis,3001,60.3,3065,64,2928,39.7,2865,-63
791,08/05/26,Night Owls,2,Skateful Dead,2,Division 4A,Division 4A,REG,08/05/26_Night Owls_@_Skateful Dead,3306,18.0,3331,25,3569,82.0,3544,-25
792,08/05/26,Buck Wild,4,Screaming Eagles,6,Division 4A,Division 4A,REG,08/05/26_Buck Wild_@_Screaming Eagles,3467,36.9,3429,-38,3561,63.1,3599,38
793,08/05/26,Moose Knuckle,5,Greasy Weasels,1,Division 4C,Division 4C,REG,08/05/26_Moose Knuckle_@_Greasy Weasels,3072,16.3,3191,119,3356,83.7,3236,-120
794,08/05/26,The Brigade,5,Northwest Crabs,6,Division 2,Division 2,REG,08/05/26_The Brigade_@_Northwest Crabs,4194,16.7,4183,-11,4474,83.3,4485,11
795,08/05/26,Edible Arrangements,3,Schilling Cider,3,Division 4B,Division 4B,REG,08/05/26_Edible Arrangements_@_Schilling Cider,3430,71.5,3416,-14,3271,28.5,3285,14
796,08/05/26,Skeletons,8,Wolves,5,Division 4C,Division 4C,REG,08/05/26_Skeletons_@_Wolves,3389,70.2,3431,42,3240,29.8,3198,-42
797,08/05/26,Seagulls,4,Ice-O-Topes,1,Division 5B,Division 5B,REG,08/05/26_Seagulls_@_Ice-O-Topes,3192,86.1,3212,20,2875,13.9,2855,-20
798,08/05/26,Sasquatch,4,Coconut Corgis,0,Division 3B,Division 3B,REG,08/05/26_Sasquatch_@_Coconut Corgis,3731,84.3,3755,24,3439,15.7,3414,-25
799,08/05/26,BSOD,3,WKUTP-5,2,Division 5A,Division 5A,REG,08/05/26_BSOD_@_WKUTP-5,2939,47.8,2981,42,2955,52.2,2913,-42
800,08/05/26,Amigos,5,Dumpster Fire,6,Division 5A,Division 5A,REG,08/05/26_Amigos_@_Dumpster Fire,3100,29.5,3079,-21,3251,70.5,3271,20
801,08/05/26,Mighty Mallards,2,Hooligans,1,Division 4B,Division 4B,REG,08/05/26_Mighty Mallards_@_Hooligans,3284,53.3,3321,37,3261,46.7,3224,-37
802,08/05/26,Eagles,7,The Herd,7,Division 3A,Division 3A,REG,08/05/26_Eagles_@_The Herd,4193,84.4,4168,-25,3900,15.6,3924,24
803,08/06/26,MMHC,3,Rhinos,11,Division 3A,Division 3A,REG,08/06/26_MMHC_@_Rhinos,3766,35.8,3706,-60,3867,64.2,3926,59
804,08/06/26,LLUA,2,Kraken Up,2,Division 4B,Division 4B,REG,08/06/26_LLUA_@_Kraken Up,3464,78.7,3444,-20,3237,21.3,3258,21
805,08/06/26,Shockers,5,Chinooks,3,Division 3B,Division 3B,REG,08/06/26_Shockers_@_Chinooks,3647,62.7,3692,45,3557,37.3,3512,-45
806,08/06/26,Maple Bars,4,Steelhead,4,Division 4A,Division 4A,REG,08/06/26_Maple Bars_@_Steelhead,3406,46.4,3411,5,3432,53.6,3427,-5
807,08/06/26,Seattle Supernova,3,NW Stars,6,Division 1,Division 1,REG,08/06/26_Seattle Supernova_@_NW Stars,4192,26.2,4161,-31,4372,73.8,4404,32
808,08/06/26,The Mighty Geoducks,5,Mavericks,6,Division 2,Division 2,REG,08/06/26_The Mighty Geoducks_@_Mavericks,4078,56.1,4038,-40,4035,43.9,4075,40
809,08/06/26,ALTP,6,Falcons,6,Division 1,Division 1,REG,08/06/26_ALTP_@_Falcons,4463,79.1,4443,-20,4232,20.9,4253,21
810,08/06/26,Sabercats,5,Goal Diggers,7,Division 3B,Division 3B,REG,08/06/26_Sabercats_@_Goal Diggers,3639,38.9,3598,-41,3717,61.1,3758,41
811,08/06/26,Chiefs,1,Fighting Narwhals,0,Division 2,Division 2,REG,08/06/26_Chiefs_@_Fighting Narwhals,4190,67.6,4216,26,4062,32.4,4036,-26
812,08/06/26,ESB,3,Minner''s Minions,13,Division 1,Division 1,REG,08/06/26_ESB_@_Minner''s Minions,4193,6.6,4182,-11,4654,93.4,4666,12
813,08/06/26,Red Dog,5,Pheasants,4,Division 2,Division 2,REG,08/06/26_Red Dog_@_Pheasants,4022,56.2,4057,35,3979,43.8,3944,-35
814,08/09/26,Spittin'' Llamas,8,Spicy Kittens HC-8,1,Division 8A,Division 8A,REG,08/09/26_Spittin'' Llamas_@_Spicy Kittens HC-8,1753,66.6,1813,60,1633,33.4,1572,-61
815,08/09/26,Yacht Flippers,1,Orange Crush,8,Division 9A,Division 9A,REG,08/09/26_Yacht Flippers_@_Orange Crush,1364,22.4,1330,-34,1580,77.6,1615,35
816,08/09/26,Fluffy Bunnies,6,LKI,1,Division 7A,Division 7A,REG,08/09/26_Fluffy Bunnies_@_LKI,2012,73.7,2055,43,1833,26.3,1791,-42
817,08/09/26,Hampton West Hockey Club,3,Trash Pandas Garbage Legacy,2,Division 6D,Division 6D,REG,08/09/26_Hampton West Hockey Club_@_Trash Pandas Garbage Legacy,2441,83.4,2455,14,2160,16.6,2147,-13
818,08/09/26,Pythons,5,Seattle Slapshots,0,Division 8B,Division 8B,REG,08/09/26_Pythons_@_Seattle Slapshots,1799,53.4,1873,74,1775,46.6,1701,-74
819,08/09/26,Blackouts,2,Pond Pigeons,2,Division 8A,Division 8A,REG,08/09/26_Blackouts_@_Pond Pigeons,1731,51.1,1732,1,1723,48.9,1722,-1
820,08/09/26,Galactic Penguins,1,The Axolotls,6,Division 10B,Division 10B,REG,08/09/26_Galactic Penguins_@_The Axolotls,876,9.5,863,-13,1268,90.5,1281,13
821,08/09/26,Rainier Reindeer HC-6,5,Hackers,1,Division 6B,Division 6B,REG,08/09/26_Rainier Reindeer HC-6_@_Hackers,2548,78.1,2582,34,2327,21.9,2294,-33
822,08/09/26,Birrds,7,Iced Awesome,4,Division 7A,Division 7A,REG,08/09/26_Birrds_@_Iced Awesome,2084,85.8,2104,20,1771,14.2,1750,-21
823,08/09/26,Roughnecks Mobile Infantry,1,Seattle Seals,4,Division 7B,Division 7B,REG,08/09/26_Roughnecks Mobile Infantry_@_Seattle Seals,1950,63.4,1870,-80,1855,36.6,1934,79
824,08/09/26,Redrum,0,Maelstrom,7,Division 10B,Division 10B,REG,08/09/26_Redrum_@_Maelstrom,632,8.7,619,-13,1041,91.3,1054,13
825,08/09/26,Tropical Punchers,2,Rainier Reindeers HC-9,2,Division 9B,Division 9B,REG,08/09/26_Tropical Punchers_@_Rainier Reindeers HC-9,1079,18.9,1104,25,1333,81.1,1308,-25
826,08/09/26,Rip-Its,4,Mad Hat Tricks,3,Division 10B,Division 10B,REG,08/09/26_Rip-Its_@_Mad Hat Tricks,1069,52.3,1107,38,1053,47.7,1015,-38
827,08/09/26,Mudflaps,4,Trash Pandas 7/Coyotes,1,Division 6C,Division 6C,REG,08/09/26_Mudflaps_@_Trash Pandas 7/Coyotes,2623,84.6,2645,22,2327,15.4,2305,-22
828,08/09/26,Glow Sticks,3,Seal Team Sticks,0,Division 8A,Division 8A,REG,08/09/26_Glow Sticks_@_Seal Team Sticks,1688,63.9,1738,50,1589,36.1,1538,-51
829,08/09/26,Fighting Clams,1,Mighty Moose,9,Division 9A,Division 9A,REG,08/09/26_Fighting Clams_@_Mighty Moose,1266,19.5,1234,-32,1512,80.5,1544,32
830,08/09/26,Purple Puck Eaters,1,Gremlins Hockey,3,Division 9B,Division 9B,REG,08/09/26_Purple Puck Eaters_@_Gremlins Hockey,1260,77.6,1175,-85,1044,22.4,1129,85
831,08/09/26,Ice Breakers,4,Doom Clouds/Golden Mules,3,Division 10A,Division 10A,REG,08/09/26_Ice Breakers_@_Doom Clouds/Golden Mules,1330,90.0,1338,8,949,10.0,941,-8
832,08/09/26,Not Sure 6,2,Seattle Freeze,2,Division 6D,Division 6D,REG,08/09/26_Not Sure 6_@_Seattle Freeze,2298,81.4,2276,-22,2041,18.6,2063,22
833,08/09/26,Beer Dragons,4,Banana Guardians,1,Division 10A,Division 10A,REG,08/09/26_Beer Dragons_@_Banana Guardians,1046,84.6,1068,22,751,15.4,729,-22
834,08/09/26,Purple Reign,3,Toe Dragons,4,Division 8B,Division 8B,REG,08/09/26_Purple Reign_@_Toe Dragons,1362,14.9,1352,-10,1664,85.1,1674,10
835,08/09/26,Spicy Kittens HC-9,6,Red Zeppelin,4,Division 9B,Division 9B,REG,08/09/26_Spicy Kittens HC-9_@_Red Zeppelin,1055,44.2,1121,66,1096,55.8,1030,-66
836,08/09/26,Hungry Hatchlings,2,SEA Cucumbers,0,Division 8B,Division 8B,REG,08/09/26_Hungry Hatchlings_@_SEA Cucumbers,1478,45.2,1543,65,1512,54.8,1447,-65
837,08/09/26,Quacken,4,Los Tigres,8,Division 7A,Division 7A,REG,08/09/26_Quacken_@_Los Tigres,2278,79.2,2169,-109,2045,20.8,2154,109
838,08/09/26,Nordekes,6,Lagooners,3,Division 7B,Division 7B,REG,08/09/26_Nordekes_@_Lagooners,1915,49.7,1984,69,1917,50.3,1847,-70
839,08/09/26,Seattle Dogs,5,BLU Bombers,4,Division 7B,Division 7B,REG,08/09/26_Seattle Dogs_@_BLU Bombers,1745,19.0,1807,62,1997,81.0,1935,-62
840,08/09/26,Blackbirds,4,Khaos,5,Division 9A,Division 9A,REG,08/09/26_Blackbirds_@_Khaos,1693,57.4,1652,-41,1642,42.6,1683,41
841,08/09/26,Chucklepucks,2,Real Bacon,3,Division 6D,Division 6D,REG,08/09/26_Chucklepucks_@_Real Bacon,2516,76.4,2460,-56,2312,23.6,2368,56
842,08/10/26,Squids,1,Seattle Warriors,8,Division 6A,Division 6A,REG,08/10/26_Squids_@_Seattle Warriors,2353,36.6,2296,-57,2449,63.4,2506,57
843,08/10/26,The Seals,8,Highlanders,3,Division 5D,Division 5D,REG,08/10/26_The Seals_@_Highlanders,3060,82.6,3088,28,2789,17.4,2761,-28
844,08/10/26,Dirty Couch Hockey Club,4,Icemen,4,Division 6A,Division 6A,REG,08/10/26_Dirty Couch Hockey Club_@_Icemen,2757,78.2,2738,-19,2535,21.8,2555,20
845,08/10/26,Alpuckas,2,Piranhas,2,Division 5C,Division 5C,REG,08/10/26_Alpuckas_@_Piranhas,3132,70.0,3119,-13,2985,30.0,2998,13
846,08/10/26,TP6/Fossils,3,Greenhorns,1,Division 6B,Division 6B,REG,08/10/26_TP6/Fossils_@_Greenhorns,2540,60.9,2587,47,2463,39.1,2416,-47
847,08/10/26,Monarchs 6,2,Jokres,1,Division 6B,Division 6B,REG,08/10/26_Monarchs 6_@_Jokres,2818,77.7,2837,19,2601,22.3,2583,-18
848,08/10/26,Blades,5,Wranglers,5,Division 6C,Division 6C,REG,08/10/26_Blades_@_Wranglers,2455,37.1,2466,11,2546,62.9,2535,-11
849,08/10/26,Barrel Aged Brewzers,7,Raiders,2,Division 6C,Division 6C,REG,08/10/26_Barrel Aged Brewzers_@_Raiders,2468,58.1,2535,67,2412,41.9,2345,-67
850,08/10/26,Brewzers OGB,4,Honey Badgers,5,Division 6A,Division 6A,REG,08/10/26_Brewzers OGB_@_Honey Badgers,2905,79.4,2847,-58,2671,20.6,2729,58
851,08/10/26,DevilFish,3,Top Cheddar,2,Division 4C,Division 4C,REG,08/10/26_DevilFish_@_Top Cheddar,3313,65.5,3341,28,3201,34.5,3174,-27
852,08/10/26,Moose Knuckle,2,Wolves,8,Division 4C,Division 4C,REG,08/10/26_Moose Knuckle_@_Wolves,3191,49.1,3118,-73,3198,50.9,3272,74
853,08/11/26,LLUA,4,Schilling Cider,1,Division 4B,Division 4B,REG,08/11/26_LLUA_@_Schilling Cider,3444,71.4,3485,41,3285,28.6,3244,-41
854,08/11/26,Mighty Mallards,5,Edible Arrangements,2,Division 4B,Division 4B,REG,08/11/26_Mighty Mallards_@_Edible Arrangements,3321,36.6,3407,86,3416,63.4,3329,-87
855,08/11/26,Steelhead,2,Skateful Dead,1,Division 4A,Division 4A,REG,08/11/26_Steelhead_@_Skateful Dead,3427,33.8,3478,51,3544,66.2,3492,-52
856,08/11/26,Monarchs 5,3,PussyCats,9,Division 5D,Division 5D,REG,08/11/26_Monarchs 5_@_PussyCats,2439,21.2,2409,-30,2668,78.8,2698,30
857,08/11/26,Flying Monkeys,2,Black Katz,4,Division 5D,Division 5D,REG,08/11/26_Flying Monkeys_@_Black Katz,2562,17.8,2543,-19,2828,82.2,2846,18
858,08/11/26,Amigos,2,BSOD,3,Division 5A,Division 5A,REG,08/11/26_Amigos_@_BSOD,3079,63.9,3033,-46,2981,36.1,3026,45
859,08/11/26,Not Sure 5,2,WKUTP-5,10,Division 5A,Division 5A,REG,08/11/26_Not Sure 5_@_WKUTP-5,2816,36.3,2756,-60,2913,63.7,2973,60
860,08/12/26,Chinooks,3,Sasquatch,7,Division 3B,Division 3B,REG,08/12/26_Chinooks_@_Sasquatch,3512,19.8,3487,-25,3755,80.2,3781,26
861,08/12/26,Eagles,9,Puckbuddies,7,Division 3A,Division 3A,REG,08/12/26_Eagles_@_Puckbuddies,4168,88.3,4183,15,3817,11.7,3802,-15
862,08/12/26,The Brigade,10,Fighting Narwhals,2,Division 2,Division 2,REG,08/12/26_The Brigade_@_Fighting Narwhals,4183,69.9,4241,58,4036,30.1,3979,-57
863,08/12/26,Sabercats,3,Shockers,1,Division 3B,Division 3B,REG,08/12/26_Sabercats_@_Shockers,3598,36.8,3672,74,3692,63.2,3618,-74
864,08/12/26,Maple Bars,3,Screaming Eagles,4,Division 4A,Division 4A,REG,08/12/26_Maple Bars_@_Screaming Eagles,3411,25.3,3394,-17,3599,74.7,3617,18
865,08/12/26,Red Dog,2,Mavericks,4,Division 2,Division 2,REG,08/12/26_Red Dog_@_Mavericks,4057,47.4,4007,-50,4075,52.6,4126,51
866,08/12/26,Buck Wild,1,Night Owls,0,Division 4A,Division 4A,REG,08/12/26_Buck Wild_@_Night Owls,3429,63.7,3458,29,3331,36.3,3302,-29
867,08/12/26,The Herd,4,Rhinos,6,Division 3A,Division 3A,REG,08/12/26_The Herd_@_Rhinos,3924,49.7,3872,-52,3926,50.3,3979,53
868,08/12/26,Boozin Cougs,0,MMHC,1,Division 3A,Division 3A,REG,08/12/26_Boozin Cougs_@_MMHC,4076,89.4,4010,-66,3706,10.6,3773,67
869,08/12/26,Kraken Up,8,Hooligans,6,Division 4B,Division 4B,REG,08/12/26_Kraken Up_@_Hooligans,3258,54.9,3311,53,3224,45.1,3170,-54
870,08/12/26,Ice-O-Topes,4,Offspring,3,Division 5B,Division 5B,REG,08/12/26_Ice-O-Topes_@_Offspring,2855,36.2,2905,50,2954,63.8,2904,-50
871,08/13/26,Pheasants,4,Northwest Crabs,9,Division 2,Division 2,REG,08/13/26_Pheasants_@_Northwest Crabs,3944,4.2,3938,-6,4485,95.8,4491,6
872,08/13/26,ESB,3,ALTP,8,Division 1,Division 1,REG,08/13/26_ESB_@_ALTP,4182,18.2,4157,-25,4443,81.8,4468,25
873,08/13/26,Goal Diggers,9,Coconut Corgis,2,Division 3B,Division 3B,REG,08/13/26_Goal Diggers_@_Coconut Corgis,3758,87.8,3781,23,3414,12.2,3392,-22
874,08/13/26,NW Stars,4,Minner''s Minions,10,Division 1,Division 1,REG,08/13/26_NW Stars_@_Minner''s Minions,4404,18.1,4378,-26,4666,81.9,4692,26
875,08/13/26,The Mighty Geoducks,5,Chiefs,5,Division 2,Division 2,REG,08/13/26_The Mighty Geoducks_@_Chiefs,4038,26.3,4057,19,4216,73.7,4197,-19
876,08/13/26,Seattle Supernova,3,Falcons,7,Division 1,Division 1,REG,08/13/26_Seattle Supernova_@_Falcons,4161,37.1,4112,-49,4253,62.9,4301,48
877,08/13/26,Yetis,6,Piranhas,3,Division 5C,Division 5C,REG,08/13/26_Yetis_@_Piranhas,2865,31.7,2958,93,2998,68.3,2906,-92
878,08/13/26,Seattle Warriors,5,Icemen,2,Division 6A,Division 6A,REG,08/13/26_Seattle Warriors_@_Icemen,2506,43.0,2585,79,2555,57.0,2477,-78
879,08/13/26,Renegades,5,Reapers,1,Division 5B,Division 5B,REG,08/13/26_Renegades_@_Reapers,2643,24.8,2751,108,2835,75.2,2726,-109
880,08/13/26,Midnight Twist,0,Stingers,5,Division 5C,Division 5C,REG,08/13/26_Midnight Twist_@_Stingers,2628,9.8,2615,-13,3014,90.2,3027,13
881,08/13/26,Squids,0,Dirty Couch Hockey Club,8,Division 6A,Division 6A,REG,08/13/26_Squids_@_Dirty Couch Hockey Club,2296,7.3,2284,-12,2738,92.7,2749,11
882,08/16/26,BLU Bombers,2,Roughnecks Mobile Infantry,3,Division 7B,Division 7B,REG,08/16/26_BLU Bombers_@_Roughnecks Mobile Infantry,1935,59.2,1892,-43,1870,40.8,1912,42
883,08/16/26,Tropical Punchers,9,Gremlins Hockey,1,Division 9B,Division 9B,REG,08/16/26_Tropical Punchers_@_Gremlins Hockey,1104,46.4,1204,100,1129,53.6,1029,-100
884,08/16/26,Quacken,4,Iced Awesome,8,Division 7A,Division 7A,REG,08/16/26_Quacken_@_Iced Awesome,2169,91.8,2041,-128,1750,8.2,1878,128
885,08/16/26,Toe Dragons,1,Seattle Slapshots,4,Division 8B,Division 8B,REG,08/16/26_Toe Dragons_@_Seattle Slapshots,1674,46.2,1617,-57,1701,53.8,1758,57
886,08/16/26,Fighting Clams,2,Blackbirds,7,Division 9A,Division 9A,REG,08/16/26_Fighting Clams_@_Blackbirds,1234,8.3,1223,-11,1652,91.7,1663,11
887,08/16/26,Redrum,1,Rip-Its,9,Division 10B,Division 10B,REG,08/16/26_Redrum_@_Rip-Its,619,5.7,610,-9,1107,94.3,1116,9
888,08/16/26,Nordekes,3,Seattle Dogs,5,Division 7B,Division 7B,REG,08/16/26_Nordekes_@_Seattle Dogs,1984,73.5,1904,-80,1807,26.5,1887,80
889,08/16/26,Glow Sticks,3,Blackouts,7,Division 8A,Division 8A,REG,08/16/26_Glow Sticks_@_Blackouts,1738,50.9,1671,-67,1732,49.1,1800,68
890,08/16/26,Red Zeppelin,2,Rainier Reindeers HC-9,2,Division 9B,Division 9B,REG,08/16/26_Red Zeppelin_@_Rainier Reindeers HC-9,1030,16.8,1056,26,1308,83.2,1282,-26
891,08/16/26,Hungry Hatchlings,3,Pythons,5,Division 8B,Division 8B,REG,08/16/26_Hungry Hatchlings_@_Pythons,1543,13.0,1530,-13,1873,87.0,1886,13
892,08/16/26,Galactic Penguins,2,Maelstrom,3,Division 10B,Division 10B,REG,08/16/26_Galactic Penguins_@_Maelstrom,863,25.0,846,-17,1054,75.0,1071,17
893,08/16/26,Yacht Flippers,2,Khaos,6,Division 9A,Division 9A,REG,08/16/26_Yacht Flippers_@_Khaos,1330,11.6,1315,-15,1683,88.4,1697,14
894,08/16/26,Spittin'' Llamas,3,Pond Pigeons,6,Division 8A,Division 8A,REG,08/16/26_Spittin'' Llamas_@_Pond Pigeons,1813,62.9,1734,-79,1722,37.1,1801,79
895,08/16/26,The Axolotls,10,Mad Hat Tricks,0,Division 10B,Division 10B,REG,08/16/26_The Axolotls_@_Mad Hat Tricks,1281,82.2,1319,38,1015,17.8,977,-38
896,08/16/26,Orange Crush,2,Mighty Moose,3,Division 9A,Division 9A,REG,08/16/26_Orange Crush_@_Mighty Moose,1615,60.0,1572,-43,1544,40.0,1587,43
897,08/16/26,Purple Reign,1,SEA Cucumbers,3,Division 8B,Division 8B,REG,08/16/26_Purple Reign_@_SEA Cucumbers,1352,36.7,1314,-38,1447,63.3,1485,38
898,08/16/26,Lagooners,6,Seattle Seals,9,Division 7B,Division 7B,REG,08/16/26_Lagooners_@_Seattle Seals,1847,37.7,1801,-46,1934,62.3,1980,46
899,08/16/26,Banana Guardians,1,Ice Breakers,12,Division 10A,Division 10A,REG,08/16/26_Banana Guardians_@_Ice Breakers,729,2.9,723,-6,1338,97.1,1343,5
900,08/16/26,Fluffy Bunnies,7,Birrds,11,Division 7A,Division 7A,REG,08/16/26_Fluffy Bunnies_@_Birrds,2055,43.0,1999,-56,2104,57.0,2161,57
901,08/16/26,Doom Clouds/Golden Mules,2,Beer Dragons,5,Division 10A,Division 10A,REG,08/16/26_Doom Clouds/Golden Mules_@_Beer Dragons,941,32.4,901,-40,1068,67.6,1108,40
902,08/16/26,Trash Pandas Garbage Legacy,2,Real Bacon,6,Division 6D,Division 6D,REG,08/16/26_Trash Pandas Garbage Legacy_@_Real Bacon,2147,21.9,2118,-29,2368,78.1,2396,28
903,08/16/26,Jokres,2,Greenhorns,0,Division 6B,Division 6B,REG,08/16/26_Jokres_@_Greenhorns,2583,72.4,2617,34,2416,27.6,2382,-34
904,08/16/26,Trash Pandas 7/Coyotes,1,Wranglers,6,Division 6C,Division 6C,REG,08/16/26_Trash Pandas 7/Coyotes_@_Wranglers,2305,21.1,2276,-29,2535,78.9,2563,28
905,08/16/26,Seattle Freeze,4,Not Sure 6,5,Division 6D,Division 6D,OT,08/16/26_Seattle Freeze_@_Not Sure 6,2063,22.8,2048,-15,2276,77.2,2291,15
906,08/16/26,Hackers,0,TP6/Fossils,2,Division 6B,Division 6B,REG,08/16/26_Hackers_@_TP6/Fossils,2294,15.6,2278,-16,2587,84.4,2603,16
907,08/16/26,Raiders,2,Blades,5,Division 6C,Division 6C,REG,08/16/26_Raiders_@_Blades,2345,33.2,2305,-40,2466,66.8,2507,41
908,08/17/26,Ice-O-Topes,8,Seagulls,3,Division 5B,Division 5B,REG,08/17/26_Ice-O-Topes_@_Seagulls,2905,14.6,3035,130,3212,85.4,3082,-130
909,08/17/26,Seattle Warriors,3,Brewzers OGB,4,Division 6A,Division 6A,REG,08/17/26_Seattle Warriors_@_Brewzers OGB,2585,18.1,2572,-13,2847,81.9,2859,12
910,08/17/26,DevilFish,2,Skeletons,4,Division 4C,Division 4C,REG,08/17/26_DevilFish_@_Skeletons,3341,37.3,3302,-39,3431,62.7,3470,39
911,08/17/26,BSOD,6,Dumpster Fire,2,Division 5A,Division 5A,REG,08/17/26_BSOD_@_Dumpster Fire,3026,19.6,3142,116,3271,80.4,3156,-115
912,08/17/26,Yetis,5,Alpuckas,2,Division 5C,Division 5C,REG,08/17/26_Yetis_@_Alpuckas,2958,28.3,3055,97,3119,71.7,3022,-97
913,08/17/26,Renegades,4,Sockeyes,3,Division 5B,Division 5B,OT,08/17/26_Renegades_@_Sockeyes,2751,28.8,2806,55,2909,71.2,2854,-55
914,08/17/26,Dirty Couch Hockey Club,2,Honey Badgers,5,Division 6A,Division 6A,REG,08/17/26_Dirty Couch Hockey Club_@_Honey Badgers,2749,52.9,2683,-66,2729,47.1,2795,66
915,08/17/26,Wolves,8,Greasy Weasels,2,Division 4C,Division 4C,REG,08/17/26_Wolves_@_Greasy Weasels,3272,55.1,3348,76,3236,44.9,3160,-76
916,08/17/26,WKUTP-5,5,Dead Rabbits,2,Division 5A,Division 5A,REG,08/17/26_WKUTP-5_@_Dead Rabbits,2973,22.4,3078,105,3189,77.6,3084,-105
917,08/17/26,Stingers,3,Five Hole Fiends,4,Division 5C,Division 5C,REG,08/17/26_Stingers_@_Five Hole Fiends,3027,44.6,2996,-31,3065,55.4,3096,31
918,08/18/26,Los Tigres,2,LKI,3,Division 7A,Division 7A,REG,08/18/26_Los Tigres_@_LKI,2154,89.0,2088,-66,1791,11.0,1857,66
919,08/18/26,Flying Monkeys,1,PussyCats,2,Division 5D,Division 5D,REG,08/18/26_Flying Monkeys_@_PussyCats,2543,29.1,2523,-20,2698,70.9,2718,20
920,08/18/26,Monarchs 5,0,Black Katz,7,Division 5D,Division 5D,REG,08/18/26_Monarchs 5_@_Black Katz,2409,7.5,2397,-12,2846,92.5,2857,11
921,08/18/26,Wranglers,6,Barrel Aged Brewzers,3,Division 6C,Division 6C,REG,08/18/26_Wranglers_@_Barrel Aged Brewzers,2563,54.0,2627,64,2535,46.0,2471,-64
922,08/18/26,Jokres,3,Monarchs 6,1,Division 6B,Division 6B,REG,08/18/26_Jokres_@_Monarchs 6,2617,22.0,2707,90,2837,78.0,2747,-90
923,08/18/26,Blades,1,Mudflaps,0,Division 6C,Division 6C,REG,08/18/26_Blades_@_Mudflaps,2507,31.0,2560,53,2645,69.0,2592,-53
924,08/18/26,TP6/Fossils,3,Rainier Reindeer HC-6,2,Division 6B,Division 6B,SO,08/18/26_TP6/Fossils_@_Rainier Reindeer HC-6,2603,53.0,2640,37,2582,47.0,2545,-37
925,08/19/26,Night Owls,6,Steelhead,5,Division 4A,Division 4A,SO,08/19/26_Night Owls_@_Steelhead,3302,26.6,3359,57,3478,73.4,3422,-56
926,08/19/26,Sabercats,2,Sasquatch,3,Division 3B,Division 3B,REG,08/19/26_Sabercats_@_Sasquatch,3672,34.9,3648,-24,3781,65.1,3805,24
927,08/19/26,Rhinos,7,Puckbuddies,3,Division 3A,Division 3A,REG,08/19/26_Rhinos_@_Puckbuddies,3979,73.5,4020,41,3802,26.5,3762,-40
928,08/19/26,Hooligans,1,Kraken Up,4,Division 4B,Division 4B,REG,08/19/26_Hooligans_@_Kraken Up,3170,30.7,3133,-37,3311,69.3,3349,38
929,08/19/26,Maple Bars,2,Buck Wild,5,Division 4A,Division 4A,REG,08/19/26_Maple Bars_@_Buck Wild,3394,40.9,3344,-50,3458,59.1,3508,50
930,08/19/26,Coconut Corgis,2,Shockers,3,Division 3B,Division 3B,SO,08/19/26_Coconut Corgis_@_Shockers,3392,21.4,3377,-15,3618,78.6,3633,15
931,08/19/26,MMHC,6,The Herd,11,Division 3A,Division 3A,REG,08/19/26_MMHC_@_The Herd,3773,36.1,3722,-51,3872,63.9,3922,50
932,08/19/26,Schilling Cider,2,Mighty Mallards,3,Division 4B,Division 4B,REG,08/19/26_Schilling Cider_@_Mighty Mallards,3244,28.1,3225,-19,3407,71.9,3427,20
933,08/20/26,Spicy Kittens HC-8,4,Seal Team Sticks,3,Division 8A,Division 8A,REG,08/20/26_Spicy Kittens HC-8_@_Seal Team Sticks,1572,55.0,1608,36,1538,45.0,1502,-36
934,08/20/26,Spicy Kittens HC-9,3,Purple Puck Eaters,8,Division 9B,Division 9B,REG,08/20/26_Spicy Kittens HC-9_@_Purple Puck Eaters,1121,42.3,1062,-59,1175,57.7,1234,59
935,08/20/26,Seattle Supernova,2,Falcons,10,Division 1,Division 1,REG,08/20/26_Seattle Supernova_@_Falcons,4112,25.2,4071,-41,4301,74.8,4342,41
936,08/20/26,Fighting Narwhals,1,Northwest Crabs,5,Division 2,Division 2,REG,08/20/26_Fighting Narwhals_@_Northwest Crabs,3979,5.0,3972,-7,4491,95.0,4497,6
937,08/20/26,ESB,1,NW Stars,3,Division 1,Division 1,REG,08/20/26_ESB_@_NW Stars,4157,21.9,4135,-22,4378,78.1,4400,22
938,08/20/26,Red Dog,1,Mavericks,5,Division 2,Division 2,REG,08/20/26_Red Dog_@_Mavericks,4007,33.6,3963,-44,4126,66.4,4169,43
939,08/20/26,Pheasants,2,Chiefs,7,Division 2,Division 2,REG,08/20/26_Pheasants_@_Chiefs,3938,18.4,3913,-25,4197,81.6,4222,25
940,08/20/26,The Mighty Geoducks,1,The Brigade,5,Division 2,Division 2,REG,08/20/26_The Mighty Geoducks_@_The Brigade,4057,25.8,4024,-33,4241,74.2,4274,33
941,08/23/26,LKI,3,Fluffy Bunnies,7,Division 7A,Division 7A,REG,08/23/26_LKI_@_Fluffy Bunnies,1857,30.6,1817,-40,1999,69.4,2038,39
942,08/23/26,BLU Bombers,1,Roughnecks Mobile Infantry,0,Division 7B,Division 7B,REG,08/23/26_BLU Bombers_@_Roughnecks Mobile Infantry,1892,47.1,1934,42,1912,52.9,1870,-42
943,08/23/26,Glow Sticks,2,Spicy Kittens HC-8,4,Division 8A,Division 8A,REG,08/23/26_Glow Sticks_@_Spicy Kittens HC-8,1671,58.9,1608,-63,1608,41.1,1672,64
944,08/23/26,Hungry Hatchlings,0,SEA Cucumbers,5,Division 8B,Division 8B,REG,08/23/26_Hungry Hatchlings_@_SEA Cucumbers,1530,56.3,1449,-81,1485,43.7,1566,81
945,08/23/26,Yacht Flippers,1,Blackbirds,3,Division 9A,Division 9A,REG,08/23/26_Yacht Flippers_@_Blackbirds,1315,11.9,1303,-12,1663,88.1,1675,12
946,08/23/26,Red Zeppelin,8,Spicy Kittens HC-9,4,Division 9B,Division 9B,REG,08/23/26_Red Zeppelin_@_Spicy Kittens HC-9,1056,49.1,1131,75,1062,50.9,986,-76
947,08/23/26,Banana Guardians,1,Ice Breakers,6,Division 10A,Division 10A,REG,08/23/26_Banana Guardians_@_Ice Breakers,723,2.7,720,-3,1343,97.3,1347,4
948,08/23/26,Galactic Penguins,7,Mad Hat Tricks,1,Division 10B,Division 10B,REG,08/23/26_Galactic Penguins_@_Mad Hat Tricks,846,32.0,958,112,977,68.0,865,-112
949,08/23/26,Iced Awesome,4,Los Tigres,5,Division 7A,Division 7A,REG,08/23/26_Iced Awesome_@_Los Tigres,1878,23.0,1863,-15,2088,77.0,2104,16
950,08/23/26,Seattle Seals,6,Lagooners,3,Division 7B,Division 7B,REG,08/23/26_Seattle Seals_@_Lagooners,1980,73.7,2018,38,1801,26.3,1764,-37
951,08/23/26,Seal Team Sticks,2,Pond Pigeons,3,Division 8A,Division 8A,REG,08/23/26_Seal Team Sticks_@_Pond Pigeons,1502,15.2,1492,-10,1801,84.8,1811,10
952,08/23/26,Purple Reign,3,Toe Dragons,2,Division 8B,Division 8B,SO,08/23/26_Purple Reign_@_Toe Dragons,1314,14.8,1379,65,1617,85.2,1552,-65
953,08/23/26,Fighting Clams,4,Orange Crush,6,Division 9A,Division 9A,REG,08/23/26_Fighting Clams_@_Orange Crush,1223,11.9,1211,-12,1572,88.1,1584,12
954,08/23/26,Gremlins Hockey,1,Tropical Punchers,7,Division 9B,Division 9B,REG,08/23/26_Gremlins Hockey_@_Tropical Punchers,1029,26.7,990,-39,1204,73.3,1243,39
955,08/23/26,Doom Clouds/Golden Mules,4,Beer Dragons,3,Division 10A,Division 10A,SO,08/23/26_Doom Clouds/Golden Mules_@_Beer Dragons,901,23.4,960,59,1108,76.6,1049,-59
956,08/23/26,Redrum,1,Rip-Its,3,Division 10B,Division 10B,REG,08/23/26_Redrum_@_Rip-Its,610,5.2,605,-5,1116,94.8,1121,5
957,08/23/26,PussyCats,1,The Seals,9,Division 5D,Division 5D,REG,08/23/26_PussyCats_@_The Seals,2718,10.6,2701,-17,3088,89.4,3106,18
958,08/23/26,Real Bacon,0,Hampton West Hockey Club,3,Division 6D,Division 6D,REG,08/23/26_Real Bacon_@_Hampton West Hockey Club,2396,41.6,2345,-51,2455,58.4,2506,51
959,08/23/26,Black Katz,1,Highlanders,3,Division 5D,Division 5D,REG,08/23/26_Black Katz_@_Highlanders,2857,63.5,2789,-68,2761,36.5,2829,68
960,08/23/26,Not Sure 6,4,Chucklepucks,3,Division 6D,Division 6D,REG,08/23/26_Not Sure 6_@_Chucklepucks,2291,27.4,2347,56,2460,72.6,2404,-56
961,08/23/26,Blades,1,Wranglers,4,Division 6C,Division 6C,REG,08/23/26_Blades_@_Wranglers,2560,40.4,2511,-49,2627,59.6,2677,50
962,08/23/26,Honey Badgers,5,Brewzers OGB,6,Division 6A,Division 6A,SO,08/23/26_Honey Badgers_@_Brewzers OGB,2795,40.8,2766,-29,2859,59.2,2888,29
963,08/23/26,TP6/Fossils,1,Jokres,6,Division 6B,Division 6B,REG,08/23/26_TP6/Fossils_@_Jokres,2640,40.5,2583,-57,2707,59.5,2763,56
964,08/24/26,Kraken Up,3,LLUA,4,Division 4B,Division 4B,OT,08/24/26_Kraken Up_@_LLUA,3349,31.3,3327,-22,3485,68.7,3506,21
965,08/24/26,Mighty Mallards,3,Edible Arrangements,5,Division 4B,Division 4B,REG,08/24/26_Mighty Mallards_@_Edible Arrangements,3427,63.7,3358,-69,3329,36.3,3398,69
966,08/24/26,Renegades,1,Ice-O-Topes,3,Division 5B,Division 5B,REG,08/24/26_Renegades_@_Ice-O-Topes,2806,21.1,2785,-21,3035,78.9,3057,22
967,08/24/26,Wolves,1,Skeletons,7,Division 4C,Division 4C,REG,08/24/26_Wolves_@_Skeletons,3348,33.1,3299,-49,3470,66.9,3519,49
968,08/24/26,Five Hole Fiends,3,Yetis,1,Division 5C,Division 5C,REG,08/24/26_Five Hole Fiends_@_Yetis,3096,55.9,3149,53,3055,44.1,3002,-53
969,08/24/26,WKUTP-5,0,BSOD,1,Division 5A,Division 5A,REG,08/24/26_WKUTP-5_@_BSOD,3078,40.9,3049,-29,3142,59.1,3171,29
970,08/25/26,Rhinos,1,Boozin Cougs,0,Division 3A,Division 3A,REG,08/25/26_Rhinos_@_Boozin Cougs,4020,51.4,4058,38,4010,48.6,3971,-39
971,08/25/26,Fluffy Bunnies,4,Quacken,0,Division 7A,Division 7A,REG,08/25/26_Fluffy Bunnies_@_Quacken,2038,49.6,2113,75,2041,50.4,1966,-75
972,08/25/26,BLU Bombers,5,Nordekes,3,Division 7B,Division 7B,REG,08/25/26_BLU Bombers_@_Nordekes,1934,54.3,1989,55,1904,45.7,1850,-54
973,08/25/26,Falcons,6,Minner''s Minions,5,Division 1,Division 1,REG,08/25/26_Falcons_@_Minner''s Minions,4342,11.8,4409,67,4692,88.2,4625,-67
974,08/25/26,Night Owls,2,Screaming Eagles,3,Division 4A,Division 4A,REG,08/25/26_Night Owls_@_Screaming Eagles,3359,18.5,3346,-13,3617,81.5,3629,12
975,08/25/26,Sasquatch,3,Goal Diggers,1,Division 3B,Division 3B,REG,08/25/26_Sasquatch_@_Goal Diggers,3805,53.5,3860,55,3781,46.5,3725,-56
976,08/25/26,The Herd,9,Eagles,8,Division 3A,Division 3A,REG,08/25/26_The Herd_@_Eagles,3922,18.2,3985,63,4183,81.8,4120,-63
977,08/25/26,Buck Wild,4,Skateful Dead,0,Division 4A,Division 4A,REG,08/25/26_Buck Wild_@_Skateful Dead,3508,52.3,3579,71,3492,47.7,3421,-71
978,08/25/26,Los Tigres,1,Birrds,4,Division 7A,Division 7A,REG,08/25/26_Los Tigres_@_Birrds,2104,41.9,2053,-51,2161,58.1,2212,51
979,08/25/26,NW Stars,0,ALTP,3,Division 1,Division 1,REG,08/25/26_NW Stars_@_ALTP,4400,40.4,4351,-49,4468,59.6,4517,49
980,08/25/26,Shockers,3,Chinooks,1,Division 3B,Division 3B,REG,08/25/26_Shockers_@_Chinooks,3633,69.8,3669,36,3487,30.2,3450,-37
981,08/25/26,Mavericks,3,Northwest Crabs,4,Division 2,Division 2,OT,08/25/26_Mavericks_@_Northwest Crabs,4169,13.2,4160,-9,4497,86.8,4506,9
982,08/25/26,The Brigade,4,Chiefs,3,Division 2,Division 2,REG,08/25/26_The Brigade_@_Chiefs,4274,57.4,4308,34,4222,42.6,4188,-34
983,08/26/26,Spicy Kittens HC-8,2,Blackouts,1,Division 8A,Division 8A,REG,08/26/26_Spicy Kittens HC-8_@_Blackouts,1672,32.4,1724,52,1800,67.6,1747,-53
984,08/26/26,Red Zeppelin,2,Rainier Reindeers HC-9,5,Division 9B,Division 9B,REG,08/26/26_Red Zeppelin_@_Rainier Reindeers HC-9,1131,29.6,1096,-35,1282,70.4,1318,36
985,08/26/26,SEA Cucumbers,0,Pythons,4,Division 8B,Division 8B,REG,08/26/26_SEA Cucumbers_@_Pythons,1566,13.7,1548,-18,1886,86.3,1903,17
986,08/26/26,Blackbirds,3,Khaos,4,Division 9A,Division 9A,REG,08/26/26_Blackbirds_@_Khaos,1675,46.9,1642,-33,1697,53.1,1730,33
987,08/26/26,Galactic Penguins,2,The Axolotls,1,Division 10B,Division 10B,REG,08/26/26_Galactic Penguins_@_The Axolotls,958,11.1,1026,68,1319,88.9,1252,-67
988,08/26/26,Seattle Seals,4,Seattle Dogs,2,Division 7B,Division 7B,REG,08/26/26_Seattle Seals_@_Seattle Dogs,2018,67.9,2057,39,1887,32.1,1849,-38
989,08/26/26,Orange Crush,4,Mighty Moose,1,Division 9A,Division 9A,REG,08/26/26_Orange Crush_@_Mighty Moose,1584,49.5,1653,69,1587,50.5,1517,-70
990,08/26/26,Tropical Punchers,5,Purple Puck Eaters,6,Division 9B,Division 9B,SO,08/26/26_Tropical Punchers_@_Purple Puck Eaters,1243,51.3,1207,-36,1234,48.7,1271,37
991,08/26/26,Pond Pigeons,6,Spittin'' Llamas,0,Division 8A,Division 8A,REG,08/26/26_Pond Pigeons_@_Spittin'' Llamas,1811,60.9,1878,67,1734,39.1,1668,-66
992,08/26/26,Rip-Its,8,Maelstrom,0,Division 10B,Division 10B,REG,08/26/26_Rip-Its_@_Maelstrom,1121,57.1,1202,81,1071,42.9,990,-81
993,08/26/26,Purple Reign,1,Seattle Slapshots,4,Division 8B,Division 8B,REG,08/26/26_Purple Reign_@_Seattle Slapshots,1379,10.1,1367,-12,1758,89.9,1770,12
994,08/27/26,Buck Wild,5,Screaming Eagles,4,Division 4A,Division 4A,SO,08/27/26_Buck Wild_@_Screaming Eagles,3579,42.8,3624,45,3629,57.2,3584,-45
995,08/27/26,Shockers,2,Sasquatch,3,Division 3B,Division 3B,REG,08/27/26_Shockers_@_Sasquatch,3669,25.0,3652,-17,3860,75.0,3877,17
996,08/27/26,ALTP,9,Falcons,6,Division 1,Division 1,REG,08/27/26_ALTP_@_Falcons,4517,65.0,4566,49,4409,35.0,4360,-49
997,08/27/26,The Herd,1,Rhinos,7,Division 3A,Division 3A,REG,08/27/26_The Herd_@_Rhinos,3985,39.6,3926,-59,4058,60.4,4117,59
998,08/27/26,Edible Arrangements,0,LLUA,3,Division 4B,Division 4B,REG,08/27/26_Edible Arrangements_@_LLUA,3398,34.9,3356,-42,3506,65.1,3549,43
999,08/27/26,The Brigade,3,Northwest Crabs,4,Division 2,Division 2,SO,08/27/26_The Brigade_@_Northwest Crabs,4308,24.2,4291,-17,4506,75.8,4523,17
1000,08/30/26,Doom Clouds/Golden Mules,0,Ice Breakers,7,Division 10A,Division 10A,REG,08/30/26_Doom Clouds/Golden Mules_@_Ice Breakers,960,9.7,946,-14,1347,90.3,1362,15
1001,08/30/26,Highlanders,0,The Seals,3,Division 5D,Division 5D,REG,08/30/26_Highlanders_@_The Seals,2829,16.9,2809,-20,3106,83.1,3126,20
1002,08/30/26,Orange Crush,2,Khaos,5,Division 9A,Division 9A,REG,08/30/26_Orange Crush_@_Khaos,1653,39.1,1606,-47,1730,60.9,1778,48
1003,08/30/26,Purple Puck Eaters,3,Rainier Reindeers HC-9,4,Division 9B,Division 9B,REG,08/30/26_Purple Puck Eaters_@_Rainier Reindeers HC-9,1271,43.3,1240,-31,1318,56.7,1348,30
1004,08/30/26,Rip-Its,3,Galactic Penguins,1,Division 10B,Division 10B,REG,08/30/26_Rip-Its_@_Galactic Penguins,1202,73.4,1235,33,1026,26.6,994,-32
1005,08/30/26,Seattle Seals,4,BLU Bombers,2,Division 7B,Division 7B,REG,08/30/26_Seattle Seals_@_BLU Bombers,2057,59.7,2105,48,1989,40.3,1940,-49
1006,08/30/26,Birrds,1,Fluffy Bunnies,4,Division 7A,Division 7A,REG,08/30/26_Birrds_@_Fluffy Bunnies,2212,63.9,2132,-80,2113,36.1,2194,81
1007,08/30/26,Seattle Slapshots,2,Pythons,1,Division 8B,Division 8B,OT,08/30/26_Seattle Slapshots_@_Pythons,1770,31.7,1823,53,1903,68.3,1850,-53
1008,08/30/26,Not Sure 6,1,Hampton West Hockey Club,3,Division 6D,Division 6D,REG,08/30/26_Not Sure 6_@_Hampton West Hockey Club,2347,28.7,2318,-29,2506,71.3,2535,29
1009,08/30/26,Pond Pigeons,1,Spicy Kittens HC-8,2,Division 8A,Division 8A,SO,08/30/26_Pond Pigeons_@_Spicy Kittens HC-8,1878,70.8,1826,-52,1724,29.2,1775,51
